date,GBPUSD,USDJPY,USDCAD,AUDUSD,NZDUSD,GBPCHF,CHFJPY,AUDCHF,NZDCHF,EURGBP,GBPAUD,EURJPY,EURCAD,EURAUD,CADJPY,NZDJPY,AUDCAD,empty,sum
2018.09.03,-55.000000000005045,-49.99999999999716,89.99999999999008,14.999999999998348,22.999999999995246,-32.999999999994145,124.00000000000944,28.000000000005798,50.0000000000056,29.000000000001247,-76.99999999999375,-40.000000000020464,92.00000000000318,89.00000000000574,87.0000000000033,16.999999999995907,107.00000000000153,,496.00000000000483
2018.09.03,-58.99999999998684,-40.99999999999682,114.99999999999844,-9.00000000000345,-29.000000000001247,-15.999999999993797,144.00000000000546,26.000000000003798,21.999999999999797,36.999999999998145,14.000000000002899,-60.000000000002274,112.000000000001,22.999999999995246,102.00000000000387,-40.00000000000625,100.00000000000009,,441.0000000000181
2018.09.03,-107.99999999999699,-87.99999999999386,197.99999999998707,-12.999999999996348,-55.000000000005045,-79.99999999999119,225.00000000000853,9.00000000000345,-10.999999999994348,17.999999999995797,-78.99999999998464,-140.00000000001478,184.00000000000637,75.00000000000284,194.00000000000261,-99.99999999999432,148.99999999999915,,378.0000000000343
2018.09.03,-107.99999999999699,-126.99999999999534,129.99999999998568,22.999999999995246,29.999999999996696,-106.99999999999044,257.000000000005,29.000000000001247,60.99999999999994,9.999999999998899,-185.99999999999727,-173.00000000000182,120.99999999999334,150.00000000000568,186.9999999999976,-28.999999999996362,148.99999999999915,,417.0000000000003
2018.09.03,-100.99999999999554,-93.99999999999409,114.99999999999844,48.99999999999905,106.99999999999044,-99.99999999998899,231.99999999999932,60.00000000000449,136.00000000000279,5.999999999994898,-241.99999999998667,-114.00000000000432,123.99999999999079,187.00000000000384,155.00000000000114,75.9999999999934,173.9999999999964,,770.0000000000053
2018.09.03,-68.99999999998573,-87.99999999999386,121.99999999999989,7.0000000000014495,79.99999999999119,-72.99999999998974,210.00000000000796,16.0000000000049,107.00000000000153,43.999999999999595,-86.99999999999264,-131.00000000000023,106.00000000000608,121.00000000001555,153.99999999999636,49.99999999999716,124.00000000000189,,693.0000000000614
2018.09.03,-139.00000000000023,-28.999999999996362,149.9999999999835,19.00000000000235,90.0000000000012,-139.00000000000023,150.00000000000568,26.000000000003798,117.00000000000044,20.999999999993246,-212.99999999999653,-98.00000000001319,99.00000000000463,191.00000000000784,126.99999999999534,100.99999999999909,158.99999999999804,,631.9999999999886
2018.09.03,-89.00000000000574,61.99999999999761,82.99999999998863,53.999999999998494,147.99999999999258,-115.99999999998278,36.000000000001364,46.00000000000159,163.00000000000205,20.999999999993246,-229.99999999999687,60.99999999997863,79.99999999999119,205.00000000001074,16.000000000005343,225.9999999999991,156.00000000000057,,921.9999999999757
2018.09.03,-72.0000000000054,79.00000000000773,60.99999999999994,44.99999999999504,129.00000000000134,-100.99999999999554,19.000000000005457,46.00000000000159,143.00000000000423,27.999999999994696,-160.00000000000458,85.99999999998431,66.00000000001049,158.0000000000137,-12.000000000000455,216.99999999999875,131.00000000000333,,863.0000000000146
2018.09.03,-89.00000000000574,31.00000000000591,104.99999999999955,92.99999999999864,183.99999999999528,-153.9999999999875,35.0000000000108,63.00000000000195,175.99999999999838,19.999999999997797,-333.9999999999899,23.999999999972488,109.00000000000354,295.0000000000008,54.000000000002046,245.9999999999951,224.9999999999974,,1082.9999999999966
2018.09.03,-124.99999999999733,128.0000000000001,120.99999999999334,126.0000000000039,145.9999999999906,-147.99999999999258,-30.000000000001137,119.00000000000244,160.00000000000458,26.000000000003798,-469.99999999999267,96.99999999997999,79.00000000000685,418.0000000000073,-9.000000000000341,265.00000000000057,278.00000000000045,,1181.0000000000098
2018.09.03,-102.00000000000209,150.99999999999625,137.9999999999937,58.000000000002494,125.99999999999278,-146.99999999998602,-69.99999999999318,41.000000000002146,131.99999999999878,19.999999999997797,-265.0000000000041,151.9999999999868,130.0000000000079,234.00000000000088,-16.999999999995907,262.00000000000045,202.9999999999976,,1045.9999999999964
2018.09.03,-87.99999999999919,141.9999999999959,133.99999999998968,31.999999999998696,139.00000000000023,-161.99999999999548,-92.99999999998931,-4.000000000004,126.99999999999933,26.999999999999247,-176.99999999998272,143.99999999997704,136.00000000000279,168.0000000000126,-12.000000000000455,269.999999999996,166.99999999999494,,949.9999999999952
2018.09.03,-130.99999999999224,159.00000000000603,147.99999999999258,17.999999999995797,102.99999999999754,-188.9999999999947,-94.99999999999886,-7.9999999999968985,104.00000000000409,9.999999999998899,-197.00000000000273,146.99999999999136,123.99999999999079,156.00000000000057,-16.999999999995907,245.9999999999951,156.00000000000057,,733.9999999999919
2018.09.03,-131.99999999999878,159.9999999999966,151.9999999999966,-46.00000000000159,68.99999999999685,-168.99999999999693,-75.9999999999934,-58.000000000002494,78.00000000000028,43.00000000000415,-42.999999999993044,96.99999999997999,76.99999999999375,75.00000000000284,-13.00000000000523,203.99999999999352,78.00000000000028,,495.99999999997334
2018.09.03,-160.99999999998892,144.99999999999602,202.9999999999976,-24.000000000001798,78.00000000000028,-186.99999999998164,-51.00000000000193,-31.000000000003247,91.00000000000774,43.999999999999595,-141.99999999999767,50.99999999998772,90.99999999999665,165.9999999999995,30.000000000001137,203.99999999999352,141.00000000000225,,648.0000000000068
2018.09.03,-185.99999999999727,140.00000000000057,205.99999999999508,-68.99999999999685,34.99999999999615,-160.99999999998892,0.0,-44.99999999999504,77.00000000000485,66.99999999999484,-58.99999999998684,-17.00000000002433,29.00000000001235,138.0000000000159,36.000000000001364,150.99999999999625,82.99999999999974,,425.00000000002785
2018.09.03,-140.0000000000068,138.9999999999958,221.99999999998886,-87.00000000000374,20.999999999993246,-130.99999999999224,-12.999999999991019,-70.0000000000034,56.0000000000005,112.000000000001,51.000000000001044,-30.000000000001137,35.00000000000725,116.00000000000499,48.00000000000182,137.00000000000045,76.99999999999375,,542.9999999999905
2018.09.03,93.00000000000975,103.9999999999992,139.9999999999846,-36.0000000000027,39.999999999995595,23.00000000001745,-42.00000000000159,-59.99999999999339,34.000000000000696,217.0000000000005,242.00000000000887,9.999999999990905,32.0000000000098,126.0000000000039,21.000000000000796,131.00000000000023,80.99999999999774,,1156.0000000000223
2018.09.03,-11.00000000000545,141.9999999999959,153.9999999999875,4.999999999999449,47.9999999999925,-37.99999999998249,-42.00000000000159,1.0000000000065512,65.00000000000395,104.99999999999955,0.0,111.99999999999477,117.99999999999588,147.00000000000824,1.9999999999953388,167.99999999999216,146.99999999999713,,1122.9999999999793
2018.09.03,51.000000000001044,114.99999999999488,109.99999999998789,14.999999999998348,95.00000000000064,48.000000000003595,4.0000000000048885,24.000000000001798,121.99999999999989,119.99999999999788,58.000000000002494,120.9999999999809,110.99999999999443,121.99999999999989,-7.000000000005002,203.00000000000296,126.99999999999933,,1438.999999999966
2018.09.03,-39.999999999995595,84.00000000000318,231.99999999998778,-136.99999999999824,-18.0000000000069,-68.00000000000139,15.000000000000568,-136.99999999999824,1.0000000000065512,166.99999999999494,311.0000000000168,-75.00000000001705,65.00000000000395,-21.00000000000435,93.99999999999409,57.00000000000216,17.000000000000348,,546.9999999999886
2018.09.03,46.0000000000127,33.00000000000125,258.99999999998704,-200.99999999999562,-28.000000000005798,-19.999999999997797,42.00000000000159,-214.99999999999852,-22.999999999995246,234.00000000000088,583.0000000000002,-205.0000000000125,14.000000000002899,-76.99999999999375,152.9999999999916,10.99999999999568,-48.99999999999905,,556.9999999999956
2018.09.03,219.00000000001364,43.99999999999693,204.99999999998852,-234.00000000000088,12.999999999996348,83.00000000001084,-34.99999999999659,-288.9999999999948,-22.999999999995246,349.99999999999477,907.0000000000133,-127.00000000000955,25.999999999992696,-227.99999999998377,108.00000000000409,64.99999999999773,-129.9999999999968,,954.0000000000314
2018.09.03,368.00000000001273,54.000000000002046,246.99999999999721,-231.0000000000034,0.0,251.00000000000122,-22.999999999996135,-271.9999999999945,-22.999999999995246,398.9999999999938,1110.9999999999952,-35.00000000002501,170.00000000000347,-322.9999999999844,129.0000000000049,54.99999999999261,-97.9999999999981,,1779.0000000000068
2018.09.03,419.0000000000138,18.000000000000682,205.99999999999508,-167.00000000000603,64.99999999999284,312.00000000000114,24.00000000000091,-204.00000000000418,48.000000000003595,392.9999999999989,1018.0000000000077,-14.000000000010004,195.00000000001182,-255.00000000000523,131.00000000000023,103.9999999999992,-43.999999999999595,,2249.0000000000005
2018.09.03,313.00000000000773,-15.000000000000568,245.99999999999068,-173.9999999999964,54.999999999993946,234.00000000000088,79.9999999999983,-193.99999999999417,48.000000000003595,376.99999999999403,890.000000000013,-128.00000000001432,153.00000000000313,-175.99999999999838,179.00000000000205,72.00000000000273,-21.999999999999797,,1938.0000000000066
2018.09.03,265.0000000000041,-19.99999999999602,219.99999999999798,-224.000000000002,1.999999999990898,266.0000000000107,155.00000000000114,-202.0000000000022,40.00000000000669,419.00000000000273,950.0000000000064,-252.00000000000955,-15.00000000000945,-140.99999999999113,167.0000000000016,10.000000000005116,-106.00000000000608,,1534.0000000000107
2018.09.03,455.0000000000054,-48.00000000000182,153.9999999999875,-185.00000000000182,35.999999999991594,405.0000000000109,144.00000000000546,-190.00000000000128,50.0000000000056,539.0000000000006,1117.9999999999968,-263.00000000000523,-68.00000000000139,-85.99999999998609,144.99999999999602,28.999999999996362,-104.00000000000409,,2130.9999999999945
2018.09.03,446.9999999999974,-69.00000000000261,102.00000000000209,-167.00000000000603,69.9999999999923,320.00000000000915,91.99999999999875,-214.99999999999852,41.9999999999976,509.00000000000387,1059.00000000001,-255.00000000002387,-92.00000000000318,-78.00000000000028,126.99999999999534,54.99999999999261,-116.00000000000499,,1830.99999999996
2018.09.03,492.0000000000035,-108.00000000000409,107.99999999999699,-267.00000000000614,12.999999999996348,378.00000000001165,147.00000000000557,-303.9999999999932,-4.999999999999449,553.999999999999,1371.0000000000111,-321.0000000000264,-103.00000000000864,-285.00000000000193,161.00000000000136,-36.000000000001364,-245.0000000000063,,1549.9999999999782
2018.09.03,543.0000000000045,-66.0000000000025,49.99999999999449,-251.99999999999667,65.99999999999939,451.0000000000014,124.00000000000944,-276.9999999999939,57.00000000000705,541.9999999999981,1405.9999999999961,-199.00000000001228,-87.99999999999919,-337.99999999999386,90.99999999999397,52.99999999999727,-265.99999999999955,,1897.0000000000036
2018.09.03,414.00000000000324,-49.99999999999716,115.99999999998278,-317.0000000000006,61.999999999995396,379.0000000000182,165.00000000000625,-305.99999999999517,85.00000000000173,493.99999999999443,1383.000000000001,-243.99999999999977,-86.99999999999264,-407.99999999998613,123.00000000000466,57.00000000000216,-304.9999999999997,,1561.0000000000384
2018.09.03,364.9999999999931,-69.00000000000261,56.99999999999594,-272.00000000000557,108.99999999999244,360.0000000000048,204.9999999999983,-251.00000000000122,141.00000000000225,439.0000000000005,1207.0000000000025,-240.0000000000091,-120.00000000000898,-340.9999999999913,100.99999999999909,94.99999999999886,-285.9999999999974,,1499.9999999999714
2018.09.03,407.0000000000018,-57.00000000000216,-21.00000000000435,-255.00000000000523,86.99999999999264,436.9999999999985,227.00000000000387,-210.99999999999451,138.00000000000477,487.0000000000041,1225.0000000000093,-246.00000000000932,-236.99999999999832,-272.99999999998994,39.99999999999204,78.99999999999352,-319.99999999999807,,1506.999999999999
2018.09.03,296.0000000000074,33.00000000000125,-7.0000000000014495,-295.0000000000008,44.99999999999504,439.0000000000116,231.00000000000875,-190.00000000000128,152.00000000000767,529.0000000000017,1168.0000000000134,-316.0000000000025,-426.9999999999996,-143.99999999998857,-22.00000000000557,91.99999999999875,-363.0000000000022,,1221.0000000000437
2018.09.03,297.9999999999983,-1.0000000000047748,-131.99999999999878,-255.00000000000523,68.99999999999685,382.0000000000157,213.00000000000807,-185.00000000000182,146.00000000000168,492.0000000000035,1076.0000000000102,-297.00000000002547,-500.9999999999959,-129.00000000000134,-73.99999999999807,96.9999999999942,-400.00000000000034,,798.9999999999965
2018.09.03,390.0000000000015,-13.999999999995794,-234.00000000000088,-236.00000000000287,82.99999999999974,430.00000000001927,189.99999999999773,-187.9999999999993,141.00000000000225,529.9999999999972,1154.0000000000105,-280.00000000000114,-583.0000000000002,-129.00000000000134,-132.000000000005,102.99999999999443,-448.9999999999994,,776.0000000000166
2018.09.03,343.00000000000443,19.000000000005457,-246.99999999999721,-226.00000000000398,92.99999999999864,387.000000000004,159.00000000000603,-176.99999999999383,151.00000000000114,483.99999999999557,1065.0000000000048,-221.00000000000364,-577.0000000000052,-131.99999999999878,-167.0000000000016,135.99999999999568,-446.00000000000193,,644.0000000000094
2018.09.03,334.00000000001205,-42.00000000000159,-205.00000000001074,-219.00000000000253,92.99999999999864,364.00000000000875,210.99999999999852,-180.0000000000024,141.99999999999767,470.00000000000375,1044.0000000000005,-285.000000000025,-516.9999999999897,-133.99999999998968,-88.99999999999864,94.99999999999886,-407.0000000000018,,674.9999999999964
2018.09.03,428.00000000000614,-27.999999999991587,-205.00000000001074,-195.9999999999962,130.99999999999224,452.00000000000796,189.00000000000716,-161.99999999999548,174.00000000000747,542.9999999999935,1112.0000000000018,-284.00000000002024,-531.9999999999991,-60.99999999999994,-100.00000000000853,143.00000000000068,-378.00000000000057,,1225.999999999994
2018.09.03,419.9999999999982,-24.00000000000091,-209.00000000001472,-200.00000000000017,126.99999999999933,433.0000000000167,173.00000000000182,-170.99999999999892,165.9999999999995,546.000000000002,1110.000000000011,-284.00000000002024,-547.0000000000086,-56.99999999999594,-109.99999999999943,144.99999999999602,-387.000000000004,,1130.9999999999814
2018.09.03,397.0000000000029,-28.999999999996362,-187.00000000000384,-224.9999999999974,114.99999999999844,409.0000000000149,182.00000000000216,-190.00000000000128,150.00000000000568,531.0000000000036,1134.999999999997,-292.0000000000016,-524.9999999999977,-102.99999999998644,-93.00000000000352,118.99999999999977,-397.99999999999835,,996.0000000000382
2018.09.03,408.00000000000836,-45.99999999999227,-191.00000000000784,-212.99999999999653,134.0000000000008,447.0000000000196,209.00000000000318,-170.00000000000347,182.99999999999983,527.9999999999951,1149.0,-304.00000000000205,-514.9999999999987,-117.99999999999588,-78.00000000000296,137.00000000000045,-390.99999999999693,,1169.0000000000305
2018.09.03,412.9999999999967,-57.00000000000216,-194.0000000000053,-234.00000000000088,108.99999999999244,462.0000000000068,237.99999999999955,-181.9999999999933,175.00000000000293,525.9999999999932,1192.9999999999995,-313.0000000000166,-520.0000000000093,-153.00000000000313,-76.99999999999818,115.99999999999966,-422.00000000000017,,1079.9999999999616
2018.09.03,422.9999999999956,-48.00000000000182,-178.00000000001148,-241.99999999999778,106.99999999999044,483.0000000000112,236.0000000000042,-192.99999999999872,173.00000000000094,524.0000000000023,1229.9999999999977,-285.000000000025,-475.0000000000032,-192.99999999999872,-70.00000000000739,108.00000000000409,-418.0000000000073,,1181.9999999999554
2018.09.03,419.0000000000138,-57.999999999992724,-195.9999999999962,-234.99999999999633,112.99999999999643,465.0000000000043,212.0000000000033,-182.99999999999983,170.00000000000347,526.9999999999997,1218.000000000008,-306.0000000000116,-503.99999999999335,-177.99999999998929,-79.9999999999983,115.99999999999966,-422.00000000000017,,1078.0000000000502
2018.09.03,466.9999999999952,18.000000000000682,-165.00000000001512,-243.99999999999977,144.99999999999514,497.0000000000141,197.00000000000273,-154.99999999999403,204.00000000000418,539.999999999996,1276.0000000000105,-245.00000000000455,-475.0000000000032,-175.99999999999838,-149.0000000000009,224.99999999999432,-417.0000000000007,,1542.9999999999961
2018.09.04,456.9999999999963,16.000000000005343,-185.99999999999727,-245.0000000000063,145.9999999999906,497.99999999999847,161.00000000000136,-182.99999999999983,199.00000000000472,529.9999999999972,1256.999999999997,-259.00000000001455,-516.9999999999897,-165.9999999999995,-126.00000000000477,195.99999999999795,-417.0000000000007,,1360.9999999999761
2018.09.04,446.0000000000131,-19.99999999999602,-168.99999999999693,-229.99999999999687,148.99999999999915,516.0000000000053,177.99999999999727,-161.00000000000003,224.000000000002,519.9999999999983,1222.000000000012,-233.0000000000041,-442.9999999999934,-192.99999999999872,-94.0000000000083,179.00000000000205,-395.99999999999636,,1495.0000000000384
2018.09.04,435.0000000000076,-21.000000000000796,-172.0000000000166,-200.99999999999562,126.99999999999933,457.00000000001853,180.00000000000682,-163.00000000000205,173.00000000000094,531.9999999999991,1134.999999999997,-247.0000000000141,-465.0000000000043,-105.99999999998388,-88.99999999999864,146.0000000000008,-358.9999999999982,,1362.0000000000164
2018.09.04,419.9999999999982,-33.999999999991815,-157.00000000000713,-221.99999999999997,112.99999999999643,470.9999999999992,219.0000000000083,-168.00000000000148,175.99999999999838,531.0000000000036,1160.0000000000055,-280.00000000000114,-465.0000000000043,-127.99999999999478,-69.00000000000261,125.0,-373.00000000000114,,1319.0000000000052
2018.09.04,443.99999999999994,-24.00000000000091,-189.00000000001694,-212.00000000000108,108.99999999999244,480.00000000001376,198.99999999999807,-165.9999999999995,165.00000000000404,548.9999999999995,1165.000000000016,-261.0000000000241,-496.99999999999187,-112.000000000001,-96.00000000000364,125.0,-387.000000000004,,1291.999999999981
2018.09.04,461.0000000000003,-28.999999999996362,-200.00000000000017,-182.00000000000438,85.99999999999719,468.00000000000176,179.00000000000205,-153.99999999999858,126.99999999999933,541.0000000000026,1127.0000000000114,-239.00000000000432,-475.99999999998755,-80.99999999999774,-97.99999999999898,96.9999999999942,-353.99999999999875,,1273.0000000000223
2018.09.04,502.00000000000244,88.99999999999864,-317.0000000000117,-95.00000000000064,169.99999999999238,503.000000000009,51.00000000000193,-70.99999999999883,207.00000000000162,531.0000000000036,958.9999999999987,-51.00000000001614,-548.9999999999995,50.0000000000167,-263.00000000000523,268.0000000000007,-324.00000000000205,,1659.9999999999914
2018.09.04,541.0000000000136,-15.000000000000568,-314.00000000001427,-75.00000000000284,208.99999999999253,466.00000000001086,90.00000000000341,-92.99999999999864,207.00000000000162,515.9999999999942,961.0000000000118,-105.00000000001819,-470.9999999999992,15.00000000000945,-183.9999999999975,242.999999999995,-296.0000000000074,,1694.999999999994
2018.09.04,574.0000000000078,27.000000000001023,-350.00000000000585,-75.00000000000284,226.99999999999943,486.00000000000864,36.000000000001364,-98.99999999999353,219.99999999999798,500.9999999999959,1015.0000000000103,-6.000000000000227,-451.0000000000014,-55.99999999998939,-239.99999999999488,292.99999999999216,-322.00000000000006,,1780.0000000000264
2018.09.04,527.0000000000108,-84.00000000000318,-326.0000000000041,-82.99999999999974,190.99999999999673,428.00000000000614,140.00000000000057,-115.99999999999389,175.99999999999838,492.999999999999,966.0000000000002,-168.00000000000637,-463.9999999999977,-25.999999999992696,-138.9999999999958,177.99999999999727,-314.99999999999864,,1378.0000000000168
2018.09.04,548.9999999999995,-60.99999999999284,-374.0000000000077,-24.000000000001798,212.99999999999653,485.0000000000021,147.00000000000557,-37.99999999999359,218.00000000000708,492.999999999999,843.0000000000159,-118.00000000002342,-489.0000000000061,76.0000000000094,-186.00000000000705,218.00000000000352,-273.9999999999965,,1678.0000000000095
2018.09.04,567.0000000000064,-79.9999999999983,-390.0000000000015,-2.000000000002,222.99999999999542,478.0000000000006,143.00000000000068,-32.999999999994145,211.00000000000563,492.999999999999,818.0000000000076,-126.00000000000477,-493.99999999999443,113.00000000000753,-183.00000000000693,215.0000000000034,-256.0000000000007,,1697.0000000000232
2018.09.04,557.0000000000075,-69.00000000000261,-381.0000000000091,-19.999999999997797,196.99999999999162,480.00000000001376,143.00000000000068,-41.9999999999976,194.0000000000053,495.9999999999964,846.9999999999977,-128.00000000001432,-502.00000000000244,87.99999999999919,-186.00000000000705,194.00000000000261,-272.00000000000557,,1595.9999999999786
2018.09.04,547.999999999993,-54.99999999999261,-370.00000000000364,-36.0000000000027,185.99999999999727,476.0000000000098,132.000000000005,-54.999999999993946,186.00000000000838,498.9999999999939,878.000000000001,-122.0000000000141,-502.00000000000244,63.99999999999739,-189.00000000000716,194.00000000000261,-285.9999999999974,,1547.9999999999945
2018.09.04,527.0000000000108,-40.99999999999682,-374.0000000000077,-33.000000000005244,190.99999999999673,466.00000000001086,125.0,-34.99999999999615,192.00000000000327,497.99999999999847,900.0000000000119,-126.00000000000477,-527.9999999999951,60.99999999999994,-204.00000000000773,209.99999999999375,-285.9999999999974,,1543.0000000000155
2018.09.04,524.9999999999977,-87.0000000000033,-280.0000000000136,-338.00000000000495,156.99999999999602,467.0000000000174,177.99999999999727,-341.99999999999784,160.00000000000458,509.9999999999993,1591.000000000009,-198.0000000000075,-439.99999999999596,-563.9999999999867,-106.99999999999932,138.9999999999958,-616.0000000000055,,755.0000000000027
2018.09.04,465.0000000000043,-69.00000000000261,-175.00000000001404,-395.99999999999636,78.99999999999574,481.0000000000203,224.00000000000375,-358.0000000000028,123.00000000000644,503.99999999999335,1653.0000000000155,-228.00000000000864,-381.99999999999346,-627.9999999999841,-52.00000000000671,63.00000000000239,-616.0000000000055,,688.0000000000277
2018.09.04,564.000000000009,-149.0000000000009,-219.99999999999798,-382.00000000000455,115.99999999999389,528.0000000000174,260.0000000000051,-373.00000000000114,136.00000000000279,522.9999999999957,1758.000000000015,-254.0000000000191,-350.00000000000585,-686.9999999999932,-19.000000000005457,51.00000000000193,-631.9999999999992,,870.0000000000135
2018.09.04,697.0000000000143,-332.9999999999984,-340.00000000000693,-273.000000000001,258.9999999999981,448.000000000004,262.00000000000045,-380.999999999998,165.9999999999995,456.9999999999963,1662.000000000008,-242.00000000001864,-224.000000000002,-719.000000000003,42.999999999992156,88.99999999999864,-575.0000000000033,,995.9999999999803
2018.09.04,695.0000000000011,-316.99999999999307,-365.0000000000153,-151.00000000000114,328.9999999999904,424.00000000000216,224.00000000000375,-273.9999999999965,221.00000000000452,424.9999999999976,1358.999999999999,-173.00000000000182,-198.99999999999363,-507.9999999999973,16.000000000005343,176.9999999999925,-431.99999999999903,,1450.9999999999989
2018.09.04,666.9999999999953,-397.99999999999613,-495.000000000001,-114.99999999999844,330.9999999999924,367.0000000000062,283.00000000000125,-256.0000000000007,212.00000000000108,405.9999999999952,1235.0000000000084,-268.0000000000007,-347.9999999999928,-426.9999999999996,-7.999999999995566,126.99999999999534,-478.0000000000006,,835.0000000000098
2018.09.04,814.0000000000036,-399.9999999999915,-639.0000000000118,87.99999999999919,535.999999999992,334.00000000001205,121.00000000000932,-158.99999999999804,319.0000000000026,441.99999999999795,938.0000000000166,-177.00000000002092,-402.9999999999978,-92.99999999998754,-99.00000000000375,353.9999999999992,-316.0000000000052,,1660.0000000000157
2018.09.04,875.0000000000035,-457.9999999999984,-676.0000000000099,226.99999999999943,676.9999999999943,236.99999999999832,138.00000000000523,-48.99999999999905,435.0000000000076,451.0000000000014,511.000000000017,-219.0000000000225,-419.9999999999982,195.9999999999962,-79.00000000000773,471.9999999999942,-163.00000000000205,,2154.999999999979
2018.09.04,834.0000000000014,-390.99999999999113,-622.0000000000115,156.99999999999602,657.9999999999919,406.00000000001745,161.00000000000136,-61.999999999995396,465.0000000000043,422.9999999999956,792.0000000000149,-118.00000000002342,-326.0000000000041,5.000000000010552,-94.0000000000083,495.9999999999951,-214.99999999999852,,2568.9999999999964
2018.09.04,927.9999999999955,-337.99999999999386,-700.999999999996,137.9999999999937,622.9999999999958,386.00000000001967,0.0,-143.9999999999997,370.9999999999991,478.0000000000006,975.0000000000148,-38.000000000010914,-400.00000000000034,-60.99999999999994,-188.0000000000024,492.00000000000443,-296.0000000000074,,2225.000000000013
2018.09.04,977.0000000000057,-325.9999999999934,-777.0000000000055,168.00000000000148,692.9999999999992,335.00000000001864,-97.99999999999898,-166.99999999999494,392.00000000000347,459.99999999999375,965.0000000000158,53.999999999973625,-394.00000000000546,-87.99999999999919,-245.00000000000455,576.9999999999982,-307.99999999999716,,2218.000000000011
2018.09.04,973.0000000000016,-370.9999999999951,-815.0000000000101,146.99999999999713,695.9999999999966,312.00000000000114,-72.00000000000273,-202.0000000000022,384.00000000000654,424.9999999999976,1016.0000000000169,43.99999999998272,-385.99999999999744,-190.00000000000128,-234.99999999999943,551.0000000000019,-365.99999999999966,,1910.999999999994
2018.09.04,910.9999999999951,-371.9999999999999,-727.0000000000109,80.00000000000229,673.0000000000014,348.00000000001495,18.000000000000682,-212.00000000000108,412.00000000000125,441.0000000000025,1094.0000000000173,-43.00000000000637,-387.99999999998835,-234.99999999998522,-177.99999999999727,524.0000000000009,-390.0000000000015,,1956.000000000046
2018.09.04,910.0000000000108,-237.99999999999955,-788.0000000000109,88.99999999999464,648.9999999999995,392.9999999999989,-78.00000000000296,-178.99999999999582,412.00000000000125,419.00000000000273,1072.0000000000064,143.99999999997704,-419.9999999999982,-256.99999999999613,-319.0000000000026,585.9999999999985,-424.9999999999976,,1969.9999999999854
2018.09.04,808.0000000000088,-185.99999999999284,-894.000000000017,56.0000000000005,615.9999999999943,245.0000000000063,-173.00000000000182,-234.00000000000088,356.00000000000074,356.9999999999962,1000.0000000000009,188.99999999999295,-560.0000000000049,-302.9999999999866,-426.00000000000193,584.0000000000032,-539.0000000000006,,895.9999999999972
2018.09.04,778.000000000012,-218.00000000000352,-923.0000000000072,-4.999999999999449,613.9999999999924,192.00000000001438,-164.00000000000148,-307.99999999999716,340.00000000000693,385.000000000002,1117.0000000000125,82.99999999999841,-675.0000000000034,-356.9999999999851,-421.0000000000065,560.0000000000023,-641.0000000000027,,357.00000000003433
2018.09.04,758.9999999999985,-262.999999999991,-1022.9999999999961,51.99999999999649,620.9999999999937,161.00000000001114,-131.9999999999908,-261.0000000000001,341.99999999999784,341.0000000000024,955.0000000000169,76.99999999999818,-736.0000000000033,-287.9999999999994,-450.00000000000284,537.9999999999967,-640.0000000000073,,53.000000000021146
2018.09.04,734.0000000000124,-356.9999999999993,-1134.999999999997,139.99999999999568,675.9999999999989,30.0000000000189,-128.0000000000001,-232.99999999999432,340.00000000000693,241.99999999999778,695.0000000000011,78.99999999997931,-733.9999999999902,-229.99999999999687,-451.0000000000076,536.0000000000014,-604.0000000000045,,-399.99999999997766
2018.09.04,814.0000000000036,-179.00000000000205,-1222.000000000012,131.00000000000333,595.0000000000011,70.99999999999883,-369.99999999999034,-261.99999999999557,251.00000000000122,244.99999999999523,849.9999999999952,351.99999999997544,-747.9999999999931,-348.9999999999993,-653.0000000000058,563.0000000000024,-680.0000000000028,,-591.0000000000246
2018.09.04,941.0000000000141,-382.000000000005,-1201.0000000000077,117.99999999999588,657.9999999999919,84.0000000000174,-233.99999999999466,-336.9999999999984,248.00000000000378,317.0000000000006,1031.000000000004,149.99999999997726,-689.9999999999907,-407.99999999998613,-474.00000000000375,501.99999999999534,-680.0000000000028,,-356.99999999998875
2018.09.04,827.0,-283.00000000000125,-1056.0000000000125,76.99999999999375,687.9999999999998,90.00000000001229,-232.99999999998988,-312.9999999999966,336.9999999999984,341.0000000000024,978.9999999999966,120.9999999999809,-693.9999999999947,-312.9999999999855,-457.00000000000784,600.9999999999991,-631.0000000000038,,80.99999999999113
2018.09.04,916.0000000000057,-390.00000000000057,-1177.000000000006,149.99999999999457,698.9999999999941,60.000000000015596,-229.99999999998977,-307.99999999999716,287.0000000000039,395.99999999999636,924.9999999999981,3.9999999999906777,-822.9999999999959,-165.9999999999995,-451.9999999999982,540.9999999999968,-622.0000000000003,,-189.99999999999164
2018.09.04,822.9999999999959,-382.99999999999557,-1080.0000000000143,153.00000000000313,667.9999999999908,57.00000000001815,-158.00000000000125,-254.99999999999412,304.00000000000426,419.00000000000273,787.0000000000043,-111.00000000001842,-859.9999999999941,-4.000000000004,-394.999999999996,510.9999999999957,-548.0000000000041,,-72.00000000000682
2018.09.04,842.0000000000094,-328.9999999999935,-1134.999999999997,98.99999999999353,618.9999999999918,102.00000000000209,-188.0000000000024,-292.00000000000335,270.0000000000036,490.00000000000153,944.9999999999958,-134.00000000001455,-1024.0000000000027,-12.999999999996348,-472.0000000000084,492.00000000000443,-658.0000000000031,,-386.0000000000193
2018.09.04,612.9999999999969,-343.0000000000035,-1063.9999999999982,100.99999999999554,619.9999999999983,-51.000000000001044,-106.99999999999932,-248.99999999999923,306.00000000000625,378.00000000000057,624.0000000000023,-222.0000000000084,-1027.0000000000002,78.00000000000028,-415.9999999999968,484.99999999999943,-604.0000000000045,,-878.0000000000117
2018.09.04,553.0000000000035,-352.99999999999443,-987.0000000000045,70.0000000000034,610.9999999999949,-89.99999999999008,-82.99999999999841,-270.0000000000036,306.00000000000625,344.99999999999534,609.9999999999994,-242.00000000001864,-948.9999999999999,25.00000000000835,-358.0000000000041,468.9999999999941,-589.0000000000061,,-932.0000000000146
2018.09.04,571.9999999999948,-418.99999999999693,-992.0000000000151,92.00000000000318,617.0000000000009,-159.99999999998238,-95.99999999998943,-298.9999999999937,265.0000000000041,312.9999999999966,590.0000000000016,-253.00000000001432,-878.000000000001,-12.999999999996348,-310.0000000000023,432.00000000000216,-563.0000000000024,,-1101.9999999999905
2018.09.04,550.000000000006,-421.99999999999704,-992.0000000000151,90.99999999999665,595.0000000000011,-105.99999999998388,-22.999999999996135,-258.9999999999981,284.0000000000065,342.9999999999933,565.0000000000155,-326.0000000000218,-960.0000000000053,66.00000000001049,-310.0000000000023,405.00000000000114,-570.0000000000039,,-1068.9999999999932
2018.09.04,581.9999999999936,-423.9999999999924,-1029.0000000000132,100.99999999999554,598.999999999994,-98.99999999998244,-40.99999999999682,-261.0000000000001,272.00000000000557,358.9999999999982,578.9999999999961,-321.0000000000264,-990.000000000002,85.00000000000173,-329.9999999999983,408.00000000000125,-577.0000000000052,,-1087.000000000031
2018.09.04,621.0000000000049,-444.9999999999932,-1100.000000000012,119.99999999999788,622.0000000000003,-83.9999999999952,-45.99999999999227,-256.0000000000007,289.0000000000059,363.99999999999767,585.9999999999976,-310.0000000000023,-1034.0000000000016,90.99999999999665,-361.0000000000042,426.00000000000193,-604.0000000000045,,-1121.0000000000032
2018.09.04,578.9999999999961,-420.0000000000017,-1012.9999999999973,87.99999999999919,597.9999999999985,-60.99999999999994,-9.999999999990905,-251.00000000000122,297.9999999999983,402.00000000000233,608.0000000000085,-374.00000000002365,-1045.000000000007,124.99999999999733,-328.00000000000296,414.99999999999204,-585.0000000000022,,-974.0000000000344
2018.09.04,594.0000000000057,-387.999999999991,-1086.000000000009,112.000000000001,624.9999999999977,-26.999999999999247,-27.999999999991587,-219.00000000000253,336.00000000000296,390.99999999999693,573.0000000000013,-311.00000000000705,-1097.999999999999,144.0000000000108,-397.00000000000557,462.99999999999386,-607.9999999999974,,-923.9999999999924
2018.09.04,602.0000000000136,-304.9999999999926,-1131.9999999999998,143.00000000000423,566.9999999999953,-35.999999999991594,-42.999999999992156,-190.00000000000128,324.9999999999975,371.99999999999454,652.0000000000082,-203.00000000000296,-1116.9999999999902,80.00000000001339,-448.99999999999807,460.9999999999985,-580.9999999999982,,-853.9999999999415
2018.09.05,600.0000000000006,-396.0000000000008,-1021.0000000000052,129.9999999999968,610.9999999999949,14.000000000002899,-30.9999999999917,-185.00000000000182,322.00000000000006,380.00000000000256,615.00000000001,-307.00000000001637,-1004.9999999999892,95.00000000000064,-361.0000000000042,445.99999999999795,-553.999999999999,,-647.0000000000019
2018.09.05,604.0000000000045,-384.00000000000034,-1053.000000000015,95.00000000000064,584.9999999999911,16.000000000016,-27.999999999991587,-220.99999999999343,302.0000000000023,370.9999999999991,643.0000000000158,-274.0000000000009,-1025.9999999999936,68.00000000000139,-385.9999999999957,423.0000000000018,-614.0000000000034,,-878.9999999999613
2018.09.05,573.0000000000013,-435.0000000000023,-1021.0000000000052,83.9999999999952,600.0000000000006,-13.999999999980695,51.00000000000193,-226.00000000000398,324.00000000000205,373.99999999999653,614.0000000000034,-362.99999999999955,-1014.9999999999882,86.0000000000083,-323.99999999999807,402.9999999999916,-597.0000000000031,,-885.9999999999801
2018.09.05,575.0000000000144,-408.00000000000125,-1032.0000000000107,95.99999999999609,648.9999999999995,-24.000000000001798,11.00000000000989,-221.99999999999997,365.0000000000042,375.9999999999986,585.0000000000133,-333.00000000002683,-1036.999999999999,111.00000000001664,-350.0000000000085,472.999999999999,-587.9999999999997,,-752.9999999999961
2018.09.05,571.0000000000103,-420.0000000000017,-1007.0000000000024,56.99999999999594,657.9999999999919,-14.999999999987246,39.00000000000148,-248.99999999999923,382.00000000000455,390.0000000000015,676.0000000000099,-371.0000000000093,-1029.9999999999975,51.000000000001044,-319.0000000000026,475.9999999999991,-619.9999999999983,,-730.9999999999826
2018.09.05,570.0000000000039,-408.9999999999918,-992.9999999999994,46.999999999997044,639.0000000000007,-8.999999999992347,33.00000000000125,-258.9999999999981,365.99999999999966,403.99999999999324,700.0000000000117,-381.0000000000002,-1039.9999999999966,60.000000000015596,-320.99999999999795,460.9999999999985,-626.0000000000043,,-757.9999999999593
2018.09.05,585.0000000000133,-391.9999999999959,-988.0000000000111,58.99999999999794,625.9999999999932,14.000000000002899,21.000000000000796,-239.99999999999577,358.0000000000028,404.99999999999983,689.0000000000063,-341.0000000000082,-1009.9999999999998,60.000000000015596,-329.9999999999983,459.99999999999375,-602.999999999998,,-626.9999999999808
2018.09.05,614.0000000000034,-581.9999999999936,-1012.0000000000128,109.99999999999899,747.9999999999931,19.00000000001345,198.99999999999807,-202.0000000000022,465.9999999999998,422.00000000000017,599.0000000000161,-559.0000000000259,-1041.000000000003,177.00000000000495,-201.99999999999818,471.00000000000364,-553.999999999999,,-327.0000000000031
2018.09.05,517.9999999999962,-566.0000000000025,-982.0000000000161,36.0000000000027,668.9999999999974,-24.000000000001798,227.00000000000387,-239.99999999999577,414.00000000000324,439.0000000000005,687.9999999999998,-661.0000000000014,-1147.000000000009,133.00000000000534,-195.0000000000074,394.999999999996,-629.0000000000018,,-925.0000000000306
2018.09.05,509.00000000000387,-507.99999999999557,-960.0000000000053,-150.00000000000568,631.9999999999992,-17.999999999984695,185.00000000000227,-415.99999999999415,386.0000000000086,436.9999999999985,1102.000000000003,-598.0000000000132,-1126.999999999989,-248.99999999998812,-225.9999999999991,390.00000000000057,-856.9999999999967,,-1467.9999999999557
2018.09.05,469.0000000000083,-518.0000000000007,-904.0000000000159,-239.99999999999577,525.9999999999932,-7.0000000000014495,240.99999999999966,-480.0000000000027,307.0000000000017,466.9999999999952,1272.0000000000064,-697.0000000000027,-1160.9999999999898,-347.9999999999928,-180.00000000000682,263.9999999999958,-939.0000000000009,,-1928.0000000000095
2018.09.05,462.0000000000068,-450.9999999999934,-941.9999999999984,-189.00000000000583,561.0000000000003,0.0,179.00000000000205,-422.9999999999956,347.0000000000084,468.00000000000176,1139.0000000000011,-625.0,-1214.0000000000039,-224.000000000002,-257.000000000005,347.999999999999,-897.0000000000033,,-1717.999999999988
2018.09.05,539.0000000000006,-489.0000000000043,-995.0000000000125,-43.00000000000415,661.9999999999959,-13.999999999980695,138.00000000000523,-331.0000000000035,401.00000000000693,458.9999999999983,880.0000000000141,-581.0000000000173,-1171.9999999999952,-7.999999999985796,-262.00000000000045,435.0000000000023,-744.0000000000002,,-1124.999999999981
2018.09.05,537.0000000000097,-480.000000000004,-992.0000000000151,-78.00000000000028,615.9999999999943,-11.999999999989797,138.00000000000523,-363.99999999999767,358.9999999999982,454.9999999999943,967.0000000000067,-568.000000000012,-1164.9999999999939,-89.99999999999008,-266.00000000000534,388.9999999999958,-789.0000000000064,,-1343.0000000000105
2018.09.05,558.0000000000141,-492.999999999995,-1009.0000000000155,-34.99999999999615,605.9999999999955,12.000000000012001,151.00000000001046,-319.99999999999807,347.0000000000084,458.9999999999983,893.0000000000105,-565.0000000000261,-1163.000000000003,-19.999999999997797,-266.9999999999959,365.99999999999966,-745.0000000000068,,-1224.9999999999854
2018.09.05,548.9999999999995,-489.9999999999949,-1027.0000000000002,-6.0000000000060005,573.0000000000013,9.999999999998899,157.0000000000107,-285.00000000000193,322.00000000000006,449.9999999999948,798.0000000000098,-557.0000000000164,-1184.0000000000073,52.000000000007596,-281.9999999999965,335.9999999999985,-717.000000000001,,-1301.0000000000032
2018.09.05,561.9999999999958,-436.9999999999976,-1077.0000000000168,15.999999999993797,613.9999999999924,33.00000000001635,106.99999999999932,-259.9999999999936,365.99999999999966,420.9999999999936,768.0000000000131,-440.00000000002615,-1167.0000000000068,24.000000000001798,-349.00000000000375,414.0000000000015,-723.0000000000069,,-1128.0000000000446
2018.09.05,541.0000000000136,-439.9999999999977,-1080.9999999999986,36.999999999998145,600.999999999996,70.0000000000145,165.99999999999682,-204.99999999999963,386.0000000000086,434.000000000001,687.0000000000153,-485.00000000001364,-1221.9999999999898,121.00000000001555,-352.00000000000387,399.0000000000009,-700.0000000000006,,-1042.9999999999432
2018.09.05,720.9999999999939,-448.99999999999807,-1167.0000000000068,151.9999999999966,684.9999999999911,78.00000000000028,23.000000000010346,-188.9999999999947,383.0,387.000000000004,651.0000000000016,-242.00000000001864,-1028.0000000000066,65.00000000000395,-402.000000000001,489.0000000000043,-612.9999999999969,,-456.0000000000167
2018.09.05,827.0,-385.0000000000051,-1168.9999999999977,171.99999999999437,688.9999999999952,165.00000000001512,-60.000000000002274,-178.00000000000037,375.9999999999986,410.9999999999947,747.0000000000088,-97.00000000000841,-941.9999999999984,24.000000000001798,-450.00000000000284,534.9999999999966,-583.0000000000002,,81.99999999998988
2018.09.05,870.9999999999995,-375.0,-1278.0000000000014,368.9999999999971,717.9999999999964,112.000000000001,-158.99999999999181,-39.999999999995595,355.0000000000053,307.99999999999716,314.00000000001427,105.99999999999454,-845.0000000000068,225.00000000000853,-530.0000000000011,572.9999999999933,-402.9999999999978,,321.00000000001245
2018.09.05,872.0000000000061,-400.99999999999625,-1278.0000000000014,287.9999999999994,649.999999999995,158.0000000000137,-90.99999999999397,-95.99999999999609,311.00000000000574,375.0000000000031,519.0000000000028,-21.000000000015007,-956.0000000000013,161.00000000001114,-509.00000000000034,477.99999999999443,-509.9999999999993,,-49.99999999997215
2018.09.05,1065.0000000000048,-424.99999999999716,-1200.0000000000011,246.99999999999721,649.999999999995,388.0000000000106,-19.99999999999602,-104.00000000000409,336.9999999999984,517.0000000000008,882.000000000005,-83.00000000002683,-905.0000000000002,110.00000000001009,-441.0000000000025,462.99999999999386,-509.9999999999993,,970.9999999999886
2018.09.05,951.000000000013,-463.99999999999864,-1044.0000000000005,166.99999999999494,612.0000000000015,287.000000000015,19.000000000005457,-183.99999999999528,300.0000000000003,531.0000000000036,934.0000000000126,-237.0000000000232,-852.9999999999926,70.0000000000145,-310.0000000000023,396.0000000000008,-502.9999999999979,,672.0000000000512
2018.09.05,1012.0000000000128,-506.0000000000002,-1078.0000000000011,200.00000000000017,544.0,407.0000000000018,120.00000000000455,-115.99999999999389,265.99999999999955,665.9999999999999,933.000000000006,-420.0000000000159,-1053.9999999999993,310.9999999999946,-301.00000000000193,293.99999999999693,-484.00000000000665,,793.9999999999973
2018.09.05,1208.9999999999934,-512.999999999991,-1164.0000000000095,195.00000000000074,546.9999999999975,550.000000000006,82.00000000000784,-148.0000000000037,243.99999999999977,763.0000000000026,1216.000000000017,-366.00000000001387,-1076.9999999999945,229.00000000001253,-350.9999999999991,292.0000000000016,-548.9999999999995,,1159.0000000000282
2018.09.05,1019.9999999999986,-554.9999999999926,-1036.999999999999,156.00000000000057,556.0000000000009,416.00000000001637,173.00000000000182,-158.99999999999804,279.00000000000705,673.0000000000014,1056.9999999999968,-479.0000000000134,-1009.9999999999998,215.00000000000963,-237.99999999999955,275.0000000000057,-512.0000000000014,,830.0000000000346
2018.09.05,910.0000000000108,-518.9999999999912,-985.999999999998,119.00000000000244,504.9999999999999,328.00000000001717,154.00000000001057,-183.99999999999528,239.0000000000003,702.0000000000026,991.0000000000085,-591.0000000000082,-1131.9999999999998,324.0000000000132,-231.99999999999932,240.99999999999966,-524.0000000000023,,345.00000000007105
2018.09.05,991.9999999999928,-528.9999999999964,-988.0000000000111,129.00000000000134,495.9999999999964,372.00000000001677,129.0000000000049,-193.99999999999417,212.00000000000108,673.9999999999968,1085.0000000000027,-477.00000000000387,-985.999999999998,192.00000000001438,-225.9999999999991,221.9999999999942,-512.9999999999968,,590.0000000000218
2018.09.05,946.0000000000024,-545.0000000000017,-1002.9999999999983,168.99999999999693,515.9999999999942,253.00000000001432,81.00000000000307,-197.00000000000273,192.00000000000327,612.0000000000015,921.0000000000163,-451.0000000000218,-950.0000000000064,224.000000000002,-221.00000000000364,236.99999999999477,-472.00000000000574,,311.99999999998835
2018.09.05,958.0000000000144,-489.0000000000043,-1083.9999999999961,148.0000000000037,483.0000000000001,266.0000000000107,19.000000000005457,-214.00000000000307,161.00000000000003,631.9999999999992,991.0000000000085,-404.0000000000248,-1063.9999999999982,200.00000000000017,-319.0000000000026,237.99999999999955,-553.999999999999,,-31.99999999998613
2018.09.05,852.0000000000083,-415.9999999999968,-1082.0000000000052,112.000000000001,473.99999999999665,217.0000000000005,-4.9999999999954525,-221.99999999999997,180.0000000000024,588.9999999999951,931.9999999999995,-362.99999999999955,-1113.0000000000084,173.00000000000094,-370.00000000000455,275.99999999999625,-602.999999999998,,-369.0000000000074
2018.09.05,-523.9999999999911,-626.0000000000048,-953.0000000000039,49.99999999999449,383.0,-912.999999999986,405.00000000000114,-163.99999999999747,197.99999999999818,-62.000000000006494,-834.9999999999858,-1057.0000000000164,-1490.999999999998,595.9999999999966,-128.0000000000001,33.999999999991815,-592.0000000000036,,-5679.000000000012
2018.09.05,-523.0000000000068,-676.9999999999925,-827.0,9.999999999998899,323.99999999999096,-844.9999999999847,512.0000000000005,-165.00000000000404,174.00000000000747,-43.999999999999595,-727.9999999999953,-1135.0000000000193,-1441.0000000000034,537.0000000000097,-43.00000000000637,-61.99999999999761,-561.0000000000003,,-5494.000000000002
2018.09.05,-530.9999999999926,-518.0000000000007,-1105.0000000000005,36.999999999998145,335.99999999999187,-842.9999999999937,362.000000000009,-134.0000000000008,192.00000000000327,-112.000000000001,-820.9999999999828,-862.9999999999995,-1594.999999999991,487.99999999999955,-308.00000000000693,49.99999999999716,-717.000000000001,,-6081.999999999971
2018.09.05,-432.9999999999945,-519.999999999996,-1117.0000000000125,-9.00000000000345,318.99999999999153,-652.9999999999925,456.00000000000307,-127.99999999999478,223.00000000000654,4.999999999999449,-556.0000000000009,-936.000000000007,-1689.9999999999916,466.9999999999952,-316.0000000000025,31.999999999996476,-789.0000000000064,,-5645.00000000001
2018.09.05,285.00000000000193,-481.9999999999993,-1215.0000000000105,24.000000000001798,343.9999999999999,11.00000000000545,382.000000000005,-114.99999999999844,229.00000000000142,404.99999999999983,361.0000000000113,-749.0000000000236,-1639.999999999997,361.0000000000113,-406.9999999999965,84.99999999999375,-814.9999999999991,,-2935.9999999999923
2018.09.05,127.00000000001043,-423.0000000000018,-1161.9999999999964,12.999999999996348,341.99999999999784,-143.99999999998857,317.99999999999784,-124.99999999999733,228.00000000000597,339.99999999999585,168.0000000000126,-745.0000000000045,-1652.000000000009,418.0000000000073,-418.00000000000637,121.99999999999989,-790.9999999999973,,-3383.9999999999773
2018.09.05,29.999999999996696,-411.00000000000136,-1141.9999999999986,-34.000000000000696,244.99999999999523,-255.99999999998957,288.0000000000109,-180.0000000000024,123.00000000000644,315.9999999999941,147.00000000000824,-793.0000000000064,-1700.999999999997,392.00000000001455,-415.00000000000625,22.999999999996135,-839.0000000000009,,-4206.999999999981
2018.09.05,117.99999999999588,-430.9999999999974,-1195.0000000000127,17.999999999995797,278.00000000000045,-148.99999999999915,332.00000000000784,-117.99999999999588,169.00000000000804,354.9999999999942,144.0000000000108,-787.0000000000061,-1727.9999999999961,469.0000000000083,-433.9999999999975,45.99999999999227,-809.9999999999997,,-3722.999999999991
2018.09.05,87.00000000001484,-495.00000000000455,-1134.999999999997,-48.000000000003595,220.99999999999343,-200.00000000000017,377.00000000000955,-195.00000000000074,102.00000000000209,375.9999999999986,269.00000000000813,-917.0000000000016,-1730.0000000000093,388.9999999999949,-347.0000000000084,-58.9999999999975,-853.0000000000038,,-4158.000000000005
2018.09.05,164.00000000000858,-513.9999999999958,-1151.0000000000132,9.999999999998899,263.99999999999756,-202.9999999999976,328.00000000000296,-180.0000000000024,104.00000000000409,392.00000000000347,226.00000000001506,-890.0000000000148,-1685.9999999999875,456.9999999999963,-343.0000000000035,-22.999999999996135,-787.0000000000043,,-3831.999999999989
2018.09.05,106.00000000000608,-477.99999999999443,-1100.000000000012,2.999999999997449,229.99999999999687,-214.99999999998744,329.00000000000773,-161.99999999999548,92.00000000000318,392.9999999999989,164.00000000000858,-906.0000000000059,-1692.9999999999889,519.0000000000028,-337.0000000000033,-37.9999999999967,-760.0000000000051,,-3852.9999999999677
2018.09.05,161.99999999999548,-463.99999999999864,-1136.0000000000036,39.00000000000014,269.9999999999925,-200.99999999998454,280.00000000000114,-151.00000000000114,111.00000000000554,409.99999999999926,158.99999999999804,-854.0000000000134,-1692.9999999999889,553.0000000000035,-370.00000000000455,15.000000000000568,-736.0000000000033,,-3606.000000000002
2018.09.05,87.99999999999919,-463.99999999999864,-1069.0000000000089,-34.000000000000696,207.99999999999707,-222.99999999999542,323.99999999999807,-192.99999999999872,91.00000000000774,385.99999999999744,229.99999999999687,-900.0000000000057,-1669.0000000000093,446.9999999999974,-326.0000000000076,-40.99999999999682,-784.0000000000069,,-3929.000000000035
2018.09.05,58.000000000002494,-459.0000000000032,-1029.9999999999975,-51.99999999999649,161.99999999999548,-242.99999999999324,328.00000000000296,-204.99999999999963,50.0000000000056,392.00000000000347,238.0000000000049,-933.0000000000211,-1668.0000000000027,451.0000000000014,-304.00000000000205,-88.00000000000807,-783.0000000000003,,-4086.0000000000086
2018.09.05,46.0000000000127,-481.9999999999993,-958.0000000000144,-43.999999999999595,217.99999999999596,-227.99999999998377,380.00000000000966,-183.99999999999528,119.00000000000244,393.9999999999944,198.00000000000927,-971.0000000000036,-1601.000000000008,483.99999999999557,-242.00000000000443,-40.00000000000625,-719.000000000003,,-3629.999999999998
2018.09.05,107.00000000001265,-471.00000000000364,-1033.0000000000173,-17.000000000000348,239.99999999999577,-188.9999999999947,359.99999999999943,-148.99999999999915,119.99999999999788,387.000000000004,289.0000000000059,-924.0000000000066,-1631.999999999989,433.0000000000167,-287.9999999999967,-1.9999999999953388,-750.0000000000063,,-3518.9999999999773
2018.09.06,39.999999999995595,-466.99999999999875,-1008.0000000000089,-34.000000000000696,257.9999999999916,-200.99999999998454,356.9999999999993,-153.99999999999858,170.00000000000347,387.99999999999943,192.00000000001438,-959.0000000000032,-1658.9999999999882,496.00000000000756,-289.0000000000015,-3.0000000000001137,-738.0000000000053,,-3610.999999999978
2018.09.06,39.999999999995595,-433.9999999999975,-999.0000000000166,-23.00000000000635,273.000000000001,-144.99999999999514,378.0000000000001,-119.00000000000244,195.00000000000074,376.99999999999403,154.0000000000097,-929.000000000002,-1649.999999999996,522.0000000000002,-302.99999999999727,33.00000000000125,-722.0000000000005,,-3352.000000000011
2018.09.06,65.00000000000395,-442.99999999999784,-995.0000000000125,-36.999999999998145,247.99999999999267,-171.99999999999437,367.00000000000443,-156.99999999999602,153.99999999999858,409.99999999999926,218.00000000000708,-933.0000000000211,-1642.9999999999945,502.00000000000244,-296.0000000000065,4.9999999999954525,-736.9999999999987,,-3444.0000000000155
2018.09.06,43.999999999999595,-409.9999999999966,-985.0000000000136,-34.000000000000696,239.0000000000003,-192.99999999999872,331.00000000000307,-154.99999999999403,141.99999999999767,387.99999999999943,180.0000000000024,-885.0000000000193,-1628.0000000000073,503.000000000009,-316.0000000000025,15.000000000000568,-726.0000000000044,,-3490.000000000025
2018.09.06,4.000000000004,-438.99999999999295,-990.000000000002,-78.99999999999574,171.99999999999437,-229.99999999999687,368.0000000000092,-193.99999999999417,80.99999999999774,375.0000000000031,224.000000000002,-940.0000000000261,-1652.000000000009,433.0000000000167,-295.0000000000017,-78.00000000000296,-784.0000000000069,,-4024.0000000000014
2018.09.06,4.000000000004,-394.999999999996,-998.00000000001,-60.99999999999994,153.99999999999858,-208.99999999999253,341.0000000000082,-165.00000000000404,72.0000000000054,376.99999999999403,178.00000000001148,-893.0000000000007,-1665.9999999999898,479.0000000000072,-329.00000000000773,-72.00000000000273,-766.0,,-3948.999999999974
2018.09.06,-55.99999999998939,-280.9999999999917,-924.9999999999981,-95.99999999999609,90.0000000000012,-103.99999999999298,371.9999999999999,-109.00000000000354,92.99999999999864,434.9999999999965,182.0000000000155,-899.0000000000009,-1746.0000000000032,573.0000000000013,-371.9999999999999,-67.00000000000728,-763.0000000000026,,-3672.9999999999727
2018.09.06,-75.99999999998718,-215.0000000000034,-948.0000000000155,-87.99999999999919,79.99999999999119,-63.99999999999739,358.0000000000041,-70.99999999999883,114.99999999999844,402.9999999999978,144.0000000000108,-800.0000000000114,-1750.000000000007,560.0000000000049,-436.9999999999976,-34.99999999999659,-767.0000000000066,,-3591.0000000000127
2018.09.06,-95.00000000000064,-176.00000000000193,-973.0000000000016,-73.00000000000084,118.99999999999133,-90.99999999999665,313.0000000000024,-58.99999999999794,146.00000000000168,393.9999999999944,72.0000000000054,-763.0000000000052,-1780.0000000000039,605.0000000000111,-480.99999999999454,37.9999999999967,-763.0000000000026,,-3567.000000000003
2018.09.06,-58.000000000002494,-259.00000000000034,-1001.0000000000074,-31.999999999998696,121.99999999999989,-79.99999999999119,376.0000000000048,-34.000000000000696,138.00000000000477,412.00000000000125,28.000000000005798,-843.0000000000177,-1800.0000000000016,673.9999999999968,-436.9999999999976,-13.00000000000523,-731.9999999999993,,-3539.000000000009
2018.09.06,-68.00000000000139,-248.00000000000466,-948.0000000000155,-92.99999999999864,100.99999999999554,-88.99999999998354,362.000000000009,-92.00000000000318,117.00000000000044,426.9999999999996,165.9999999999995,-860.0000000000136,-1775.9999999999998,577.0000000000052,-412.00000000000614,-31.00000000000591,-773.9999999999969,,-3641.00000000002
2018.09.06,-96.00000000000719,-233.0000000000041,-946.0000000000024,-145.00000000000622,57.99999999999139,-97.9999999999981,365.0000000000091,-129.9999999999968,86.0000000000083,404.99999999999983,250.00000000001688,-840.0000000000034,-1770.000000000005,459.0000000000094,-423.0000000000018,-66.0000000000025,-840.0000000000074,,-3964.0
2018.09.06,-18.999999999991246,-280.9999999999917,-994.000000000006,48.99999999999905,181.9999999999933,-68.99999999998573,371.9999999999999,31.000000000003247,184.00000000000637,404.99999999999983,-126.99999999998823,-821.0000000000264,-1733.9999999999911,801.0000000000073,-414.0000000000015,36.99999999999193,-619.9999999999983,,-3017.9999999999795
2018.09.06,39.999999999995595,-302.99999999999727,-1019.0000000000143,104.99999999999955,247.99999999999267,-54.99999999998284,350.0000000000085,60.00000000000449,221.99999999999997,402.9999999999978,-178.99999999999582,-782.0000000000107,-1689.0000000000073,848.0000000000043,-414.0000000000015,96.9999999999942,-562.0000000000069,,-2630.0000000000196
2018.09.06,2.0000000000131024,-320.99999999999795,-1025.0000000000093,104.99999999999955,234.00000000000088,-114.99999999999844,349.00000000000375,48.000000000003595,197.99999999999818,368.00000000000165,-234.99999999998522,-793.0000000000064,-1682.99999999999,836.0000000000146,-406.0000000000059,69.00000000000261,-567.0000000000064,,-2935.9999999999613
2018.09.06,11.00000000000545,-317.99999999999784,-1043.0000000000161,109.00000000000354,248.99999999999923,-105.99999999998388,347.0000000000084,53.00000000000304,216.0000000000051,378.999999999996,-235.99999999999176,-795.0000000000159,-1709.9999999999893,849.9999999999952,-418.99999999999693,90.00000000000341,-573.9999999999967,,-2896.9999999999695
2018.09.06,32.0000000000098,-320.99999999999795,-1097.999999999999,185.99999999999727,334.00000000000097,-87.99999999999919,347.0000000000084,126.0000000000039,297.00000000000284,353.99999999999875,-397.99999999998727,-742.0000000000186,-1709.9999999999893,954.9999999999948,-453.00000000000296,180.99999999999739,-514.0000000000033,,-2511.9999999999836
2018.09.06,113.00000000000753,-275.99999999999625,-1158.0000000000146,192.99999999999872,340.9999999999913,-48.99999999998794,271.0000000000008,112.000000000001,286.00000000000847,361.9999999999957,-302.9999999999866,-622.0000000000141,-1699.9999999999905,880.9999999999984,-522.0000000000056,216.99999999999875,-546.000000000002,,-2399.9999999999973
2018.09.06,35.00000000000725,-343.9999999999941,-1192.0000000000152,139.99999999999568,357.99999999999164,-61.99999999998429,393.0000000000007,94.00000000000519,329.00000000000153,353.0000000000033,-278.00000000000045,-764.00000000001,-1810.0000000000005,844.0000000000003,-495.00000000000455,191.99999999999307,-641.9999999999982,,-2849.000000000008
2018.09.06,34.000000000000696,-320.99999999999795,-1221.0000000000055,198.99999999999363,365.99999999999966,-103.99999999999298,334.0000000000032,129.00000000000134,316.0000000000052,297.00000000000284,-428.9999999999905,-655.0000000000011,-1750.000000000007,878.000000000001,-530.0000000000011,215.99999999999397,-583.0000000000002,,-2823.9999999999955
2018.09.06,-68.99999999998573,-301.00000000000193,-1180.0000000000032,105.99999999999498,262.999999999991,-139.00000000000023,371.0000000000093,70.99999999999883,251.00000000000122,326.0000000000041,-339.99999999998477,-778.00000000002,-1876.9999999999955,852.0000000000083,-518.0000000000007,115.99999999999966,-675.9999999999989,,-3521.9999999999836
2018.09.06,39.999999999995595,-263.9999999999958,-1141.9999999999986,163.00000000000205,292.9999999999988,-63.99999999999739,304.00000000000205,112.99999999999643,265.0000000000041,312.00000000000114,-330.9999999999924,-607.0000000000277,-1679.0000000000082,817.000000000001,-522.9999999999961,171.99999999999704,-575.0000000000033,,-2706.0000000000214
2018.09.06,-66.99999999999484,-243.99999999999977,-1000.0000000000009,-9.999999999998899,161.00000000000003,-37.99999999998249,405.00000000000114,16.0000000000049,201.00000000000674,354.9999999999942,-46.999999999997044,-751.0000000000048,-1707.9999999999984,635.0000000000077,-445.99999999999795,36.99999999999193,-697.9999999999986,,-3198.999999999967
2018.09.06,-265.99999999998846,-298.9999999999924,-936.0000000000035,-63.00000000000195,174.99999999999181,-259.9999999999936,435.0000000000023,-48.99999999999905,201.00000000000674,200.00000000000017,-184.99999999999073,-792.0000000000016,-1608.9999999999939,486.00000000000864,-364.9999999999949,19.000000000005457,-724.9999999999978,,-4032.999999999943
2018.09.06,-123.99999999999079,-292.0000000000016,-973.0000000000016,-70.99999999999883,158.99999999999804,-146.00000000000168,404.0000000000106,-73.00000000000084,172.00000000000549,239.0000000000003,29.00000000001235,-698.0000000000075,-1549.0000000000005,363.0000000000022,-393.0000000000007,6.000000000000227,-762.0000000000072,,-3708.999999999982
2018.09.06,-171.99999999999437,-251.00000000000477,-1002.9999999999983,31.999999999998696,249.99999999999466,-209.9999999999991,344.99999999999886,19.00000000000235,251.00000000000122,156.00000000000057,-295.99999999998516,-575.000000000017,-1496.0000000000084,502.00000000000244,-444.0000000000026,134.00000000000034,-648.0000000000041,,-3406.000000000015
2018.09.06,-207.99999999998596,-233.99999999999466,-1083.9999999999961,14.999999999998348,217.0000000000005,-200.00000000000017,371.9999999999999,26.999999999999247,243.99999999999977,139.99999999999568,-309.99999999998806,-572.0000000000027,-1608.0000000000093,486.00000000000864,-507.000000000005,108.00000000000409,-726.9999999999999,,-3840.999999999976
2018.09.06,-185.99999999999727,-234.99999999999943,-1025.0000000000093,-12.000000000000899,232.99999999999432,-143.99999999998857,408.00000000000125,19.00000000000235,278.00000000000045,197.99999999999818,-200.99999999998454,-635.0000000000193,-1614.9999999999886,497.99999999999847,-469.99999999999886,123.99999999999523,-724.0000000000024,,-3488.9999999999986
2018.09.06,-202.9999999999976,-239.99999999999488,-1066.9999999999957,-75.9999999999983,187.9999999999993,-183.99999999998417,387.00000000000045,-56.0000000000005,221.00000000000452,192.00000000000327,-66.99999999999484,-651.0000000000105,-1675.9999999999886,365.0000000000153,-492.00000000000443,70.99999999999795,-838.0000000000055,,-4125.999999999954
2018.09.06,-218.99999999999142,-243.99999999999977,-1127.0000000000114,-73.00000000000084,196.99999999999162,-197.99999999998707,392.0000000000101,-53.00000000000304,229.00000000000142,190.00000000000128,-102.00000000000209,-668.0000000000064,-1757.999999999993,391.000000000008,-527.000000000001,78.99999999999352,-873.999999999997,,-4364.999999999986
2018.09.06,-333.0000000000055,-152.00000000000102,-1002.9999999999983,-124.99999999999733,123.99999999999079,-179.99999999998016,402.000000000001,-27.999999999994696,231.0000000000034,229.99999999999687,-117.99999999999588,-736.0000000000184,-1828.0000000000075,483.0000000000112,-531.9999999999965,60.000000000002274,-853.0000000000038,,-4357.999999999994
2018.09.06,-289.0000000000059,-143.99999999999125,-1055.000000000006,-104.99999999999955,167.9999999999904,-158.99999999999804,388.00000000000523,-21.999999999999797,255.00000000000523,229.00000000000142,-117.99999999999588,-680.0000000000068,-1829.9999999999982,479.0000000000072,-557.0000000000022,111.99999999999477,-865.0000000000047,,-4193.000000000004
2018.09.06,-191.99999999999218,-135.99999999999568,-1157.000000000008,-45.000000000006146,239.0000000000003,-66.99999999999484,380.00000000000966,34.99999999999615,324.9999999999975,221.99999999999997,-137.9999999999937,-562.0000000000118,-1819.9999999999993,480.00000000001376,-628.0000000000001,197.00000000000273,-858.9999999999986,,-3725.9999999999804
2018.09.06,-346.9999999999862,-87.99999999999386,-1126.0000000000048,-90.99999999999665,213.99999999999199,-167.9999999999904,355.000000000004,21.00000000000435,333.0000000000055,180.0000000000024,-215.99999999999397,-594.0000000000225,-1907.9999999999986,487.99999999999955,-656.0000000000059,206.00000000000307,-892.9999999999993,,-4289.999999999982
2018.09.06,-269.9999999999925,-27.000000000001023,-1191.0000000000086,-126.0000000000039,186.99999999999272,-79.99999999999119,322.00000000000273,-10.999999999994348,307.0000000000017,253.0000000000032,-38.0000000000047,-554.000000000002,-2000.0000000000018,445.0000000000065,-734.9999999999994,212.0000000000033,-995.0000000000015,,-4300.999999999992
2018.09.06,-314.99999999999864,156.99999999999648,-1218.000000000008,-175.99999999999838,129.00000000000134,-103.99999999999298,151.00000000001046,-46.999999999997044,260.00000000000466,132.99999999999423,21.00000000000435,-217.00000000001296,-1879.0000000000084,174.00000000000747,-885.9999999999957,260.0000000000051,-1078.0000000000011,,-4634.999999999989
2018.09.06,-228.00000000000597,198.99999999999807,-1401.0000000000077,-63.99999999999739,190.00000000000128,-79.99999999999119,49.99999999999716,26.999999999999247,287.9999999999994,83.9999999999952,-136.00000000000279,-12.000000000000455,-1909.9999999999895,238.0000000000049,-1037.9999999999968,359.99999999999943,-1062.0000000000073,,-4495.000000000004
2018.09.06,-167.9999999999904,180.00000000000682,-1361.9999999999966,-85.99999999999719,188.9999999999947,15.00000000000945,106.99999999999932,28.000000000005798,306.00000000000625,171.99999999999437,-0.9999999999843467,-98.00000000001319,-1940.0000000000084,265.0000000000041,-998.0000000000047,347.999999999999,-1062.0000000000073,,-4104.999999999982
2018.09.06,-262.999999999991,302.99999999999727,-1388.999999999996,-56.0000000000005,195.00000000000074,103.00000000000864,145.00000000001023,155.00000000000514,404.99999999999983,75.9999999999983,-204.99999999998852,88.99999999999864,-1919.9999999999884,275.000000000003,-1109.9999999999995,438.99999999999295,-1041.9999999999984,,-3799.9999999999472
2018.09.06,-197.00000000000273,314.00000000000716,-1326.000000000005,-58.000000000002494,207.99999999999707,186.0000000000195,155.00000000000114,165.9999999999995,429.0000000000016,161.99999999999548,-106.99999999999044,39.99999999999204,-1919.9999999999884,346.0000000000019,-1076.9999999999982,457.9999999999984,-999.0000000000055,,-3219.999999999979
2018.09.06,-136.00000000000279,251.00000000000477,-1314.9999999999995,-28.000000000005798,258.9999999999981,161.00000000001114,136.0000000000099,146.00000000000168,431.0000000000036,141.00000000000225,-95.999999999985,57.999999999992724,-1798.999999999995,300.99999999999574,-1022.9999999999961,472.999999999999,-953.0000000000039,,-2992.999999999969
2018.09.06,-167.9999999999904,251.00000000000477,-1245.0000000000073,-60.00000000000449,241.99999999999778,151.00000000001222,162.00000000000614,131.00000000000333,428.00000000000614,143.9999999999997,-68.00000000000139,20.999999999986585,-1760.9999999999905,279.00000000000705,-977.9999999999944,451.9999999999982,-941.9999999999984,,-2960.9999999999654
2018.09.06,-228.00000000000597,254.0000000000049,-1209.0000000000157,-67.00000000000594,221.99999999999997,224.000000000002,274.0000000000009,192.99999999999872,475.99999999999864,139.99999999999568,-129.00000000000134,-29.000000000024784,-1781.9999999999948,333.0000000000055,-957.9999999999984,433.9999999999975,-926.0000000000045,,-2778.0000000000473
2018.09.06,-191.99999999999218,216.00000000000819,-622.0000000000115,-123.00000000000644,164.99999999999292,276.00000000000955,328.00000000000296,150.00000000000568,431.0000000000036,173.9999999999964,60.000000000015596,-83.00000000002683,-1109.9999999999889,212.99999999999653,-554.000000000002,347.999999999999,-577.0000000000052,,-900.0000000000028
2018.09.06,-119.00000000000244,118.99999999999977,-727.0000000000109,-90.99999999999665,229.00000000000142,291.00000000001904,377.00000000000955,150.00000000000568,469.0000000000083,212.00000000000108,83.9999999999952,-181.0000000000116,-1212.9999999999975,260.0000000000158,-546.0000000000065,355.99999999999454,-612.9999999999969,,-942.9999999999721
2018.09.06,-120.99999999999334,164.00000000000148,-680.0000000000139,-95.99999999999609,274.9999999999919,352.000000000019,387.00000000000045,178.00000000000037,541.0000000000026,195.9999999999962,97.00000000001374,-106.00000000002296,-1134.999999999997,225.00000000000853,-555.0000000000068,438.99999999999295,-585.9999999999976,,-425.0000000000007
2018.09.06,-143.99999999998857,338.99999999999864,-626.9999999999998,-95.00000000000064,257.9999999999916,414.00000000000324,284.000000000006,226.00000000000398,569.0000000000084,197.00000000000273,55.000000000005045,70.99999999999795,-1103.0000000000095,263.00000000001324,-652.000000000001,536.0000000000014,-545.0000000000066,,46.000000000026034
2018.09.06,-119.00000000000244,307.00000000000216,-669.0000000000085,-87.00000000000374,270.99999999999903,441.0000000000025,343.0000000000035,278.9999999999959,585.9999999999976,163.99999999999747,188.00000000001037,57.999999999992724,-1130.9999999999932,212.99999999999653,-655.0000000000011,554.9999999999926,-531.0000000000036,,212.99999999997783
2018.09.07,-129.99999999998568,350.9999999999991,-679.0000000000074,-63.00000000000195,245.99999999999068,443.99999999999994,263.00000000000523,270.99999999999903,558.000000000003,183.99999999999528,25.00000000000835,104.99999999998977,-1143.0000000000052,255.00000000000523,-707.0000000000078,525.0000000000057,-544.0,,-39.000000000006935
2018.09.07,-114.99999999999844,384.00000000000034,-699.0000000000052,-65.99999999999939,239.99999999999577,430.00000000001927,198.0000000000075,246.99999999999721,539.0000000000006,193.99999999999417,76.0000000000094,139.99999999998636,-1174.9999999999927,269.00000000000813,-746.9999999999999,540.9999999999968,-562.0000000000069,,-105.99999999998704
2018.09.07,-114.99999999999844,406.9999999999965,-792.9999999999993,-80.99999999999774,251.00000000000122,467.0000000000174,227.00000000000387,255.00000000000523,570.0000000000039,202.9999999999976,78.00000000000028,164.99999999999204,-1286.0000000000093,263.99999999999756,-814.9999999999977,567.9999999999978,-651.0000000000016,,-285.99999999999056
2018.09.07,-134.99999999999625,388.00000000000523,-748.9999999999997,-101.00000000000664,239.0000000000003,453.0000000000145,254.0000000000049,234.00000000000088,560.0000000000049,204.99999999999963,99.00000000000463,125.99999999997635,-1255.9999999999905,243.00000000001543,-771.0000000000008,542.0000000000016,-648.0000000000041,,-316.99999999996965
2018.09.07,-100.99999999999554,475.0000000000085,-746.0000000000023,-39.00000000000014,287.9999999999994,456.00000000001194,141.00000000000534,280.00000000000244,595.0000000000011,197.99999999999818,-14.999999999987246,270.9999999999866,-1192.9999999999995,329.00000000000153,-837.0000000000033,655.0000000000011,-561.0000000000003,,196.00000000002797
2018.09.07,-99.99999999998899,564.9999999999977,-798.0000000000098,-7.9999999999968985,329.999999999997,439.0000000000116,36.000000000001364,301.0000000000068,624.0000000000023,193.99999999999417,-92.00000000000318,387.00000000000045,-1251.000000000002,392.00000000001455,-936.9999999999976,759.0000000000003,-553.999999999999,,287.00000000002876
2018.09.07,-82.99999999998863,615.9999999999997,-851.0000000000017,53.999999999998494,388.9999999999949,449.0000000000105,-25.99999999999625,358.9999999999982,677.0000000000053,188.9999999999947,-229.99999999999687,471.99999999998,-1279.9999999999923,504.0000000000156,-1009.0000000000003,856.9999999999993,-514.0000000000033,,573.0000000000176
2018.09.07,-79.00000000000685,551.0000000000019,-775.9999999999989,15.999999999993797,373.00000000000114,476.0000000000098,64.00000000000716,334.00000000000097,675.0000000000034,195.9999999999962,-123.99999999999079,389.99999999998636,-1198.9999999999945,422.00000000001125,-909.9999999999966,796.999999999997,-511.0000000000059,,695.0000000000155
2018.09.07,-72.99999999998974,439.00000000000716,-723.0000000000069,70.0000000000034,300.99999999999574,470.00000000001484,171.00000000000648,380.999999999998,599.0000000000051,202.0000000000022,-238.99999999998923,253.99999999999068,-1140.0000000000077,540.0000000000072,-793.0000000000064,644.0000000000055,-401.00000000000693,,702.0000000000294
2018.09.07,-119.99999999998678,439.9999999999977,-658.0000000000031,19.00000000000235,298.9999999999937,436.9999999999985,180.00000000000682,339.0000000000004,605.0,202.9999999999976,-197.00000000000273,203.9999999999793,-1129.0000000000023,500.9999999999959,-748.9999999999952,643.0000000000007,-417.0000000000007,,599.9999999999823
2018.09.07,-140.0000000000068,456.00000000000307,-468.00000000000176,60.99999999999994,318.99999999999153,426.00000000001523,171.00000000000648,383.0,629.0000000000018,200.00000000000017,-326.0000000000041,207.9999999999984,-923.0000000000072,611.000000000006,-641.9999999999959,676.9999999999925,-229.00000000000142,,1412.9999999999982
2018.09.07,-92.00000000000318,472.999999999999,-555.0000000000166,165.9999999999995,409.99999999999926,452.00000000000796,132.000000000005,468.9999999999972,705.0000000000001,193.99999999999417,-515.9999999999832,287.9999999999825,-956.0000000000013,773.0000000000015,-713.0000000000081,786.9999999999919,-155.00000000000514,,1861.9999999999602
2018.09.07,-75.99999999998718,492.00000000000443,-616.0000000000165,282.99999999999994,464.9999999999932,457.00000000001853,103.00000000000864,580.0000000000027,753.9999999999991,190.00000000000128,-797.0000000000033,328.9999999999793,-1004.0000000000049,1022.0000000000118,-765.0000000000006,859.9999999999994,-41.9999999999976,,2235.000000000008
2018.09.07,-110.99999999999443,457.9999999999984,-585.9999999999976,256.0000000000007,405.9999999999952,411.0000000000058,129.0000000000049,546.000000000002,692.0000000000038,214.99999999999852,-773.9999999999858,217.9999999999893,-1052.9999999999927,1042.0000000000095,-715.0000000000034,769.0000000000055,-56.0000000000005,,1847.000000000039
2018.09.07,-171.99999999999437,518.0000000000007,-517.9999999999962,244.99999999999523,365.99999999999966,413.00000000001893,123.00000000000466,570.9999999999993,683.0000000000002,190.00000000000128,-834.9999999999858,262.9999999999768,-1004.9999999999892,1051.0000000000018,-722.0000000000084,766.9999999999959,-19.999999999997797,,1918.000000000023
2018.09.07,-164.99999999999292,481.9999999999993,-504.9999999999999,226.00000000000398,332.99999999999443,434.000000000001,173.00000000000182,560.0000000000049,658.0000000000031,217.0000000000005,-770.9999999999884,190.99999999997408,-1027.0000000000002,1045.000000000007,-686.000000000007,709.9999999999937,-39.00000000000014,,1835.9999999999952
2018.09.07,-133.00000000000534,459.0000000000032,-539.0000000000006,224.9999999999974,375.9999999999986,430.00000000001927,165.00000000000625,539.0000000000006,678.0000000000008,222.99999999999542,-726.9999999999887,187.99999999998818,-1036.999999999999,1014.0000000000038,-691.0000000000025,739.0000000000043,-63.00000000000195,,1846.0000000000193
2018.09.07,-90.99999999999665,463.0000000000081,-588.0000000000107,380.00000000000256,437.999999999994,433.0000000000167,129.0000000000049,665.0000000000044,724.0000000000024,232.99999999999432,-1055.9999999999902,217.9999999999893,-1062.9999999999918,1331.9999999999998,-725.9999999999991,811.9999999999976,102.00000000000209,,2405.000000000028
2018.09.07,-270.99999999999903,417.0000000000016,-602.0000000000136,375.0000000000031,419.9999999999982,350.00000000000585,257.000000000005,711.000000000006,751.0000000000017,224.9999999999974,-1292.9999999999886,4.9999999999954525,-1269.9999999999934,1523.0000000000077,-698.9999999999981,760.0000000000051,86.99999999999264,,1746.0000000000273
2018.09.07,-228.99999999999034,423.0000000000018,-649.0000000000107,388.9999999999949,386.9999999999929,379.0000000000182,242.00000000000443,721.000000000005,713.0000000000081,263.0000000000021,-1273.9999999999973,-7.000000000005002,-1343.9999999999895,1577.0000000000061,-733.0000000000041,728.9999999999992,70.99999999999883,,1658.0000000000352
2018.09.07,-261.0000000000001,364.0000000000043,-700.0000000000117,424.00000000000216,414.9999999999987,341.00000000001353,298.0000000000018,751.0000000000017,735.0000000000078,253.99999999999866,-1404.9999999999895,-96.00000000000364,-1428.000000000007,1680.999999999999,-719.9999999999989,721.0000000000036,80.99999999999774,,1455.0000000000182
2018.09.07,-286.99999999999284,311.9999999999976,-578.0000000000118,314.99999999999864,334.9999999999964,256.00000000001177,293.00000000000637,609.9999999999994,630.0000000000083,263.0000000000021,-1171.9999999999952,-193.00000000001205,-1329.0000000000025,1486.0000000000095,-602.0000000000039,599.0000000000038,26.999999999999247,,965.0000000000148
2018.09.07,-211.00000000000563,355.000000000004,-582.0000000000158,334.00000000000097,346.9999999999973,371.00000000001023,289.0000000000015,655.0000000000056,663.999999999998,314.99999999999864,-1112.0000000000018,-140.00000000001478,-1330.0000000000089,1523.0000000000077,-635.9999999999957,641.0000000000053,49.99999999999449,,1532.9999999999814
2018.09.07,-272.99999999998994,334.0000000000032,-595.9999999999966,304.9999999999997,327.99999999999494,318.00000000001825,319.0000000000026,629.9999999999973,648.0000000000041,258.9999999999981,-1126.0000000000048,-150.00000000000568,-1330.0000000000089,1439.0000000000125,-628.0000000000001,606.9999999999993,0.999999999995449,,1085.000000000019
2018.09.07,-197.00000000000273,248.99999999999523,-595.9999999999966,319.0000000000026,358.9999999999982,356.00000000000074,373.00000000000466,622.9999999999958,658.0000000000031,302.9999999999977,-1056.9999999999968,-233.0000000000041,-1310.9999999999955,1451.0000000000023,-566.0000000000025,584.0000000000032,14.999999999998348,,1330.0000000000036
2018.09.07,-520.9999999999936,302.0000000000067,-578.9999999999961,327.99999999999494,374.999999999992,62.000000000006494,331.00000000000307,641.0000000000027,680.9999999999983,26.999999999999247,-1524.9999999999986,-101.00000000002751,-1210.0,1382.0000000000166,-594.9999999999989,637.0000000000005,42.999999999993044,,277.999999999999
2018.09.07,-512.0000000000014,283.00000000000125,-522.0000000000002,283.99999999999534,367.99999999999056,57.00000000001815,343.0000000000035,592.0000000000036,669.0000000000085,-11.00000000000545,-1412.9999999999975,-60.000000000002274,-1066.9999999999957,1207.0000000000025,-543.9999999999969,617.0000000000044,26.999999999999247,,318.0000000000279
2018.09.07,-1029.9999999999975,260.0000000000051,-523.0000000000068,226.00000000000398,314.99999999999864,-481.99999999998244,331.00000000000307,517.9999999999962,600.0000000000006,-404.99999999999983,-1985.9999999999989,-35.00000000002501,-1005.9999999999958,1008.0000000000089,-525.0000000000057,540.9999999999968,-50.0000000000056,,-2243.000000000004
2018.09.07,-822.9999999999959,192.00000000000728,-537.0000000000097,259.9999999999936,356.9999999999962,-296.9999999999917,387.00000000000045,539.999999999996,633.0000000000058,-397.99999999999835,-1774.9999999999932,81.99999999999363,-791.0000000000084,832.0000000000105,-483.99999999999466,543.9999999999969,-18.0000000000069,,-1295.9999999999982
2018.09.07,-723.0000000000069,210.00000000000796,-489.0000000000061,326.9999999999995,359.99999999999363,-193.99999999998306,374.00000000000944,607.0000000000019,639.0000000000007,-314.0000000000032,-1811.9999999999914,85.99999999998431,-757.0000000000076,1005.9999999999958,-466.99999999999875,558.9999999999975,104.99999999999955,,-483.00000000000637
2018.09.07,-841.9999999999872,239.00000000000432,-365.0000000000153,270.0000000000036,297.9999999999983,-297.9999999999983,285.0000000000108,523.0000000000068,574.0000000000078,-397.0000000000029,-1712.9999999999868,48.99999999997817,-702.0000000000026,903.0000000000093,-466.0000000000082,509.00000000000034,27.999999999994696,,-1104.999999999987
2018.09.07,-503.99999999999335,13.999999999995794,-941.9999999999984,575.0000000000033,622.0000000000003,-246.99999999999721,337.0000000000033,702.9999999999981,758.9999999999985,-499.000000000005,-2136.999999999989,329.9999999999841,-713.0000000000081,967.0000000000067,-608.9999999999947,721.9999999999942,105.99999999999498,,-516.0000000000065
2018.09.07,-419.9999999999982,93.00000000000352,-812.999999999997,471.99999999999466,578.9999999999961,-102.99999999998644,313.0000000000024,636.0000000000032,748.9999999999997,-394.00000000000546,-1753.0000000000045,365.99999999998545,-636.9999999999986,814.0000000000036,-585.9999999999985,725.9999999999991,63.99999999999739,,105.99999999999613
2018.09.07,-445.0000000000065,1.9999999999953388,-625.0000000000089,431.99999999999903,567.9999999999907,42.0000000000087,557.0000000000022,690.9999999999972,819.0000000000031,-367.0000000000062,-1688.999999999985,194.99999999999318,-506.9999999999908,808.0000000000088,-400.0000000000057,653.9999999999964,147.99999999999258,,882.9999999999842
2018.09.07,-509.00000000000387,-120.00000000000455,-740.0000000000073,468.9999999999972,595.9999999999966,-143.99999999998857,570.0000000000074,656.9999999999965,785.9999999999978,-436.00000000000307,-1871.9999999999848,96.99999999997999,-587.0000000000042,843.0000000000159,-379.0000000000049,603.9999999999992,110.99999999999443,,-54.00000000001626
2018.09.07,-360.0000000000048,-70.99999999999795,-828.0000000000065,453.99999999999886,597.9999999999985,-82.99999999998863,445.0000000000074,597.9999999999985,748.0000000000042,-275.99999999999847,-1624.0000000000032,60.99999999997863,-790.0000000000018,919.0000000000032,-471.00000000000364,638.0000000000052,31.000000000003247,,-11.000000000006985
2018.09.07,-336.9999999999873,-99.99999999999432,-869.0000000000086,505.99999999999534,596.9999999999919,-95.999999999985,447.00000000000273,629.0000000000018,724.0000000000024,-280.9999999999979,-1720.9999999999948,62.99999999998818,-800.0000000000007,988.0000000000111,-475.0000000000085,617.999999999995,68.99999999999685,,-37.99999999999167
2018.09.07,-180.99999999998673,-131.00000000000023,-960.0000000000053,556.0000000000009,667.9999999999908,-29.999999999996696,399.0000000000009,631.0000000000038,753.0000000000036,-240.00000000000688,-1631.0000000000048,117.999999999995,-792.9999999999993,985.999999999998,-510.0000000000051,676.9999999999925,68.00000000000139,,379.9999999999817
2018.09.07,-107.99999999999699,250.0,-1129.0000000000023,829.9999999999974,784.9999999999912,31.000000000003247,-1.9999999999953388,892.9999999999993,862.0000000000072,-284.0000000000065,-2224.999999999988,692.9999999999836,-829.9999999999974,1442.00000000001,-906.9999999999965,1054.9999999999927,308.9999999999926,,1664.9999999999945
2018.09.07,-136.00000000000279,49.99999999999716,-1018.0000000000077,785.0000000000024,756.0000000000011,-95.00000000000064,108.00000000000409,792.9999999999993,783.0000000000003,-282.99999999999994,-2147.9999999999945,441.99999999997885,-730.0000000000084,1370.0000000000045,-686.9999999999976,894.999999999996,329.00000000000153,,1213.9999999999736
2018.09.07,7.0000000000014495,-4.9999999999954525,-1039.9999999999966,851.9999999999972,837.9999999999943,-39.999999999995595,94.0000000000083,814.9999999999991,824.0000000000025,-239.0000000000003,-2125.9999999999836,450.9999999999934,-669.9999999999928,1429.0000000000136,-659.000000000006,948.9999999999981,403.99999999999324,,1884.0000000000307
2018.09.07,-32.999999999994145,10.99999999999568,-985.0000000000136,875.0000000000035,805.0000000000001,5.000000000010552,154.00000000001057,880.000000000003,833.0000000000059,-211.00000000000563,-2232.999999999996,388.9999999999816,-696.0000000000077,1578.999999999997,-632.9999999999956,921.999999999997,470.9999999999992,,2132.999999999992
2018.09.07,-60.99999999999994,-46.999999999997044,-950.0000000000064,817.000000000001,780.9999999999984,-25.999999999992696,204.00000000000773,821.000000000005,806.0000000000067,-216.0000000000051,-2123.9999999999927,306.99999999998795,-673.9999999999968,1466.0000000000118,-566.0000000000025,856.9999999999993,420.9999999999936,,1816.0000000000184
2018.09.07,-92.99999999998754,-24.999999999991473,-975.9999999999991,800.0000000000007,786.9999999999933,-9.999999999998899,228.00000000000864,831.000000000004,834.0000000000014,-229.00000000000142,-2127.9999999999964,310.9999999999786,-730.0000000000084,1456.0000000000127,-602.0000000000039,879.0000000000049,378.999999999996,,1712.0000000000132
2018.09.07,-41.99999999998649,-22.999999999996135,-973.0000000000016,842.9999999999937,834.9999999999968,-7.0000000000014495,182.00000000000216,846.9999999999977,860.0000000000052,-236.00000000000287,-2168.9999999999986,375.99999999997635,-652.9999999999925,1475.000000000004,-600.9999999999991,932.0000000000022,437.999999999994,,2083.9999999999936
2018.09.07,-62.000000000006494,21.000000000000796,-1036.0000000000148,839.9999999999964,824.999999999998,13.000000000018552,171.99999999999704,865.0000000000047,868.9999999999975,-258.0000000000027,-2180.000000000004,440.9999999999741,-713.0000000000081,1446.9999999999982,-674.9999999999972,951.9999999999982,385.99999999999744,,1906.9999999999475
2018.09.07,-80.99999999999774,88.99999999999864,-995.0000000000125,795.0000000000013,825.9999999999934,43.999999999999595,145.00000000001023,851.0000000000017,892.9999999999993,-263.99999999999756,-2110.9999999999964,500.99999999997635,-686.0000000000089,1368.0000000000136,-700.0000000000028,995.0000000000045,361.9999999999957,,2031.999999999978
2018.09.07,-7.0000000000014495,12.000000000000455,-880.0000000000141,875.999999999999,818.9999999999919,34.000000000000696,139.00000000001,895.9999999999968,868.000000000002,-295.99999999999625,-2150.999999999992,478.999999999985,-465.99999999998863,1411.0000000000066,-581.0000000000031,938.999999999993,534.9999999999966,,2626.9999999999864
