date,GBPUSD,EURUSD,USDJPY,USDCAD,AUDUSD,NZDUSD,GBPCHF,CHFJPY,CADCHF,GBPJPY,GBPCAD,GBPAUD,EURJPY,EURNZD,CADJPY,NZDJPY,AUDCAD,NZDCAD,AUDNZD,empty,sum
2016.12.05,-62.99999999999084,-464.9999999999821,-121.00000000000932,-313.99999999999204,-137.9999999999937,-239.99999999999577,-398.00000000000944,-171.00000000000648,-43.999999999999595,-305.0000000000068,-377.0000000000051,-263.00000000001324,-15.000000000000568,-600.0000000000006,-120.00000000000455,-266.00000000000534,-158.99999999999804,-300.99999999999574,0.0,,-4360.000000000009
2016.12.05,-55.000000000005045,-858.0000000000032,-334.0000000000032,-563.9999999999867,-368.9999999999971,-139.99999999999568,-371.00000000001023,-200.00000000000284,87.00000000000374,-685.0000000000023,-421.0000000000047,-278.00000000000045,158.00000000000125,-415.99999999999415,-219.99999999999886,-507.000000000005,-121.99999999999989,-256.99999999999613,146.00000000000168,,-5405.999999999998
2016.12.05,207.00000000000162,-1126.999999999989,-113.00000000001376,-716.0000000000056,-364.9999999999931,-131.00000000000333,-516.0000000000053,129.99999999999545,24.000000000001798,-74.00000000001228,-414.00000000000324,-381.0000000000091,313.99999999999295,-926.0000000000045,102.99999999999443,-477.00000000000387,-120.99999999999334,-417.99999999999613,93.99999999999409,,-4907.000000000053
2016.12.05,28.999999999990145,-924.9999999999981,-367.00000000000443,-661.0000000000005,-262.999999999991,-65.99999999999939,-473.99999999999665,-200.00000000000284,51.000000000001044,-584.0000000000032,-478.0000000000006,-194.0000000000053,51.00000000000193,-686.9999999999932,-213.00000000000807,-344.99999999999886,101.00000000000664,-345.99999999999073,171.99999999999437,,-5398.999999999999
2016.12.05,-571.0000000000103,-618.9999999999918,-600.0000000000085,-625.9999999999932,-298.9999999999937,65.00000000000395,-842.0000000000094,-504.0000000000049,-0.999999999995449,-1510.9999999999957,-1219.9999999999989,-958.0000000000144,-257.000000000005,364.00000000000875,-320.0000000000074,-279.0000000000106,-1.999999999990898,-44.99999999999504,550.9999999999903,,-7674.000000000023
2016.12.05,-79.00000000000685,-584.9999999999911,-607.0000000000135,-611.9999999999903,-283.99999999999534,195.00000000000074,-626.9999999999998,-302.0000000000067,87.99999999999919,-1063.999999999993,-795.0000000000124,-673.9999999999968,-55.00000000000682,404.0000000000044,-273.00000000001035,-189.99999999999773,26.999999999999247,48.000000000003595,604.9999999999889,,-4780.000000000026
2016.12.05,-276.00000000000955,-644.0000000000001,-657.0000000000107,-634.0000000000013,-238.99999999998923,236.99999999999832,-822.0000000000116,-314.9999999999977,107.99999999999699,-1253.9999999999907,-1024.0000000000027,-699.0000000000052,-72.00000000000273,392.9999999999989,-290.00000000000625,-108.00000000000409,126.99999999999933,87.00000000000374,693.9999999999947,,-5388.000000000041
2016.12.05,-282.0000000000045,-578.9999999999961,-621.9999999999999,-624.0000000000023,-267.99999999999045,226.00000000000398,-748.0000000000153,-350.9999999999991,101.00000000000664,-1205.9999999999889,-989.0000000000176,-722.0000000000005,-132.99999999999557,496.99999999999187,-316.0000000000025,-153.0000000000058,39.00000000000014,103.00000000000864,689.0000000000063,,-5338.000000000001
2016.12.05,-92.00000000000318,-639.9999999999961,-629.0000000000049,-641.999999999987,-261.99999999999557,297.00000000000284,-723.0000000000069,-242.999999999995,134.99999999999625,-1069.9999999999932,-867.0000000000177,-690.0000000000128,21.000000000000796,500.00000000001154,-255.00000000000966,-273.00000000001035,91.00000000000774,154.0000000000097,720.9999999999939,,-4467.000000000008
2016.12.05,52.99999999999194,-675.0000000000034,-467.00000000001296,-638.0000000000052,-239.99999999999577,231.99999999999886,-632.0000000000103,-84.99999999999375,141.99999999999767,-710.000000000008,-663.0000000000135,-402.9999999999978,215.99999999999397,314.99999999999864,-128.0000000000001,-287.00000000000614,130.0000000000079,51.000000000001044,666.9999999999953,,-3122.0000000000614
2016.12.05,-83.9999999999952,-800.9999999999851,-477.00000000000387,-639.9999999999961,-215.99999999999397,134.99999999999625,-865.0000000000047,-54.000000000002046,175.99999999999838,-847.0000000000084,-866.0000000000113,-426.9999999999996,237.99999999999955,-87.99999999999919,-136.0000000000099,-145.00000000001023,157.00000000000713,-73.00000000000084,653.999999999999,,-4359.000000000019
2016.12.05,-167.00000000000603,-756.0000000000011,-411.00000000000136,-592.9999999999991,-116.99999999998934,26.000000000003798,-913.0000000000083,108.99999999999466,253.99999999999866,-788.0000000000109,-844.0000000000003,-407.0000000000018,438.99999999999295,-219.99999999999798,-115.0000000000091,-146.0000000000008,242.00000000000887,-146.99999999999713,590.0000000000016,,-3964.0000000000227
2016.12.05,-191.99999999999218,-798.9999999999942,-397.00000000000557,-543.999999999989,-62.99999999999084,24.000000000001798,-951.9999999999973,79.9999999999983,277.000000000005,-907.999999999987,-880.0000000000141,-358.00000000001387,411.00000000000136,-263.99999999999756,-159.00000000000603,-27.000000000001023,267.00000000000614,-143.9999999999997,609.9999999999994,,-4017.999999999977
2016.12.05,-131.99999999999878,-723.9999999999914,-402.000000000001,-509.00000000000387,0.0,9.999999999998899,-834.0000000000014,19.99999999999602,270.0000000000036,-837.9999999999939,-730.0000000000084,-144.0000000000108,364.0000000000043,-214.99999999998744,-203.00000000000296,15.999999999991132,326.0000000000041,-115.99999999999389,670.9999999999993,,-3169.9999999999964
2016.12.05,-209.9999999999991,-663.999999999998,-400.0000000000057,-444.9999999999843,-39.999999999995595,-7.9999999999968985,-815.0000000000101,-55.999999999997385,234.00000000000088,-913.0000000000109,-735.000000000019,-277.00000000001614,251.99999999999534,-170.00000000000347,-219.0000000000083,45.000000000001705,218.00000000000708,-112.99999999999643,590.0000000000016,,-3726.0000000000337
2016.12.05,-182.99999999999983,-583.0000000000002,-357.00000000001353,-402.9999999999978,-51.99999999999649,-14.999999999998348,-726.0000000000044,-69.99999999999318,214.99999999999852,-847.9999999999848,-692.0000000000038,-331.999999999999,260.0000000000051,-80.99999999999774,-207.00000000000784,-5.000000000009663,189.00000000000583,-103.99999999999298,558.9999999999984,,-3434.999999999992
2016.12.05,-182.99999999999983,-631.0000000000038,-341.0000000000082,-456.9999999999963,-120.99999999999334,-26.000000000003798,-758.9999999999985,-52.99999999999727,211.00000000000563,-793.0000000000064,-734.0000000000124,-472.00000000000574,262.00000000000045,-60.99999999999994,-198.0000000000075,-51.00000000000193,151.00000000000114,-78.00000000000028,516.0000000000053,,-3818.0000000000227
2016.12.05,-163.00000000000205,-591.9999999999925,-354.0000000000134,-441.0000000000025,-140.99999999999113,-48.000000000003595,-758.0000000000142,-19.000000000005457,204.99999999999963,-828.000000000003,-723.0000000000069,-462.0000000000068,286.00000000000136,-106.00000000000608,-185.00000000000227,-11.00000000000989,87.99999999999919,-161.00000000000003,412.9999999999967,,-4000.000000000063
2016.12.05,-287.9999999999994,-597.9999999999874,-638.0000000000052,-466.9999999999952,-208.99999999999253,-12.000000000000899,-738.0000000000164,-518.0000000000007,107.00000000000153,-1336.0000000000127,-843.0000000000159,-636.9999999999986,-350.9999999999991,-29.999999999996696,-415.9999999999968,-12.000000000000455,43.00000000000415,-124.99999999999733,414.9999999999876,,-6653.000000000022
2016.12.05,-310.0000000000103,-302.0000000000023,-749.0000000000094,-493.99999999999443,-158.99999999999804,-29.999999999996696,-594.0000000000057,-772.9999999999961,-39.999999999995595,-1414.999999999992,-829.0000000000131,-580.0000000000027,-646.0000000000008,368.9999999999971,-502.00000000000955,223.99999999998954,119.00000000000244,-96.99999999999153,514.9999999999987,,-6293.00000000003
2016.12.05,-504.9999999999999,-218.99999999999142,-902.000000000001,-455.99999999998977,-139.99999999999568,9.999999999998899,-733.0000000000059,-992.0000000000044,19.999999999997797,-1924.0000000000066,-974.0000000000082,-679.0000000000074,-1397.9999999999961,563.0000000000024,-697.0000000000027,229.99999999998977,114.00000000000298,-45.99999999999049,570.9999999999882,,-8157.000000000021
2016.12.05,-659.999999999994,194.0000000000053,-951.0000000000076,-397.99999999998727,-92.99999999999864,24.999999999997247,-805.0000000000113,-962.9999999999939,29.000000000001247,-2032.0000000000107,-1167.0000000000068,-851.0000000000017,-1397.0000000000055,1212.9999999999975,-692.0000000000073,328.9999999999935,134.0000000000008,13.00000000000745,626.9999999999998,,-7445.000000000021
2016.12.05,-388.9999999999949,148.00000000001478,-951.0000000000076,-505.99999999998425,-168.99999999999693,53.999999999998494,-656.0000000000122,-891.0000000000053,-4.000000000004,-1819.9999999999932,-1009.0000000000155,-848.0000000000043,-1213.0000000000082,1184.0000000000073,-664.0000000000015,198.99999999999807,60.00000000000449,21.999999999999797,554.9999999999944,,-6898.000000000012
2016.12.05,-587.0000000000042,157.00000000000713,-984.0000000000089,-428.9999999999905,-206.99999999999054,12.000000000000899,-770.000000000004,-923.0000000000018,28.000000000005798,-1989.0000000000043,-1117.0000000000125,-1008.0000000000089,-1304.000000000002,1157.000000000008,-698.0000000000075,316.99999999999307,14.000000000002899,4.999999999999449,493.99999999999443,,-7832.000000000024
2016.12.05,-462.9999999999912,123.00000000000644,-1248.0000000000045,-463.9999999999977,-326.9999999999995,124.99999999999733,-895.0000000000014,-1090.999999999994,90.99999999999665,-2252.999999999986,-1124.0000000000139,-1294.0000000000173,-1486.9999999999948,1212.9999999999975,-840.0000000000034,333.999999999989,-141.99999999999767,55.000000000005045,441.99999999998687,,-9245.000000000022
2016.12.05,-462.9999999999912,158.0000000000137,-1156.000000000006,-459.99999999999375,-325.99999999999295,215.99999999999397,-924.9999999999981,-1034.000000000006,70.99999999999883,-2128.999999999991,-1119.0000000000034,-1307.999999999998,-1634.0000000000005,1435.9999999999927,-782.0000000000107,265.00000000000057,-122.99999999999534,168.00000000000148,536.0000000000032,,-8608.999999999982
2016.12.05,-422.00000000001125,297.9999999999983,-1156.000000000006,-459.99999999999375,-348.9999999999993,185.99999999999727,-737.0000000000099,-1412.0000000000061,-144.99999999999514,-2081.9999999999936,-1049.0000000000111,-1218.000000000008,-2251.0000000000045,1699.0000000000061,-861.0000000000042,281.9999999999965,-189.99999999999017,155.00000000000514,537.9999999999941,,-9174.000000000036
2016.12.05,-544.9999999999955,795.9999999999967,-1195.0000000000073,-405.9999999999952,-279.99999999999136,165.00000000000404,-390.0000000000015,-1507.000000000005,-192.99999999999872,-2348.9999999999895,-1194.0000000000061,-1256.999999999997,-2281.000000000006,2319.0000000000045,-871.0000000000093,265.00000000000057,-202.9999999999976,267.00000000000614,546.000000000002,,-8312.999999999989
2016.12.05,-584.9999999999911,783.0000000000003,-1275.0000000000057,-475.0000000000032,-239.99999999999577,288.9999999999948,-442.00000000000904,-1543.0000000000064,-229.99999999999687,-2393.000000000001,-1274.0000000000196,-1297.0000000000148,-2302.9999999999973,2500.9999999999977,-856.9999999999993,295.0000000000017,-32.999999999994145,279.00000000000705,757.999999999992,,-8042.000000000039
2016.12.05,-429.99999999999704,653.0000000000147,-1242.0000000000045,-412.9999999999967,-238.99999999998923,244.99999999999523,-279.00000000000705,-1563.0000000000023,-202.9999999999976,-2247.9999999999905,-1022.0000000000118,-1077.0000000000168,-2135.9999999999955,2222.9999999999973,-873.0000000000047,266.9999999999959,-60.99999999999994,274.00000000000756,756.9999999999854,,-7367.000000000018
2016.12.05,-482.00000000000466,746.0000000000023,-1124.0000000000095,-224.99999999998633,-143.9999999999997,171.99999999999437,-211.00000000000563,-1585.9999999999986,-176.99999999999383,-2151.0000000000105,-827.0,-895.0000000000014,-2164.0000000000014,2232.000000000012,-956.0000000000031,253.0000000000001,-87.99999999999919,277.000000000005,727.9999999999953,,-6622.000000000006
2016.12.05,-490.999999999997,672.0000000000059,-1180.0000000000068,-231.0000000000034,-175.99999999999838,265.99999999999955,-303.0000000000088,-1500.0,-129.00000000000134,-2206.9999999999936,-836.0000000000146,-948.0000000000155,-2048.000000000002,2323.000000000008,-1022.0000000000056,238.9999999999901,-167.9999999999904,392.9999999999989,856.9999999999967,,-6489.000000000038
2016.12.05,-574.9999999999922,694.0000000000168,-1096.0000000000036,-117.99999999999588,-111.99999999998988,187.9999999999993,-245.0000000000063,-1594.9999999999989,-104.99999999999955,-2174.0000000000064,-774.000000000008,-840.0000000000185,-2250.0,2326.000000000006,-1066.0000000000025,266.9999999999959,-109.99999999999899,419.00000000000273,906.0000000000068,,-6259.9999999999945
2016.12.05,-534.9999999999966,981.0000000000097,-1243.9999999999998,35.00000000000725,-36.999999999998145,95.00000000000064,-127.00000000001043,-1734.9999999999995,-66.99999999999484,-2276.999999999987,-518.0000000000184,-675.0000000000034,-2609.9999999999995,2516.0000000000073,-1225.0000000000086,227.99999999999443,-170.99999999999892,411.0000000000058,709.0000000000041,,-6245.999999999987
2016.12.05,-462.9999999999912,1050.0000000000175,-1574.0000000000123,-46.999999999997044,-58.99999999999794,90.0000000000012,-306.00000000000625,-2022.9999999999961,-68.99999999999685,-2663.9999999999873,-571.0000000000103,-683.0000000000114,-2971.999999999994,2446.999999999999,-1427.9999999999973,438.99999999999295,-180.99999999999784,315.0000000000097,699.0000000000052,,-7999.999999999971
2016.12.05,-526.0000000000042,1058.0000000000034,-1553.0000000000114,-1.999999999990898,31.000000000003247,-92.99999999999864,-365.99999999999966,-1867.0000000000045,31.000000000003247,-2739.0000000000045,-640.0000000000183,-602.999999999998,-2951.0000000000077,2024.0000000000036,-1376.0000000000048,741.9999999999902,1.0000000000065512,162.0000000000066,751.9999999999972,,-7915.000000000026
2016.12.05,-388.9999999999949,1011.0000000000064,-1250.0,181.00000000000892,198.00000000000927,-224.9999999999974,-330.0000000000081,-1435.0000000000023,199.00000000000472,-2123.9999999999955,-215.00000000000963,61.99999999998429,-2486.000000000004,1761.9999999999968,-1353.0000000000086,762.0000000000005,7.0000000000014495,28.000000000005798,709.0000000000041,,-4888.0
2016.12.05,-313.99999999999204,1000.0000000000009,-1069.0000000000027,114.99999999999844,233.00000000000543,-258.9999999999981,-273.9999999999965,-1290.9999999999968,143.00000000000423,-1866.9999999999902,-200.00000000000017,153.00000000000313,-2293.0000000000064,1635.0000000000086,-1103.0000000000086,753.0000000000001,146.00000000000168,-59.99999999999339,624.0000000000023,,-3927.9999999999604
2016.12.05,-320.00000000000915,1050.0000000000175,-982.0000000000135,70.0000000000145,253.0000000000032,-290.00000000000136,-199.00000000001583,-1332.9999999999984,92.99999999999864,-1794.0000000000111,-238.0000000000049,200.99999999998454,-2332.0000000000077,1682.0000000000057,-1061.000000000007,750.9999999999906,187.9999999999993,-78.99999999999574,597.0000000000031,,-3743.0000000000477
2016.12.05,-421.0000000000047,1190.0000000000023,-854.0000000000134,236.99999999999832,301.0000000000068,-438.00000000000506,17.999999999984695,-1286.0000000000014,-10.999999999994348,-1585.000000000008,-43.999999999999595,309.99999999998806,-2230.000000000004,1631.0000000000048,-996.9999999999999,435.0000000000023,156.00000000000057,-130.99999999999224,529.0000000000017,,-3190.000000000033
2016.12.05,-663.999999999998,1419.0000000000148,-437.0000000000118,350.00000000000585,368.00000000000165,-483.99999999999557,-7.0000000000014495,-1168.9999999999968,-75.9999999999983,-1371.9999999999857,-333.0000000000055,96.99999999999153,-2302.000000000007,1886.00000000001,-743.9999999999998,331.99999999999363,182.99999999999983,-143.9999999999997,563.0000000000024,,-2533.99999999998
2016.12.05,-556.0000000000009,1550.0000000000068,-462.0000000000033,297.9999999999983,342.000000000009,-412.00000000000125,25.999999999992696,-1138.999999999996,-68.00000000000139,-1407.0000000000107,-278.00000000000045,92.00000000000318,-2262.0000000000005,2126.0000000000055,-780.0000000000011,496.9999999999999,154.0000000000097,-83.9999999999952,570.0000000000039,,-1792.9999999999807
2016.12.05,-594.99999999999,1557.0000000000084,-585.000000000008,219.99999999999798,308.00000000000824,-390.99999999999693,96.99999999999153,-1307.9999999999927,-122.99999999999534,-1490.9999999999854,-312.00000000000114,22.999999999995246,-2382.000000000005,2195.999999999998,-807.0000000000022,471.9999999999942,165.9999999999995,-81.9999999999932,573.9999999999857,,-2462.999999999991
2016.12.05,-543.0000000000045,1500.9999999999968,-580.0000000000125,158.0000000000137,278.00000000000045,-309.0000000000037,80.99999999999774,-1293.9999999999968,-154.99999999999403,-1497.9999999999905,-435.0000000000076,-25.00000000000835,-2382.000000000005,2303.999999999995,-761.0000000000099,475.9999999999991,204.99999999999963,-67.9999999999903,624.0000000000023,,-2423.000000000019
2016.12.05,-480.99999999999807,1445.0000000000073,-596.0000000000036,104.99999999999955,230.000000000008,-261.0000000000001,75.99999999998718,-1254.9999999999955,-139.00000000000023,-1463.9999999999986,-398.00000000000944,-63.000000000013046,-2284.9999999999964,2239.9999999999977,-734.0000000000089,454.9999999999983,148.99999999999915,-64.99999999999284,561.9999999999958,,-2479.000000000023
2016.12.05,-479.0000000000072,1426.0000000000161,-566.0000000000025,66.99999999999484,191.00000000000784,-275.99999999999847,41.000000000002146,-1224.9999999999943,-151.9999999999966,-1477.0000000000039,-511.000000000017,-206.00000000001728,-2227.9999999999945,2150.999999999992,-683.9999999999975,464.9999999999892,142.00000000000878,-113.99999999999189,519.9999999999872,,-2915.000000000023
2016.12.05,-516.9999999999897,1429.999999999998,-598.0000000000132,60.000000000015596,182.00000000000438,-309.99999999999915,53.999999999998494,-1287.0000000000061,-178.00000000000037,-1530.0000000000011,-520.0000000000093,-249.00000000001032,-2278.9999999999964,2122.000000000002,-728.0000000000086,546.999999999997,108.00000000000809,-156.99999999999602,445.0000000000065,,-3405.0000000000005
2016.12.05,-527.9999999999951,1435.0000000000084,-679.000000000002,121.99999999999989,192.00000000000327,-365.0000000000042,48.99999999998794,-1361.000000000004,-156.00000000000057,-1662.0000000000061,-486.00000000000864,-235.00000000000742,-2364.999999999995,1997.0000000000043,-799.0000000000066,580.9999999999889,119.00000000000244,-191.99999999999218,401.99999999999125,,-3931.000000000034
2016.12.06,-510.99999999999477,1414.000000000004,-669.0000000000111,103.00000000000864,215.00000000000963,-356.00000000000074,2.999999999997449,-1391.0000000000055,-207.00000000000162,-1646.9999999999914,-490.0000000000126,-151.00000000001222,-2352.9999999999945,1381.9999999999943,-770.0000000000102,609.9999999999994,157.00000000000713,-188.9999999999947,421.99999999998903,,-4428.00000000002
2016.12.06,-536.0000000000032,1398.0000000000105,-677.0000000000067,121.99999999999989,193.00000000000983,-346.9999999999973,2.999999999997449,-1379.9999999999955,-205.99999999999508,-1650.0000000000057,-500.00000000001154,-226.99999999999943,-2329.0000000000077,1978.9999999999975,-772.0000000000056,620.9999999999951,148.99999999999915,-182.99999999999983,380.00000000000256,,-3962.0000000000146
2016.12.06,-546.000000000002,1375.9999999999995,-637.0000000000005,100.0000000000112,217.0000000000005,-409.99999999999926,21.999999999988695,-1326.9999999999982,-151.9999999999966,-1609.0000000000089,-501.0000000000181,-200.00000000000017,-2280.000000000001,1882.000000000006,-771.0000000000008,625.9999999999906,148.99999999999915,-226.99999999999943,384.9999999999909,,-3903.0000000000373
2016.12.06,-497.99999999999847,1364.0000000000095,-751.0000000000048,80.00000000001339,218.00000000000708,-394.00000000000546,14.000000000002899,-1388.0000000000052,-124.99999999999733,-1710.000000000008,-497.0000000000141,-153.00000000000313,-2343.0000000000036,1896.9999999999932,-826.9999999999982,671.999999999997,186.00000000000838,-217.0000000000005,438.9999999999894,,-4033.0000000000186
2016.12.06,-541.9999999999981,1360.0000000000057,-729.0000000000134,100.99999999999554,226.00000000000398,-468.00000000000176,4.999999999988347,-1356.9999999999993,-119.99999999999788,-1700.9999999999934,-485.0000000000021,-138.0000000000159,-2341.000000000008,1700.0000000000125,-819.0000000000026,634.0000000000003,175.00000000000293,-314.99999999999864,324.9999999999975,,-4489.000000000025
2016.12.06,-502.00000000000244,1327.0000000000116,-567.0000000000073,46.999999999997044,63.00000000000195,-458.00000000000284,7.999999999985796,-1173.0000000000018,-141.99999999999767,-1421.999999999997,-503.000000000009,-509.00000000000387,-2103.999999999999,1649.0000000000116,-661.0000000000014,561.9999999999976,-26.999999999999247,-336.9999999999984,82.99999999998863,,-4666.0000000000255
2016.12.06,-554.9999999999944,1364.0000000000095,-515.0000000000006,110.00000000001009,21.999999999999797,-431.99999999999903,1.999999999990898,-1174.0000000000066,-131.00000000000333,-1473.9999999999895,-492.0000000000035,-659.0000000000095,-2093.0000000000036,1756.000000000002,-674.0000000000066,491.9999999999902,-102.99999999999754,-300.0000000000003,82.00000000000429,,-4774.000000000007
2016.12.06,-594.99999999999,1390.0000000000023,-535.0000000000108,137.00000000000932,31.000000000003247,-468.00000000000176,-22.0000000000109,-1198.9999999999982,-136.00000000000279,-1537.0000000000061,-574.0000000000078,-724.9999999999978,-2138.0000000000055,1757.999999999993,-677.9999999999973,625.9999999999906,-92.99999999999864,-334.9999999999964,28.000000000005798,,-5065.00000000002
2016.12.06,-605.9999999999955,1419.999999999999,-491.00000000001387,124.99999999999733,-2.999999999997449,-465.9999999999998,-21.00000000000435,-1189.9999999999977,-156.00000000000057,-1516.999999999996,-602.0000000000136,-801.0000000000073,-2135.9999999999955,1764.00000000001,-648.0000000000103,572.0000000000027,-137.9999999999937,-336.9999999999984,0.0,,-5231.000000000014
2016.12.06,-703.0000000000092,1453.9999999999998,-458.0000000000126,103.00000000000864,30.000000000007798,-480.99999999999807,-83.9999999999952,-1188.999999999993,-180.99999999999784,-1564.9999999999977,-725.0000000000201,-840.0000000000185,-2140.0000000000005,1793.0000000000002,-614.0000000000043,609.9999999999994,-73.99999999999629,-344.99999999999534,7.0000000000014495,,-5402.000000000021
2016.12.06,-707.9999999999975,1411.0000000000066,-473.0000000000132,32.0000000000098,-50.99999999998994,-512.0000000000014,-136.00000000000279,-1168.0000000000064,-181.9999999999933,-1603.0000000000086,-804.0000000000047,-1009.0000000000155,-2132.9999999999955,1686.0000000000098,-628.0000000000001,-28.000000000005798,-117.99999999999588,-383.0,24.000000000001798,,-6783.000000000002
2016.12.06,-700.999999999996,1334.000000000013,-606.0000000000088,55.000000000005045,-18.999999999991246,-317.0000000000006,-160.00000000000458,-1230.000000000004,-175.00000000000293,-1723.9999999999895,-795.0000000000124,-957.0000000000078,-2162.0000000000064,1973.0000000000025,-685.0000000000023,217.9999999999893,-112.99999999999643,-185.99999999999727,258.0000000000027,,-5992.000000000009
2016.12.06,-730.9999999999927,1344.0000000000118,-639.00000000001,36.999999999998145,51.000000000001044,-522.9999999999957,-211.00000000000563,-1245.0000000000045,-148.0000000000037,-1775.0000000000057,-840.0000000000185,-765.0000000000157,-2210.9999999999986,1578.999999999997,-704.0000000000077,563.999999999993,14.000000000002899,-462.9999999999912,24.999999999986144,,-6641.00000000006
2016.12.06,-672.9999999999902,1374.0000000000086,-615.0000000000091,18.0000000000069,81.00000000000884,-478.9999999999961,-177.00000000000495,-1233.9999999999945,-153.99999999999858,-1758.9999999999861,-823.0000000000182,-714.999999999999,-2186.0000000000073,1662.000000000008,-674.9999999999972,634.0000000000003,56.0000000000005,-417.0000000000007,56.99999999999594,,-6024.999999999973
2016.12.06,-730.0000000000084,1365.0000000000161,-618.0000000000092,-1.999999999990898,84.0000000000063,-353.99999999999875,-226.99999999999943,-1242.999999999995,-176.99999999999383,-1830.0000000000125,-922.0000000000006,-760.0000000000051,-2197.0000000000027,1900.999999999997,-668.0000000000064,591.9999999999987,64.0000000000085,-271.9999999999945,221.00000000000452,,-5772.999999999986
2016.12.06,-690.9999999999972,1351.9999999999977,-694.0000000000026,19.999999999997797,24.000000000001798,-339.99999999999585,-171.00000000001003,-1308.9999999999975,-180.0000000000024,-1847.0000000000084,-829.0000000000131,-834.0000000000014,-2272.9999999999964,1964.0000000000102,-727.0000000000039,577.9999999999887,-13.999999999991797,-249.99999999999466,232.99999999999432,,-5988.000000000024
2016.12.06,-703.0000000000092,1266.999999999996,-942.0000000000073,2.0000000000131024,-75.9999999999983,-346.9999999999973,-252.0000000000078,-1474.9999999999943,-143.00000000000423,-2157.000000000011,-845.0000000000068,-1023.0000000000183,-2429.000000000002,1873.999999999998,-899.0000000000009,650.9999999999962,-137.9999999999937,-227.99999999999488,136.99999999998712,,-7726.000000000055
2016.12.06,-791.9999999999927,1227.0000000000002,-957.0000000000078,4.000000000004,-76.99999999999375,-253.99999999999866,-370.00000000000364,-1513.999999999996,-124.99999999999733,-2319.999999999993,-957.0000000000078,-1148.0000000000157,-2415.999999999997,1991.9999999999939,-926.0000000000019,631.0000000000002,-134.0000000000008,-132.99999999999423,177.99999999998929,,-8091.000000000013
2016.12.06,-825.0000000000091,1195.0000000000127,-944.0000000000026,-4.000000000004,-76.99999999999375,-290.9999999999968,-365.0000000000153,-1487.9999999999995,-131.99999999999878,-2252.999999999986,-928.0000000000177,-1157.000000000008,-2367.999999999995,1947.0000000000098,-903.0000000000058,598.9999999999895,-121.99999999999989,-88.99999999999464,263.99999999999756,,-7941.000000000019
2016.12.06,-836.9999999999989,1346.0000000000027,-766.0000000000053,165.9999999999995,-32.999999999994145,-336.00000000000296,-256.99999999999613,-1471.999999999994,-124.99999999999733,-2064.9999999999977,-861.0000000000007,-1126.0000000000048,-2391.999999999996,1964.9999999999945,-891.0000000000053,558.9999999999975,-259.9999999999936,-103.99999999999298,177.00000000000495,,-7311.999999999981
2016.12.06,-859.9999999999941,1385.000000000014,-767.0000000000101,124.00000000001299,-151.9999999999966,-309.99999999999915,-188.00000000001037,-1519.999999999996,-192.00000000000327,-2048.000000000002,-819.0000000000142,-1438.000000000006,-2617.999999999995,2078.0000000000023,-871.9999999999999,539.999999999992,-386.9999999999929,-35.999999999991594,76.99999999999375,,-8002.999999999995
2016.12.06,-875.0000000000035,1516.0000000000061,-741.0000000000139,127.99999999999478,-175.99999999999838,-234.99999999999633,-181.00000000000892,-1554.9999999999927,-224.9999999999974,-2139.9999999999864,-938.0000000000166,-1551.0000000000134,-2543.0000000000064,2412.9999999999986,-837.0000000000033,503.0000000000001,-378.00000000000057,-3.999999999992898,96.00000000000719,,-7723.000000000025
2016.12.06,-957.9999999999922,1488.0000000000005,-786.0000000000014,138.0000000000159,-118.99999999999133,-261.0000000000001,-289.0000000000059,-1534.9999999999966,-195.9999999999962,-2252.999999999986,-1014.0000000000038,-1536.000000000004,-2625.0,2313.9999999999936,-882.000000000005,533.9999999999918,-298.9999999999937,-28.999999999990145,123.00000000000644,,-8184.999999999957
2016.12.06,-966.0000000000002,1438.000000000006,-935.0000000000023,143.00000000000423,-133.99999999998968,-200.00000000000017,-344.99999999999534,-1641.0000000000055,-154.99999999999403,-2330.999999999989,-935.0000000000191,-1530.000000000009,-2661.0000000000014,2387.000000000006,-1067.9999999999977,531.9999999999965,-361.9999999999957,63.00000000000195,198.99999999999363,,-8500.999999999993
2016.12.06,-835.000000000008,1451.0000000000023,-987.000000000009,231.0000000000034,-82.99999999999974,-168.99999999999693,-266.0000000000107,-1641.999999999996,-68.99999999999685,-2307.9999999999927,-718.0000000000186,-1263.9999999999984,-2716.9999999999986,2439.000000000013,-1087.0000000000032,610.99999999999,-337.99999999999386,139.00000000000023,279.00000000000705,,-7333.0000000000055
2016.12.06,-828.0000000000065,1483.9999999999964,-914.0000000000015,154.99999999999403,-136.99999999999824,-211.00000000000563,-314.99999999999864,-1581.9999999999936,-143.00000000000423,-2284.9999999999964,-792.0000000000149,-1412.0000000000132,-2680.9999999999973,2424.000000000004,-1036.0000000000014,595.9999999999894,-395.0000000000009,21.00000000000435,177.00000000000495,,-7874.000000000041
2016.12.06,-856.9999999999967,1428.000000000007,-910.0000000000108,154.0000000000097,-88.99999999999464,-243.99999999999977,-322.00000000000006,-1572.9999999999932,-134.0000000000008,-2294.000000000011,-828.0000000000065,-1296.0000000000082,-2637.0000000000005,2319.0000000000045,-975.9999999999991,667.0000000000016,-268.99999999999704,1.0000000000065512,190.99999999998562,,-7669.000000000004
2016.12.06,-819.9999999999985,1114.9999999999993,-931.0000000000116,121.00000000001555,-77.99999999998919,-202.9999999999976,-443.0000000000156,-1591.9999999999986,-100.99999999999554,-2284.9999999999964,-801.0000000000073,-1235.0000000000084,-2637.0000000000005,1924.9999999999989,-996.0000000000093,542.0000000000016,-258.9999999999981,51.000000000001044,255.00000000000523,,-8372.000000000004
2016.12.06,-761.999999999996,1129.0000000000023,-865.0000000000091,43.00000000001525,-15.999999999993797,-221.00000000000452,-459.0000000000094,-1317.9999999999977,-32.999999999994145,-2161.0000000000014,-815.0000000000101,-1041.000000000003,-2244.0,1906.999999999992,-939.9999999999977,524.9999999999915,-165.9999999999995,-34.99999999999615,378.999999999996,,-7093.000000000013
2016.12.06,-734.9999999999968,1150.0000000000066,-721.0000000000036,32.999999999994145,7.0000000000014495,-243.00000000000432,-443.99999999999994,-1171.999999999997,-46.00000000000159,-1899.000000000001,-819.0000000000142,-884.0000000000181,-2129.9999999999955,1966.0000000000011,-862.000000000009,438.0000000000024,-134.0000000000008,-35.999999999991594,377.0000000000051,,-6154.000000000023
2016.12.06,-726.0000000000044,1116.000000000006,-771.0000000000008,18.0000000000069,29.000000000001247,-221.99999999999997,-500.9999999999959,-1176.0000000000018,-44.99999999999504,-1967.000000000013,-861.0000000000007,-859.0000000000098,-2147.9999999999964,1950.0000000000073,-910.0000000000108,524.0000000000009,-137.9999999999937,-90.0000000000012,415.99999999999415,,-6361.000000000007
2016.12.06,-896.000000000008,1095.0000000000016,-757.000000000005,-222.99999999999542,37.00000000000925,-229.99999999999687,-724.9999999999978,-1177.0000000000068,-104.99999999999955,-2120.0000000000045,-1404.0000000000052,-1053.000000000015,-2159.000000000006,1851.0000000000027,-835.9999999999985,519.999999999996,-15.999999999993797,-212.00000000000108,438.9999999999894,,-7971.000000000036
2016.12.06,-914.9999999999991,1050.0000000000175,-857.0000000000135,-272.00000000000557,-40.99999999999105,-200.99999999999562,-738.0000000000164,-1114.0000000000043,-87.99999999999919,-2169.000000000011,-1372.0000000000177,-1123.0000000000073,-2167.000000000002,1912.0000000000025,-736.0000000000042,512.0000000000005,29.000000000001247,-198.99999999999363,407.0000000000018,,-8082.000000000038
2016.12.06,-804.0000000000047,1140.0000000000077,-828.000000000003,-180.0000000000024,-37.99999999999359,-170.00000000000347,-690.0000000000128,-1140.0000000000005,-107.99999999999699,-2141.999999999996,-1206.0000000000182,-1124.9999999999982,-2174.9999999999973,2052.0000000000095,-758.0000000000098,459.99999999999375,19.00000000000235,-112.000000000001,404.9999999999887,,-7400.000000000035
2016.12.06,-626.9999999999998,1059.00000000001,-897.0000000000056,-197.00000000000273,-28.999999999990145,-182.99999999999983,-478.0000000000006,-1212.9999999999939,-161.00000000000003,-2004.9999999999955,-1006.000000000018,-841.0000000000028,-2180.9999999999973,2052.0000000000095,-751.0000000000048,423.0000000000018,72.0000000000054,-131.99999999999878,469.99999999999267,,-6624.999999999991
2016.12.06,-520.9999999999936,1105.0000000000005,-795.0000000000017,-177.99999999998929,9.00000000000345,-209.9999999999991,-208.00000000000819,-1168.0000000000064,-146.99999999999713,-1693.9999999999884,-775.0000000000146,-526.0000000000042,-2132.000000000005,2063.999999999999,-746.0000000000093,426.00000000000193,91.00000000000774,-129.9999999999968,492.0000000000035,,-5042.999999999996
2016.12.06,-405.0000000000109,1090.9999999999975,-799.0000000000066,-92.00000000000318,50.0000000000056,-104.99999999999955,-148.00000000001478,-1177.0000000000068,-63.00000000000195,-1620.0000000000045,-558.9999999999984,-391.000000000008,-2112.9999999999995,2062.9999999999927,-758.0000000000098,426.00000000000193,65.99999999999939,21.999999999999797,570.9999999999882,,-3941.000000000079
2016.12.06,-441.0000000000025,991.0000000000085,-794.0000000000111,-56.99999999999594,32.0000000000098,-78.99999999999574,-141.99999999999767,-1290.9999999999968,-80.00000000000229,-1698.0000000000075,-546.000000000002,-495.000000000001,-2167.000000000002,2044.0000000000014,-829.0000000000077,384.00000000000034,-14.999999999998348,50.0000000000056,597.9999999999874,,-4535.000000000007
2016.12.06,-295.0000000000008,808.0000000000088,-885.0000000000051,-36.999999999998145,-46.999999999997044,-31.999999999998696,-77.00000000001594,-1176.0000000000018,-2.000000000002,-1557.9999999999927,-338.0000000000161,-307.99999999999716,-1945.0000000000073,1879.9999999999927,-859.9999999999994,385.9999999999957,-88.99999999999464,139.00000000000023,624.0000000000023,,-3812.000000000027
2016.12.06,-24.000000000001798,839.9999999999964,-813.0000000000024,-35.999999999991594,-7.9999999999968985,-51.99999999999649,29.999999999996696,-1042.0000000000016,77.00000000000485,-1234.9999999999852,76.99999999999375,86.99999999999264,-1831.0000000000032,1868.000000000003,-826.9999999999982,372.99999999999045,-12.000000000000899,118.00000000000699,577.0000000000052,,-1832.9999999999884
2016.12.06,17.000000000000348,904.0000000000159,-821.0000000000122,-31.999999999987594,-4.999999999999449,-53.999999999998494,92.99999999998754,-1066.0000000000025,56.0000000000005,-1217.000000000013,74.99999999998064,48.99999999998794,-1921.0000000000064,1917.0000000000132,-811.9999999999976,352.99999999999443,-35.999999999991594,93.00000000000975,585.9999999999976,,-1821.0000000000218
2016.12.06,22.0000000000109,869.0000000000086,-858.0000000000041,-55.000000000005045,-28.999999999990145,15.999999999993797,17.999999999984695,-1052.9999999999973,78.00000000000028,-1234.9999999999852,24.000000000001798,0.0,-1890.0000000000005,2000.0000000000018,-808.9999999999975,354.99999999998977,-36.999999999998145,182.99999999999983,641.999999999987,,-1758.9999999999993
2016.12.06,8.999999999992347,909.0000000000042,-841.0000000000082,-46.999999999997044,-7.9999999999968985,-11.00000000000545,0.0,-1022.0000000000056,97.00000000000264,-1256.0000000000002,10.999999999983245,25.999999999992696,-1924.0000000000066,2005.9999999999966,-795.0000000000017,371.9999999999999,-18.999999999991246,142.00000000000878,642.9999999999936,,-1708.000000000039
2016.12.06,-31.000000000003247,926.0000000000045,-895.0000000000102,-86.99999999999264,50.0000000000056,-58.000000000002494,19.999999999997797,-1120.0000000000045,51.000000000001044,-1389.9999999999864,-103.00000000000864,123.99999999999079,-2054.000000000002,1967.999999999992,-808.9999999999975,438.99999999999295,63.00000000000195,78.00000000000028,639.9999999999961,,-2188.0000000000246
2016.12.06,-48.000000000003595,961.0000000000118,-888.0000000000052,-100.99999999999554,65.00000000000395,-58.000000000002494,17.000000000000348,-1123.9999999999952,12.999999999996348,-1372.9999999999905,-99.00000000000463,130.99999999999224,-2043.0000000000064,1990.000000000003,-799.0000000000066,426.9999999999925,118.00000000000699,72.0000000000054,676.9999999999943,,-2062.0000000000027
2016.12.06,22.0000000000109,972.0000000000173,-921.0000000000065,-105.99999999998388,53.00000000000304,-56.99999999999594,146.99999999998602,-1162.0000000000061,12.999999999996348,-1283.9999999999918,2.999999999997449,215.99999999999397,-2076.0000000000077,2037.0,-864.0000000000043,430.9999999999974,75.00000000000284,97.00000000000264,666.9999999999953,,-1736.9999999999936
2016.12.06,8.000000000008,1007.0000000000024,-868.9999999999998,-12.999999999996348,98.0000000000092,-97.00000000000264,116.99999999998934,-1129.9999999999955,60.00000000000449,-1274.000000000001,52.99999999999194,247.99999999998158,-2055.000000000007,1950.0000000000073,-856.9999999999993,484.99999999999943,89.00000000000574,70.0000000000034,624.9999999999867,,-1485.0000000000118
2016.12.06,-41.000000000002146,983.0000000000006,-834.0000000000032,32.999999999994145,98.0000000000092,-141.99999999999767,65.99999999998829,-1122.0,77.00000000000485,-1314.9999999999977,70.99999999999883,190.00000000000128,-2039.0000000000014,1812.999999999998,-868.9999999999998,512.0000000000005,39.00000000000014,51.000000000001044,553.9999999999878,,-1875.0000000000182
2016.12.07,-11.999999999989797,982.0000000000161,-849.0000000000038,51.000000000001044,67.00000000000594,-138.00000000000477,102.00000000000209,-1131.0000000000002,45.000000000006146,-1312.0000000000118,90.99999999999665,180.0000000000024,-2025.0000000000057,1771.999999999996,-865.9999999999997,485.99999999999,10.000000000010001,41.000000000002146,546.9999999999864,,-1959.0000000000005
2016.12.07,-32.999999999994145,982.0000000000161,-878.0000000000001,59.000000000009045,104.00000000000409,-136.99999999999824,96.99999999999153,-1191.0000000000025,31.000000000003247,-1364.0000000000043,70.99999999999883,200.00000000000017,-2076.0000000000077,1805.9999999999966,-887.0000000000005,543.9999999999969,47.00000000000814,38.0000000000047,558.9999999999984,,-2027.9999999999798
2016.12.07,-43.999999999999595,1002.000000000014,-839.0000000000128,51.000000000001044,100.00000000000009,-163.99999999999747,105.99999999998388,-1141.999999999996,51.000000000001044,-1319.9999999999932,57.99999999998029,203.99999999998198,-2040.0000000000064,1810.0000000000005,-858.0000000000041,524.0000000000009,54.00000000000959,17.000000000000348,592.9999999999991,,-1837.0000000000364
2016.12.07,-7.0000000000014495,997.0000000000034,-857.0000000000135,63.99999999999739,147.00000000000824,-156.99999999999602,133.00000000000534,-1149.000000000001,77.00000000000485,-1240.9999999999854,129.99999999998568,332.9999999999833,-2030.0000000000011,1805.9999999999966,-873.0000000000047,528.9999999999964,114.00000000000298,25.00000000000835,591.9999999999925,,-1367.000000000018
2016.12.07,65.00000000000395,984.000000000007,-1007.000000000005,66.00000000001049,155.00000000000514,-165.00000000000404,197.99999999998707,-1286.0000000000014,92.00000000000318,-1387.0000000000005,215.99999999999397,475.99999999998755,-2173.000000000002,1800.0000000000016,-1004.0000000000049,552.9999999999973,132.0000000000099,33.000000000005244,692.0000000000038,,-1560.0000000000014
2016.12.07,92.00000000000318,951.000000000013,-1088.0000000000082,-21.00000000000435,-324.9999999999975,-156.00000000000057,214.99999999998744,-1347.999999999999,51.99999999999649,-1344.9999999999989,175.99999999999838,-501.0000000000181,-2221.0000000000036,1757.999999999993,-1010.0000000000051,420.99999999999227,-457.99999999999176,1.0000000000065512,28.999999999990145,,-4778.000000000048
2016.12.07,157.99999999999147,948.9999999999999,-1110.0000000000136,-34.000000000000696,-291.99999999999227,-145.00000000000622,273.9999999999965,-1364.0000000000043,34.99999999999615,-1406.000000000006,251.00000000000122,-407.0000000000018,-2240.9999999999995,1754.0000000000111,-1031.000000000006,600.9999999999991,-401.99999999999125,15.00000000000945,72.99999999998974,,-4322.000000000027
2016.12.07,55.000000000005045,995.0000000000125,-986.0000000000042,-48.99999999998794,-232.99999999999432,-200.99999999999562,253.99999999999866,-1277.000000000001,-5.999999999994898,-1272.9999999999961,80.99999999999774,-390.0000000000015,-2165.0000000000064,1785.9999999999986,-929.000000000002,558.9999999999975,-323.99999999999096,-65.99999999999939,85.99999999998609,,-4082.9999999999786
2016.12.07,76.0000000000094,999.0000000000166,-934.0000000000117,-51.000000000001044,-249.99999999999466,-117.99999999999588,256.99999999999613,-1248.9999999999952,-2.000000000002,-1292.0000000000016,98.99999999998244,-377.0000000000051,-2123.9999999999955,1889.9999999999916,-861.0000000000042,546.999999999997,-327.99999999999494,-4.999999999999449,130.99999999999224,,-3592.000000000016
2016.12.07,137.9999999999937,1000.0000000000009,-955.0000000000125,-72.99999999998974,-253.99999999999866,-129.00000000000134,309.0000000000037,-1257.9999999999955,-9.999999999998899,-1234.0000000000089,141.99999999999767,-343.00000000000443,-2131.0,1876.000000000011,-867.0000000000044,557.0000000000022,-308.9999999999926,-25.999999999992696,140.99999999999113,,-3426.0
2016.12.07,59.000000000009045,1019.0000000000143,-904.0000000000106,-65.00000000000395,-187.9999999999993,-185.99999999999727,263.99999999999756,-1239.0000000000043,-26.000000000003798,-1270.9999999999866,46.999999999997044,-272.00000000000557,-2108.9999999999945,1810.0000000000005,-825.0000000000028,548.9999999999924,-227.99999999999488,-80.99999999999774,167.9999999999904,,-3478.0000000000005
2016.12.07,130.99999999999224,1019.9999999999986,-884.0000000000003,-44.99999999998394,-140.99999999999113,-177.00000000000495,353.0000000000033,-1248.9999999999952,-29.999999999996696,-1134.999999999991,158.99999999999804,-113.00000000000753,-2097.999999999999,1797.000000000004,-831.0000000000031,569.0000000000026,-180.99999999999784,-78.00000000000028,191.99999999999218,,-2740.9999999999804
2016.12.07,158.99999999999804,1002.9999999999983,-966.0000000000082,-35.999999999991594,-188.9999999999947,-163.00000000000205,366.999999999984,-1310.0000000000023,-19.00000000000235,-1243.9999999999998,213.99999999998087,-207.00000000000162,-2186.0000000000073,1846.9999999999986,-889.00000000001,611.9999999999948,-253.99999999999866,-56.0000000000005,173.00000000000094,,-3144.0000000000637
2016.12.07,144.0000000000108,1034.0000000000016,-992.0000000000044,-43.999999999999595,-205.99999999999508,-124.99999999999733,347.9999999999928,-1338.9999999999986,-14.999999999998348,-1295.9999999999923,182.99999999999983,-282.0000000000045,-2236.000000000004,1919.000000000004,-910.0000000000108,632.9999999999956,-275.99999999999847,-2.999999999997449,156.00000000000057,,-3306.999999999996
2016.12.07,124.99999999999733,1011.0000000000064,-1094.0000000000082,-86.99999999999264,-214.99999999999852,-126.0000000000039,331.999999999999,-1445.999999999998,-43.00000000000415,-1402.9999999999916,130.99999999999224,-307.00000000001285,-2308.9999999999973,1880.9999999999993,-954.9999999999983,634.0000000000003,-267.99999999999045,-28.999999999990145,136.99999999998712,,-4031.0000000000045
2016.12.07,175.99999999999838,995.0000000000125,-1104.0000000000134,-85.99999999998609,-215.99999999999397,-139.00000000000023,375.9999999999986,-1450.0000000000027,-39.999999999995595,-1420.9999999999923,229.99999999999687,-204.00000000000418,-2308.000000000007,1829.9999999999982,-1022.0000000000056,676.9999999999925,-254.99999999999412,-34.99999999999615,150.00000000000568,,-3845.999999999988
2016.12.07,164.99999999999292,1011.0000000000064,-1101.0000000000132,-31.000000000003247,-162.99999999999093,-161.99999999999548,383.0,-1447.0000000000027,-24.999999999997247,-1405.0000000000011,242.99999999999324,-124.00000000001299,-2307.0000000000023,1845.999999999992,-1016.0000000000053,707.9999999999984,-239.99999999999577,-41.9999999999976,187.99999999998818,,-3519.000000000048
2016.12.07,190.00000000000128,957.0000000000078,-1185.0000000000023,-69.9999999999923,-215.99999999999397,-153.99999999999858,370.999999999988,-1471.0000000000036,-26.000000000003798,-1426.9999999999925,264.9999999999819,-127.00000000001043,-2362.9999999999995,1865.0000000000055,-1049.0000000000066,736.9999999999948,-261.0000000000001,-41.9999999999976,153.9999999999875,,-3852.0000000000346
2016.12.07,187.00000000000384,955.0000000000169,-1203.000000000003,-76.99999999999375,-204.99999999999963,-126.0000000000039,360.9999999999891,-1531.000000000006,-12.000000000000899,-1502.0000000000095,253.99999999999866,-151.00000000001222,-2370.0000000000045,1835.9999999999932,-1091.9999999999986,705.9999999999889,-262.999999999991,-12.000000000000899,201.00000000000674,,-4044.000000000027
2016.12.07,194.0000000000053,934.9999999999969,-1151.0000000000105,-48.000000000003595,-315.9999999999941,-121.99999999999989,378.999999999996,-1489.0000000000043,-4.000000000004,-1401.9999999999868,322.9999999999844,-175.00000000001404,-2359.9999999999995,1845.999999999992,-1036.0000000000014,722.999999999999,-418.9999999999916,18.0000000000069,55.99999999998939,,-4048.0000000000396
2016.12.07,354.9999999999942,946.0000000000024,-1144.0000000000055,-83.9999999999952,-292.9999999999988,-128.00000000000588,560.0000000000049,-1487.9999999999995,-61.999999999995396,-1216.0000000000082,435.9999999999919,-167.00000000000603,-2352.9999999999945,1865.0000000000055,-1037.0000000000061,668.9999999999969,-403.99999999999324,-2.999999999997449,51.99999999998539,,-3496.0000000000255
2016.12.07,377.9999999999894,1046.0000000000136,-1048.0000000000018,-48.000000000003595,-212.99999999999653,-190.99999999999673,617.9999999999852,-1415.0000000000064,-24.999999999997247,-1048.0000000000018,545.9999999999799,146.99999999998602,-2314.0000000000073,1845.999999999992,-957.9999999999984,667.0000000000016,-275.99999999999847,-61.999999999995396,134.99999999999625,,-2215.0000000000596
2016.12.07,371.99999999999454,1063.0000000000139,-993.9999999999998,-21.999999999988695,-166.99999999999494,-300.99999999999574,639.9999999999961,-1403.000000000006,-41.9999999999976,-1032.0000000000107,514.9999999999987,114.99999999999844,-2287.0000000000064,1632.9999999999955,-971.0000000000036,742.999999999995,-249.99999999999466,-191.99999999999218,72.0000000000054,,-2507.9999999999927
2016.12.07,499.000000000005,1019.0000000000143,-985.0000000000136,34.000000000000696,-79.99999999999119,-314.0000000000032,756.0000000000011,-1350.999999999999,26.000000000003798,-873.9999999999952,836.9999999999989,641.0000000000027,-2265.0000000000005,1529.0000000000025,-974.0000000000038,680.9999999999974,-201.99999999999108,-163.99999999999747,106.99999999999044,,-1079.9999999999784
2016.12.07,723.9999999999914,924.0000000000136,-871.0000000000093,70.0000000000145,-34.99999999999615,-307.99999999999716,895.9999999999857,-1171.0000000000064,60.99999999999994,-466.0000000000082,1110.9999999999952,1015.9999999999947,-2084.000000000003,1448.0000000000048,-909.000000000006,676.0000000000019,-195.00000000000074,-134.99999999999625,147.99999999999258,,899.9999999999714
2016.12.07,766.0,946.0000000000024,-873.0000000000047,42.0000000000087,-21.999999999999797,-294.00000000000534,910.9999999999951,-1144.999999999996,89.00000000000574,-370.00000000000455,1197.999999999988,1038.99999999999,-2093.0000000000036,1544.000000000012,-907.0000000000107,694.9999999999932,-106.99999999999044,-121.99999999999989,218.00000000000708,,1514.999999999987
2016.12.07,649.999999999995,961.0000000000118,-946.0000000000122,-14.999999999987246,-68.99999999999685,-248.99999999999923,757.999999999992,-1212.0000000000032,78.99999999999574,-653.9999999999964,966.0000000000002,797.0000000000033,-2155.000000000001,1635.0000000000086,-918.0000000000064,688.0000000000024,-136.99999999999824,-134.0000000000008,209.9999999999991,,255.000000000007
2016.12.07,659.0000000000095,1022.0000000000118,-929.000000000002,9.000000000014552,-39.00000000000014,-339.0000000000004,753.9999999999881,-1206.9999999999936,78.99999999999574,-633.0000000000098,954.9999999999948,811.9999999999905,-2162.0000000000064,1516.0000000000061,-907.0000000000107,729.9999999999898,-90.99999999999665,-225.99999999999287,156.00000000000057,,158.99999999998877
2016.12.07,648.0000000000041,1028.0000000000066,-829.0000000000077,-24.000000000001798,10.000000000010001,-368.9999999999971,781.9999999999939,-1105.9999999999945,51.000000000001044,-501.0000000000048,901.9999999999806,954.9999999999948,-2076.0000000000077,1476.0000000000107,-835.000000000008,754.9999999999955,-31.999999999998696,-282.99999999999994,160.00000000000458,,711.9999999999814
2016.12.07,581.9999999999936,1052.0000000000084,-877.0000000000095,22.999999999995246,-1.999999999990898,-375.9999999999986,753.9999999999881,-1209.0000000000032,46.999999999997044,-564.9999999999977,922.0000000000006,881.9999999999828,-2207.999999999998,1435.0000000000084,-880.0000000000097,778.9999999999964,-66.99999999999484,-281.99999999999335,126.99999999998823,,136.99999999996288
2016.12.07,635.0000000000077,1079.0000000000077,-894.0000000000055,-11.00000000000545,-63.99999999999739,-375.9999999999986,800.9999999999851,-1262.0000000000005,28.000000000005798,-623.9999999999952,935.9999999999812,760.9999999999894,-2216.9999999999986,1520.9999999999945,-929.000000000002,807.0000000000022,-142.99999999999312,-268.99999999999704,43.999999999999595,,-177.00000000002
2016.12.07,577.9999999999897,1090.9999999999975,-920.0000000000017,-35.999999999991594,-42.999999999993044,-365.99999999999966,702.9999999999869,-1201.9999999999982,34.000000000000696,-664.999999999992,828.9999999999909,697.9999999999986,-2242.999999999995,1537.999999999995,-903.0000000000058,819.0000000000026,-110.99999999999443,-282.99999999999994,72.99999999998974,,-409.00000000001967
2016.12.07,717.9999999999964,1136.0000000000036,-915.0000000000063,-75.00000000000284,8.000000000008,-405.9999999999952,849.9999999999952,-1192.9999999999977,-39.00000000000014,-521.9999999999914,926.999999999989,988.9999999999955,-2277.000000000001,1571.0000000000114,-879.0000000000049,849.9999999999943,-42.999999999993044,-391.9999999999924,68.00000000000139,,376.0000000000099
2016.12.07,686.9999999999932,1210.0,-883.0000000000098,-102.00000000000209,-18.999999999991246,-395.99999999999636,876.9999999999944,-1230.9999999999945,-41.9999999999976,-479.99999999998977,898.9999999999832,944.9999999999958,-2298.000000000002,1602.9999999999989,-810.0000000000023,816.9999999999931,-12.000000000000899,-389.99999999999034,52.99999999999194,,427.99999999997374
2016.12.07,659.0000000000095,1222.000000000012,-838.0000000000081,-121.99999999999989,17.000000000000348,-590.0000000000016,1048.0000000000045,-1194.9999999999932,-59.99999999999339,-283.9999999999918,1039.9999999999966,1207.0000000000025,-2283.0000000000014,1455.0000000000064,-930.9999999999974,712.9999999999939,-119.99999999999788,-425.99999999999307,126.0000000000039,,638.0000000000521
2016.12.07,547.0000000000086,1404.0000000000052,-569.0000000000026,114.0000000000141,213.00000000000762,-531.0000000000036,1025.9999999999936,-1164.0000000000014,-97.00000000000264,-230.99999999999454,1029.9999999999975,1293.9999999999952,-2233.9999999999945,1646.9999999999984,-837.0000000000033,634.0000000000003,43.999999999999595,-407.99999999999727,185.99999999999727,,2068.0000000000177
2016.12.07,656.9999999999965,1350.0000000000068,-480.000000000004,286.00000000000847,242.00000000000887,-538.0000000000051,1173.9999999999861,-1120.0000000000045,-21.999999999999797,-8.99999999998613,1336.9999999999882,1512.9999999999866,-2132.9999999999955,1659.9999999999948,-847.999999999999,646.9999999999914,-49.99999999999449,-231.99999999999886,241.99999999998667,,3675.999999999967
2016.12.07,636.9999999999986,1294.0000000000173,-521.0000000000008,297.9999999999983,221.00000000000452,-538.0000000000051,1136.0000000000036,-1067.9999999999977,14.000000000002899,-46.999999999997044,1273.9999999999973,1468.0000000000027,-2043.0000000000064,1566.0000000000007,-855.000000000004,591.9999999999987,-52.99999999999194,-261.99999999999557,265.99999999998846,,3379.000000000015
2016.12.07,714.999999999999,1323.0000000000075,-473.0000000000132,270.00000000001467,227.00000000001052,-507.9999999999973,1235.9999999999927,-1084.9999999999936,-20.999999999993246,20.000000000010232,1361.9999999999966,1505.9999999999852,-2003.0,1584.0000000000077,-722.999999999999,626.9999999999953,52.000000000007596,-261.99999999999557,262.999999999991,,4110.000000000026
2016.12.07,741.9999999999982,1239.9999999999966,-588.0000000000081,295.0000000000008,178.00000000000037,-477.0000000000052,1170.9999999999886,-1150.9999999999964,2.999999999997449,-103.00000000000864,1405.9999999999961,1491.9999999999823,-2025.0000000000057,1530.000000000009,-887.0000000000005,649.9999999999915,-46.999999999997044,-221.99999999999997,249.99999999999466,,3456.9999999999345
2016.12.07,626.9999999999998,1260.0000000000166,-649.0000000000009,368.00000000001273,220.00000000000907,-461.0000000000003,1100.9999999999964,-1215.999999999994,70.99999999999883,-246.99999999998568,1410.9999999999845,1398.9999999999948,-2189.9999999999977,1571.0000000000114,-962.0000000000033,689.9999999999977,-59.99999999999339,-134.99999999999625,290.9999999999968,,3089.0000000000473
2016.12.07,611.000000000006,1272.0000000000064,-713.0000000000081,381.0000000000091,212.00000000000108,-429.99999999999704,1114.9999999999993,-1281.9999999999964,70.0000000000034,-342.00000000001296,1403.999999999983,1374.999999999993,-2236.000000000004,1656.9999999999973,-989.0000000000043,730.9999999999945,-59.99999999999339,-85.99999999999719,289.9999999999903,,2979.99999999997
2016.12.07,588.9999999999951,1303.0000000000098,-800.0000000000114,438.00000000000506,233.00000000000543,-439.99999999999596,1055.9999999999902,-1362.9999999999995,104.99999999999955,-504.99999999999545,1396.9999999999816,1400.0000000000011,-2314.0000000000073,1683.0000000000123,-1111.000000000004,765.9999999999911,-63.99999999999739,-84.99999999999064,336.9999999999873,,2624.999999999977
2016.12.07,544.9999999999955,1341.0000000000143,-746.0000000000093,367.0000000000062,258.0000000000027,-453.0000000000034,1024.0000000000027,-1325.0000000000027,60.99999999999994,-471.00000000000364,1284.9999999999807,1310.9999999999955,-2307.0000000000023,1686.0000000000098,-1051.0000000000018,759.9999999999909,-14.999999999998348,-117.00000000000044,353.99999999998766,,2506.9999999999636
2016.12.07,510.99999999999477,1402.9999999999986,-660.0000000000108,391.000000000008,271.0000000000101,-546.000000000002,1029.9999999999975,-1259.0000000000005,62.000000000006494,-417.0000000000016,1291.999999999982,1356.999999999986,-2296.9999999999973,1624.0000000000032,-953.000000000003,745.9999999999951,19.00000000000235,-225.99999999999287,231.0000000000034,,2578.99999999998
2016.12.07,509.00000000000387,1438.000000000006,-604.0000000000134,415.0000000000098,266.0000000000107,-585.0000000000022,1034.0000000000016,-1248.9999999999952,55.000000000005045,-359.9999999999852,1267.9999999999802,1305.999999999985,-2284.9999999999964,1580.0000000000036,-924.9999999999972,847.999999999999,13.00000000000745,-261.0000000000001,174.99999999999181,,2638.000000000014
2016.12.07,506.9999999999908,1361.0000000000123,-648.0000000000103,463.9999999999977,276.00000000000955,-555.0000000000055,1022.9999999999961,-1268.0000000000007,90.99999999999665,-444.9999999999932,1302.9999999999875,1339.9999999999857,-2284.9999999999964,1533.0000000000066,-1008.0000000000098,850.9999999999991,-66.99999999999484,-212.99999999999653,212.99999999999653,,2472.9999999999704
2016.12.07,510.00000000001046,1320.00000000001,-584.0000000000032,468.00000000000176,277.000000000005,-563.9999999999978,970.9999999999885,-1231.9999999999993,111.00000000000554,-355.99999999999454,1311.9999999999798,1356.999999999986,-2198.0000000000073,1404.0000000000052,-995.0000000000045,820.999999999998,-78.00000000000028,-214.99999999999852,214.00000000000307,,2542.9999999999877
2016.12.08,466.9999999999952,1327.999999999996,-589.0000000000128,485.0000000000021,252.0000000000078,-695.0000000000011,940.9999999999918,-1174.9999999999973,60.00000000000449,-365.0000000000091,1340.9999999999923,1278.0000000000014,-2141.999999999996,1185.9999999999982,-953.000000000003,808.9999999999975,-89.99999999999008,-337.99999999999386,56.99999999999594,,1856.9999999999793
2016.12.08,489.0000000000061,1374.0000000000086,-493.0000000000092,527.9999999999951,328.0000000000061,-699.0000000000052,987.9999999999889,-1093.999999999994,111.00000000000554,-263.00000000000523,1347.9999999999936,1429.999999999998,-2055.9999999999973,1171.9999999999952,-907.0000000000107,911.0000000000014,-12.999999999996348,-358.9999999999982,79.00000000000685,,2873.999999999989
2016.12.08,482.999999999989,1383.000000000001,-504.0000000000049,551.9999999999969,325.00000000000864,-719.9999999999984,1017.9999999999856,-1144.0000000000055,112.99999999999643,-282.99999999998704,1373.9999999999864,1391.9999999999932,-2096.999999999994,1171.9999999999952,-951.0000000000076,926.0000000000019,-8.999999999992347,-342.9999999999933,60.99999999999994,,2747.9999999999714
2016.12.08,503.000000000009,1349.0000000000002,-540.0000000000063,510.00000000001046,321.0000000000046,-761.0000000000006,1007.9999999999867,-1182.0000000000023,129.9999999999968,-330.0000000000125,1424.9999999999875,1431.9999999999889,-2147.0000000000055,1079.999999999992,-972.0000000000084,941.0000000000025,-25.999999999992696,-406.9999999999907,24.999999999986144,,2358.9999999999463
2016.12.08,140.0000000000068,1401.0000000000077,-583.0000000000126,591.0000000000082,360.0000000000048,-905.9999999999957,748.9999999999997,-1216.9999999999986,138.00000000000477,-575.9999999999934,1103.9999999999939,1289.9999999999911,-2189.0000000000073,873.999999999997,-1028.000000000006,1040.9999999999968,-51.000000000001044,-532.9999999999945,-15.00000000000945,,589.9999999999919
2016.12.08,290.9999999999968,1355.0000000000173,-662.0000000000061,553.0000000000035,323.0000000000066,-1024.0000000000027,821.000000000005,-1283.0000000000014,126.99999999999933,-706.9999999999936,1176.9999999999836,1174.9999999999927,-2222.999999999999,500.9999999999959,-1067.0000000000073,1098.9999999999895,-36.999999999998145,-754.9999999999945,-351.0000000000124,,-687.000000000025
2016.12.08,286.99999999999284,1339.0000000000014,-648.0000000000103,527.9999999999951,260.00000000000466,-934.9999999999969,817.000000000001,-1275.0000000000057,136.00000000000279,-706.9999999999936,1173.0000000000018,1075.9999999999882,-2225.999999999999,693.0000000000102,-1064.0000000000073,1182.0000000000023,-73.00000000000084,-622.9999999999958,-263.99999999999756,,-324.0000000000071
2016.12.08,353.0000000000033,1313.0000000000086,-535.0000000000108,533.0000000000057,277.000000000005,-924.9999999999981,869.999999999993,-1177.0000000000068,140.0000000000068,-419.9999999999875,1264.9999999999827,1203.999999999983,-2171.0000000000064,734.0000000000124,-971.0000000000036,1158.0000000000014,-87.99999999999919,-591.9999999999925,-249.99999999999466,,718.0000000000019
2016.12.08,337.99999999999386,1463.0000000000143,-424.0000000000066,646.9999999999976,345.0000000000064,-1039.9999999999966,931.9999999999995,-1132.000000000005,141.99999999999767,-348.99999999998954,1322.000000000001,1255.9999999999905,-2137.0000000000005,605.9999999999955,-926.0000000000019,1106.9999999999993,-53.999999999998494,-709.9999999999995,-270.99999999999903,,1114.9999999999982
2016.12.08,238.99999999998923,1450.000000000018,-375.0,624.0000000000023,432.0000000000102,-1141.0000000000032,818.9999999999919,-1052.9999999999973,160.00000000000458,-366.9999999999902,1229.9999999999977,1417.999999999986,-2075.0000000000027,459.0000000000094,-909.000000000006,1247.0,36.0000000000027,-833.9999999999903,-358.9999999999982,,1001.0000000000236
2016.12.08,224.000000000002,1522.0000000000011,-326.0000000000076,669.0000000000085,437.0000000000096,-1112.9999999999973,825.9999999999934,-1004.0000000000049,117.00000000000044,-338.99999999999864,1217.0000000000014,1333.9999999999907,-2048.000000000002,537.9999999999941,-890.0000000000006,1114.999999999995,32.0000000000098,-773.9999999999969,-293.0000000000099,,1243.999999999989
2016.12.08,272.99999999998994,1568.9999999999982,-196.00000000001216,686.0000000000089,443.99999999999994,-1117.0000000000014,947.9999999999933,-959.9999999999937,107.99999999999699,-128.99999999999068,1296.9999999999925,1424.9999999999875,-1968.0000000000036,617.0000000000009,-776.0000000000105,988.9999999999901,52.000000000007596,-779.9999999999918,-276.9999999999939,,2204.9999999999677
2016.12.08,235.99999999999176,1547.0000000000095,-213.00000000000807,669.0000000000085,453.0000000000034,-1070.0000000000043,873.999999999997,-950.9999999999934,129.9999999999968,-185.00000000000227,1220.9999999999832,1361.9999999999966,-1983.000000000004,703.9999999999935,-779.0000000000106,1072.0000000000027,74.00000000000739,-733.9999999999902,-253.99999999999866,,2172.9999999999795
2016.12.08,217.0000000000005,1514.9999999999998,-254.0000000000049,646.9999999999976,442.00000000000904,-1019.0000000000032,868.000000000002,-966.9999999999987,117.00000000000044,-223.99999999998954,1185.9999999999982,1331.9999999999998,-2007.000000000005,791.9999999999927,-802.9999999999973,1024.000000000001,55.000000000005045,-666.9999999999953,-224.000000000002,,2030.0000000000098
2016.12.08,231.0000000000034,1544.9999999999964,-300.00000000001137,653.0000000000147,458.00000000000284,-1009.0000000000043,866.9999999999956,-1027.000000000001,109.99999999999899,-319.9999999999932,1191.9999999999932,1360.99999999999,-2061.9999999999977,798.0000000000098,-841.9999999999987,1052.9999999999973,82.00000000000429,-675.9999999999989,-202.00000000001327,,1911.9999999999877
2016.12.08,235.99999999999176,1524.0000000000143,-411.00000000000136,648.0000000000041,404.0000000000044,-1009.9999999999998,875.0000000000035,-1112.9999999999995,131.00000000000333,-413.0000000000109,1223.9999999999807,1315.9999999999839,-2138.999999999996,819.9999999999985,-918.9999999999969,1126.9999999999955,24.000000000001798,-661.9999999999959,-174.00000000000747,,1487.9999999999743
2016.12.08,306.00000000000625,1489.000000000007,-405.00000000000114,609.0000000000151,361.0000000000002,-934.0000000000015,900.9999999999962,-1109.9999999999995,138.00000000000477,-378.9999999999907,1244.999999999985,1251.000000000002,-2152.000000000001,859.9999999999941,-908.0000000000013,1042.0000000000016,-12.999999999996348,-600.0000000000006,-205.00000000001074,,1496.0000000000098
2016.12.08,306.9999999999906,1456.0000000000127,-375.0,568.9999999999973,369.0000000000082,-919.0000000000032,845.9999999999912,-1030.0000000000011,139.00000000000023,-342.9999999999893,1188.9999999999957,1258.0000000000036,-2064.9999999999977,855.0000000000058,-862.000000000009,1039.999999999992,25.00000000000835,-598.999999999994,-160.00000000000458,,1700.0000000000068
2016.12.08,239.99999999999577,1409.0000000000157,-505.00000000000966,527.9999999999951,328.0000000000061,-951.0000000000018,781.9999999999939,-1138.0000000000052,112.000000000001,-514.9999999999864,1079.999999999992,1132.999999999984,-2164.0000000000014,817.000000000001,-926.0000000000019,1084.9999999999936,-7.9999999999968985,-661.0000000000005,-276.9999999999939,,368.9999999999806
2016.12.08,339.0000000000004,1453.9999999999998,-445.0000000000074,560.0000000000049,343.9999999999999,-1112.9999999999973,892.9999999999883,-1162.0000000000061,112.99999999999643,-365.99999999998545,1234.0000000000018,1229.9999999999977,-2144.0000000000055,493.0000000000101,-918.9999999999969,1188.999999999993,-7.9999999999968985,-834.9999999999968,-394.00000000000546,,462.99999999999454
2016.12.08,327.00000000001063,1427.0000000000005,-485.00000000001364,601.000000000007,384.00000000000654,-1058.0000000000034,889.9999999999908,-1165.0000000000064,141.00000000000225,-459.0000000000032,1259.9999999999945,1342.9999999999832,-2207.999999999998,556.0000000000009,-965.0000000000034,1247.0,30.000000000007798,-759.999999999994,-350.00000000000585,,755.9999999999759
2016.12.08,45.000000000006146,1555.0000000000175,-321.00000000001216,653.0000000000147,470.00000000000375,-1090.000000000002,658.9999999999874,-1001.0000000000048,136.00000000000279,-449.0000000000123,991.9999999999928,1208.9999999999934,-2162.0000000000064,663.0000000000135,-867.0000000000044,1107.99999999999,115.00000000000954,-783.0000000000003,-256.99999999999613,,674.9999999999931
2016.12.08,-265.0000000000041,1706.0000000000075,-422.00000000001125,642.0000000000092,461.0000000000003,-1060.0000000000055,488.9999999999839,-1254.000000000005,58.99999999999794,-1006.0000000000002,548.9999999999995,732.9999999999836,-2454.0000000000077,919.0000000000032,-939.0000000000072,1171.999999999997,81.00000000000884,-725.9999999999933,-253.99999999999866,,-1569.0000000000414
2016.12.08,-154.0000000000097,1746.0000000000032,-447.00000000000273,609.0000000000151,409.0000000000038,-1029.9999999999975,539.999999999985,-1284.000000000006,17.000000000000348,-948.0000000000075,642.9999999999936,839.9999999999964,-2472.999999999999,1130.9999999999932,-939.9999999999977,1152.000000000001,57.00000000000705,-702.9999999999981,-242.00000000000887,,-1077.0000000000286
2016.12.08,-224.000000000002,1743.0000000000057,-288.0000000000109,622.0000000000115,432.0000000000102,-1024.0000000000027,529.999999999986,-1177.9999999999973,17.999999999995797,-802.9999999999973,529.999999999986,670.9999999999993,-2349.0000000000036,1103.9999999999939,-825.0000000000028,1086.999999999989,81.00000000000884,-695.9999999999966,-192.99999999999872,,-762.000000000026
2016.12.08,-219.99999999999798,1705.000000000001,-325.00000000000284,592.0000000000148,392.00000000000347,-1004.0000000000049,536.0000000000032,-1165.0000000000064,-22.999999999995246,-818.000000000012,541.9999999999981,644.9999999999844,-2299.0000000000064,1082.0000000000052,-820.999999999998,1057.0000000000023,23.00000000000635,-681.9999999999937,-236.99999999999832,,-1019.9999999999973
2016.12.08,-228.00000000000597,1687.0000000000164,-230.00000000000398,649.0000000000107,401.00000000000693,-987.0000000000045,585.9999999999976,-1138.0000000000052,2.999999999997449,-713.9999999999986,603.9999999999824,676.9999999999943,-2183.9999999999973,1051.0000000000018,-813.0000000000024,1033.0000000000014,-32.999999999994145,-639.0000000000007,-224.000000000002,,-499.00000000000557
2016.12.08,-79.00000000000685,1646.9999999999984,-249.00000000000944,687.9999999999998,352.00000000000784,-988.9999999999955,490.999999999997,-962.0000000000033,114.99999999999844,-527.9999999999916,851.9999999999861,800.9999999999851,-2120.999999999995,991.9999999999928,-835.9999999999985,971.9999999999942,-80.99999999999774,-592.9999999999991,-246.00000000001288,,225.9999999999503
2016.12.08,-136.00000000000279,1663.9999999999989,-285.0000000000108,727.0000000000109,364.00000000000875,-951.0000000000018,361.9999999999957,-930.9999999999974,223.00000000000654,-719.9999999999989,809.9999999999997,666.9999999999953,-2240.9999999999995,1102.000000000003,-881.0000000000002,1046.999999999997,-100.00000000000009,-525.9999999999932,-219.99999999999798,,-24.999999999986954
2016.12.08,-103.99999999999298,1265.000000000005,-852.0000000000039,609.0000000000151,232.00000000000998,-1012.0000000000018,333.9999999999899,-1444.0000000000027,-85.99999999999719,-1115.000000000009,815.9999999999945,529.0000000000017,-3125.0,889.0000000000065,-1237.000000000009,1039.999999999992,-212.99999999999653,-571.9999999999948,-266.999999999995,,-4312.999999999989
2016.12.08,48.000000000003595,1141.0000000000143,-899.0000000000009,560.0000000000049,121.00000000000443,-838.0000000000055,215.99999999999397,-1251.9999999999955,326.0000000000041,-1174.0000000000066,949.9999999999842,594.99999999999,-2445.0000000000073,761.999999999996,-1257.000000000005,1194.9999999999932,-289.9999999999903,-418.9999999999916,-253.00000000001432,,-2913.000000000029
2016.12.08,147.00000000000824,219.99999999999798,-1175.0000000000114,337.0000000000095,-77.99999999998919,-733.0000000000059,65.99999999998829,-1132.000000000005,356.9999999999962,-1133.9999999999861,990.9999999999864,537.9999999999941,-2299.9999999999973,-116.00000000000499,-1326.0000000000077,1078.9999999999936,-431.99999999999903,-402.9999999999978,-337.0000000000095,,-5431.00000000004
2016.12.08,487.99999999999955,31.000000000003247,-978.0000000000086,442.00000000000904,70.0000000000034,-870.0000000000041,-8.000000000008,-828.000000000003,629.9999999999973,-710.000000000008,1427.0000000000005,974.9999999999925,-1647.9999999999961,-696.0000000000077,-1288.000000000011,1183.9999999999975,-353.99999999999875,-487.99999999999955,-337.0000000000095,,-2958.0000000000514
2016.12.08,476.0000000000098,93.00000000000975,-1046.0000000000064,461.0000000000003,-117.99999999999588,-792.9999999999993,48.000000000003595,-730.9999999999945,609.000000000004,-671.999999999997,1439.9999999999968,790.0000000000018,-1468.0000000000036,-394.9999999999898,-1462.0000000000032,1108.9999999999945,-724.9999999999978,-437.999999999994,-339.0000000000004,,-3160.9999999999613
2016.12.08,747.0000000000088,-34.99999999998504,-1030.0000000000011,583.0000000000002,-137.9999999999937,-590.0000000000016,90.99999999999665,-584.9999999999937,860.0000000000052,-512.0000000000005,1896.9999999999932,882.9999999999893,-1129.000000000005,-470.9999999999992,-1451.9999999999982,1001.9999999999953,-764.9999999999934,-112.99999999999643,-333.0000000000055,,-1089.9999999999848
2016.12.08,856.9999999999967,-114.99999999999844,-1113.0000000000136,554.00000000001,-202.9999999999976,-539.0000000000006,95.999999999985,-609.9999999999994,890.0000000000019,-510.9999999999957,2044.0000000000014,865.999999999989,-1102.0000000000039,-408.00000000000836,-1471.0000000000036,1042.9999999999923,-762.9999999999915,-43.999999999999595,-289.0000000000059,,-818.000000000042
2016.12.08,1086.9999999999936,-154.99999999999403,-1100.0000000000086,407.0000000000018,-144.99999999999514,-521.0000000000048,377.0000000000051,-605.000000000004,802.9999999999982,-278.99999999999636,2078.9999999999864,1150.999999999991,-1037.0000000000061,-509.00000000000387,-1402.000000000001,1066.9999999999932,-642.9999999999936,-175.99999999999838,-280.0000000000136,,118.99999999995003
2016.12.08,1007.0000000000024,-90.99999999999665,-1064.0000000000073,473.99999999999665,-128.99999999999022,-609.9999999999994,451.0000000000014,-697.0000000000027,797.9999999999987,-289.99999999999204,2139.9999999999864,1241.9999999999875,-1134.0000000000005,-411.99999999999017,-1365.000000000009,1095.9999999999895,-584.9999999999911,-163.99999999999747,-270.99999999999903,,395.99999999998664
2016.12.08,994.9999999999903,-73.99999999999629,-1031.000000000006,612.0000000000125,-35.999999999991594,-663.999999999998,365.99999999999966,-674.0000000000066,807.0000000000022,-346.00000000000364,2166.0000000000014,1349.9999999999845,-1099.0000000000036,-600.0000000000006,-1388.0000000000052,1165.9999999999968,-536.9999999999986,-236.99999999999832,-306.00000000000625,,469.99999999997294
2016.12.08,964.9999999999936,-202.9999999999976,-1049.0000000000066,612.9999999999969,-44.99999999999504,-651.0000000000016,285.99999999998624,-611.9999999999948,877.0000000000056,-391.9999999999959,2118.999999999982,1235.9999999999927,-992.999999999995,-832.9999999999949,-1380.0000000000095,1216.9999999999986,-546.9999999999975,-218.99999999999142,-320.9999999999935,,67.9999999999821
2016.12.08,892.0000000000039,-119.00000000000244,-998.0000000000047,641.0000000000027,-18.999999999991246,-687.9999999999998,261.0000000000001,-555.9999999999974,911.0000000000063,-366.9999999999902,2146.9999999999877,1279.9999999999923,-926.0000000000019,-771.9999999999949,-1396.000000000001,1195.999999999998,-579.9999999999916,-204.99999999999963,-324.0000000000132,,378.00000000000307
2016.12.08,885.0000000000025,-165.9999999999995,-1017.0000000000101,687.9999999999998,3.0000000000085514,-702.9999999999981,190.99999999998562,-564.9999999999977,917.0000000000011,-437.9999999999882,2101.999999999982,1259.9999999999945,-992.0000000000044,-889.0000000000065,-1442.9999999999977,1256.0000000000002,-578.9999999999961,-235.99999999999176,-356.00000000000074,,-82.00000000001705
2016.12.08,967.9999999999911,-184.99999999999073,-1036.0000000000014,729.0000000000018,3.0000000000085514,-712.0000000000015,156.99999999998494,-496.9999999999999,1029.000000000002,-423.0000000000018,2240.999999999982,1303.999999999994,-920.0000000000017,-968.9999999999976,-1503.0,1208.999999999989,-631.9999999999992,-189.99999999999017,-334.9999999999964,,237.99999999997289
2016.12.08,897.9999999999987,-115.99999999998278,-952.0000000000124,872.0000000000061,53.00000000000304,-724.0000000000024,228.99999999999034,-456.00000000000307,1036.0000000000036,-276.9999999999868,2362.999999999982,1435.9999999999927,-870.0000000000045,-814.0000000000036,-1498.0000000000045,1179.000000000002,-622.0000000000003,-126.99999999999933,-265.0000000000041,,1344.9999999999743
2016.12.08,838.9999999999898,-56.99999999999594,-874.0000000000094,905.0000000000002,84.0000000000063,-707.000000000002,204.00000000000418,-481.9999999999993,1024.0000000000027,-300.9999999999877,2310.9999999999964,1358.999999999999,-900.0000000000057,-766.0,-1454.0000000000077,1125.9999999999905,-617.9999999999964,-100.99999999999554,-263.00000000001324,,1328.999999999976
2016.12.08,900.9999999999962,-49.99999999999449,-825.0000000000028,890.000000000013,91.00000000000774,-678.9999999999962,224.000000000002,-418.00000000000637,1031.000000000004,-227.00000000000387,2394.9999999999914,1412.9999999999975,-822.0000000000027,-723.9999999999914,-1417.0000000000016,1103.999999999999,-617.0000000000009,-69.9999999999923,-221.00000000000452,,1979.000000000014
2016.12.08,906.0000000000068,-55.99999999998939,-838.0000000000081,933.000000000006,92.00000000000318,-668.0000000000019,232.99999999999432,-430.9999999999974,1058.9999999999989,-227.00000000000387,2431.9999999999895,1432.9999999999955,-834.0000000000032,-717.9999999999964,-1444.0000000000027,1128.0,-617.0000000000009,-12.999999999996348,-224.000000000002,,2145.9999999999923
2016.12.08,902.0000000000028,-61.99999999998429,-838.0000000000081,873.999999999997,115.00000000000954,-661.9999999999959,231.99999999998778,-435.0000000000023,1043.000000000005,-242.999999999995,2387.99999999999,1495.0000000000018,-829.0000000000077,-710.999999999995,-1432.0000000000023,1087.9999999999939,-564.9999999999933,-31.999999999998696,-163.00000000000205,,2165.0000000000036
2016.12.09,970.0000000000042,-80.99999999999774,-870.0000000000045,839.0000000000119,1.0000000000065512,-656.000000000001,312.00000000000114,-453.00000000000296,989.0000000000066,-193.9999999999884,2386.9999999999836,1330.9999999999934,-832.9999999999984,-825.9999999999934,-1410.000000000011,1094.9999999999989,-632.9999999999947,-71.99999999999429,-327.00000000001063,,1569.0000000000095
2016.12.09,977.0000000000057,-119.99999999998678,-932.0000000000022,842.0000000000094,-20.999999999993246,-648.0000000000041,326.0000000000041,-504.0000000000049,987.0000000000045,-252.00000000000955,2399.99999999998,1312.000000000002,-897.0000000000056,-761.999999999996,-1447.0000000000027,1107.99999999999,-686.9999999999932,-62.99999999999084,-340.00000000000693,,1278.9999999999995
2016.12.09,936.0000000000035,-46.999999999997044,-944.0000000000026,843.0000000000159,-9.999999999998899,-678.9999999999962,296.9999999999917,-545.0000000000017,1002.0000000000028,-308.9999999999975,2383.9999999999864,1289.9999999999911,-945.0000000000074,-736.0000000000033,-1463.0000000000082,1191.9999999999932,-669.9999999999928,-97.9999999999981,-316.0000000000052,,1181.9999999999757
2016.12.09,937.9999999999944,-27.999999999983594,-916.000000000011,868.000000000002,60.00000000000449,-729.0000000000018,346.0000000000019,-528.0000000000058,997.9999999999989,-263.00000000000523,2383.000000000002,1452.9999999999932,-942.9999999999978,-811.0000000000061,-1445.999999999998,1221.999999999994,-591.9999999999925,-157.99999999999147,-312.00000000000114,,1541.9999999999966
2016.12.09,930.999999999993,-76.99999999999375,-1109.0000000000089,788.0000000000109,-10.999999999994348,-734.9999999999968,287.9999999999994,-686.9999999999976,987.0000000000045,-500.0,2330.999999999994,1293.9999999999952,-1081.0000000000032,-839.9999999999964,-1546.999999999997,1251.9999999999955,-632.9999999999947,-161.99999999999548,-339.0000000000004,,150.0000000000138
2016.12.09,902.0000000000028,-68.00000000000139,-1148.0000000000105,801.0000000000073,11.00000000000545,-702.9999999999981,270.99999999999903,-730.9999999999945,982.0000000000051,-579.0000000000077,2279.999999999993,1288.0000000000002,-1150.9999999999964,-824.9999999999868,-1570.999999999998,1296.999999999997,-605.0,-157.99999999999147,-329.00000000000153,,-35.99999999997618
2016.12.09,906.0000000000068,-44.99999999998394,-1134.0000000000005,791.0000000000084,8.000000000008,-695.9999999999966,283.99999999999534,-742.999999999995,980.9999999999985,-600.9999999999991,2293.999999999996,1253.9999999999995,-1168.9999999999968,-754.9999999999945,-1585.000000000008,1362.9999999999995,-632.9999999999947,-154.99999999999403,-341.99999999999784,,23.00000000005099
2016.12.09,906.9999999999911,-280.9999999999979,-1356.0000000000086,744.9999999999957,-66.99999999999484,-702.0000000000026,194.99999999998963,-846.0000000000036,1004.0000000000049,-772.9999999999961,2265.9999999999905,1224.9999999999873,-1245.0000000000045,-844.0000000000003,-1707.9999999999984,1390.0000000000005,-672.9999999999902,-163.99999999999747,-341.99999999999784,,-1269.0000000000332
2016.12.09,978.9999999999966,-283.99999999999534,-1365.000000000009,716.0000000000056,-53.999999999998494,-626.0000000000043,204.00000000000418,-789.0000000000015,1019.0000000000032,-762.0000000000005,2265.9999999999905,1261.9999999999854,-1108.9999999999945,-906.9999999999911,-1700.0000000000027,1393.0000000000007,-652.9999999999925,-106.99999999999044,-286.99999999999284,,-803.9999999999872
2016.12.09,845.0000000000068,-217.0000000000005,-1276.0000000000105,757.0000000000076,26.000000000003798,-712.9999999999969,147.99999999999258,-777.000000000001,1012.0000000000018,-784.9999999999966,2186.9999999999836,1295.9999999999861,-1099.0000000000036,-984.000000000007,-1644.0000000000055,1433.9999999999975,-561.0000000000003,-161.99999999999548,-293.99999999999426,,-807.0000000000314
2016.12.09,882.000000000005,-224.000000000002,-1307.0000000000023,727.0000000000109,5.000000000010552,-656.9999999999965,131.99999999999878,-808.9999999999975,994.000000000006,-840.0000000000034,2136.999999999989,1229.9999999999977,-1128.0,-906.0000000000068,-1643.0000000000007,1417.9999999999923,-559.9999999999939,-137.9999999999937,-275.000000000003,,-961.9999999999893
2016.12.09,839.9999999999964,-205.99999999999508,-1264.00000000001,756.0000000000011,50.0000000000056,-688.9999999999952,158.99999999999804,-822.9999999999933,970.0000000000042,-788.0000000000109,2159.0,1323.9999999999918,-1171.0000000000064,-890.9999999999974,-1628.0,1441.0000000000025,-525.9999999999932,-159.9999999999935,-256.99999999999613,,-703.9999999999912
2016.12.09,903.0000000000093,-133.99999999998968,-1272.0000000000055,785.0000000000134,60.00000000000449,-660.000000000005,234.00000000000088,-856.9999999999993,982.0000000000051,-794.9999999999875,2231.9999999999895,1349.9999999999845,-1195.0000000000073,-812.999999999997,-1663.000000000011,1408.9999999999918,-536.9999999999986,-124.99999999999733,-252.0000000000078,,-348.0000000000067
2016.12.09,902.0000000000028,-124.99999999999733,-1265.0000000000005,790.0000000000018,62.000000000006494,-634.9999999999967,235.99999999999176,-831.9999999999936,992.9999999999994,-771.9999999999914,2240.999999999982,1381.9999999999943,-1192.0000000000073,-770.000000000004,-1673.0000000000018,1368.9999999999998,-534.9999999999966,-86.99999999999264,-178.99999999999582,,-89.99999999999926
2016.12.09,907.9999999999977,-109.99999999998789,-1260.000000000005,835.000000000008,82.00000000000429,-660.000000000005,262.999999999991,-834.0000000000032,1017.9999999999967,-733.0000000000041,2352.9999999999827,1462.999999999992,-1195.999999999998,-750.0000000000063,-1686.000000000007,1384.999999999991,-533.99999999999,-56.99999999999594,-133.00000000000534,,353.99999999995526
2016.12.09,845.9999999999912,-69.9999999999923,-1260.000000000005,863.9999999999981,118.00000000000699,-646.0000000000022,241.99999999998667,-882.000000000005,1004.0000000000049,-832.9999999999984,2268.9999999999877,1447.9999999999827,-1278.000000000006,-672.0000000000059,-1713.0000000000082,1340.999999999994,-529.9999999999972,-34.99999999999615,-107.99999999999699,,104.99999999993923
2016.12.09,828.9999999999909,-65.00000000000395,-1247.0,866.0000000000113,138.00000000000477,-700.0000000000006,217.99999999998488,-882.000000000005,1000.0000000000009,-832.9999999999984,2241.9999999999886,1451.0000000000023,-1280.0000000000011,-757.0000000000076,-1716.0000000000082,1364.999999999995,-483.99999999999557,-93.99999999999409,-120.99999999999334,,-70.00000000002949
2016.12.09,835.000000000008,-39.999999999995595,-1260.000000000005,836.0000000000146,185.00000000000182,-722.0000000000005,234.00000000000088,-867.999999999995,997.9999999999989,-824.0000000000123,2288.0000000000014,1550.9999999999914,-1265.0000000000005,-804.0000000000047,-1710.9999999999986,1468.999999999994,-452.99999999999227,-154.99999999999403,-144.99999999999514,,149.00000000001765
2016.12.09,900.9999999999962,-49.99999999999449,-1280.0000000000011,817.000000000001,158.0000000000026,-734.9999999999968,262.999999999991,-903.9999999999964,985.0000000000025,-783.9999999999918,2265.9999999999905,1607.9999999999873,-1385.000000000005,-734.9999999999968,-1704.0000000000077,1429.9999999999927,-439.99999999999596,-128.99999999999022,-151.9999999999966,,129.99999999999085
2016.12.09,1004.0000000000049,-45.99999999999049,-1326.0000000000077,809.9999999999997,168.00000000000148,-739.9999999999962,410.99999999998363,-894.999999999996,1009.0000000000043,-599.9999999999943,2532.000000000001,1851.0000000000027,-1375.0,-726.9999999999887,-1750.0,1480.9999999999945,-452.99999999999227,-109.99999999999899,-144.0000000000108,,1100.0000000000164
2016.12.09,977.0000000000057,-99.99999999998899,-1342.000000000013,876.0000000000101,140.0000000000068,-697.9999999999986,336.00000000000296,-944.9999999999932,1002.9999999999983,-711.0000000000127,2492.9999999999895,1673.9999999999977,-1367.999999999995,-763.0000000000026,-1793.0000000000064,1489.999999999995,-517.0000000000008,-68.99999999999685,-151.00000000001222,,531.9999999999857
2016.12.09,781.9999999999939,-70.99999999999883,-1314.0000000000073,929.000000000002,163.00000000000205,-719.000000000003,151.9999999999966,-953.000000000003,1022.0000000000007,-979.9999999999898,2322.9999999999864,1471.9999999999845,-1352.0000000000039,-807.0000000000022,-1811.9999999999977,1506.0000000000002,-529.9999999999972,-91.99999999999208,-157.00000000000713,,-438.00000000003524
2016.12.09,693.0000000000102,-69.9999999999923,-1285.000000000011,971.0000000000107,214.00000000000307,-802.9999999999982,31.999999999987594,-876.0000000000048,1082.0000000000052,-937.0000000000118,2227.9999999999854,1507.9999999999982,-1341.9999999999986,-1031.9999999999884,-1796.0000000000064,1491.9999999999902,-474.9999999999921,-173.00000000000094,-123.00000000000644,,-692.00000000002
2016.12.09,587.0000000000042,-61.99999999998429,-1270.0000000000102,975.0000000000148,252.0000000000078,-785.0000000000024,-9.000000000014552,-924.9999999999972,1039.9999999999966,-1103.0000000000086,2081.999999999984,1425.9999999999939,-1382.000000000005,-980.0000000000031,-1790.9999999999968,1519.999999999996,-434.000000000001,-151.9999999999966,-127.99999999999478,,-1139.0000000000175
2016.12.09,574.0000000000078,-39.999999999995595,-1331.0000000000032,1008.0000000000089,292.00000000000335,-736.0000000000033,-65.00000000000395,-917.0000000000016,1068.9999999999977,-1175.0000000000114,2091.9999999999827,1459.9999999999945,-1399.000000000001,-696.999999999992,-1843.0000000000036,1408.9999999999918,-397.99999999999835,-61.999999999995396,-9.999999999998899,,-769.0000000000211
2016.12.09,646.9999999999976,-85.00000000000173,-1418.0000000000064,1007.0000000000024,285.00000000000193,-646.9999999999976,-60.000000000015596,-962.0000000000033,1109.9999999999998,-1269.0000000000055,2255.9999999999914,1692.9999999999889,-1403.000000000006,-710.999999999995,-1957.0000000000077,1417.9999999999923,-407.99999999999727,96.00000000000719,170.99999999998784,,-237.00000000006685
2016.12.09,617.0000000000009,-258.0000000000027,-1503.0,1032.0000000000107,345.0000000000064,-692.9999999999992,-107.99999999999699,-1010.0000000000051,1168.9999999999977,-1318.000000000012,2210.999999999985,1673.9999999999977,-1415.0000000000064,-1031.000000000004,-2066.0000000000027,1558.9999999999975,-386.9999999999929,62.000000000006494,150.99999999999002,,-969.0000000000293
2016.12.09,649.0000000000107,-480.99999999999807,-1776.0000000000105,1056.0000000000125,316.0000000000052,-785.9999999999978,-185.99999999999727,-1141.999999999996,1236.0000000000039,-1562.0000000000118,2373.9999999999873,1766.000000000001,-1368.9999999999998,-1324.9999999999984,-2215.0000000000036,1659.9999999999966,-404.99999999999983,6.0000000000060005,96.99999999999153,,-2086.9999999999986
2016.12.09,722.0000000000005,-605.9999999999955,-1958.0000000000127,970.0000000000042,141.00000000000225,-678.0000000000008,-209.9999999999991,-1289.0000000000014,1253.9999999999995,-1806.999999999988,2286.9999999999945,1413.999999999982,-1465.0000000000034,-1293.9999999999952,-2326.999999999998,1691.9999999999932,-576.9999999999942,68.00000000000139,117.99999999999588,,-3545.0000000000146
2016.12.09,832.9999999999949,-668.9999999999862,-2068.000000000012,914.9999999999991,46.00000000000159,-466.9999999999952,-167.00000000000603,-1325.0000000000027,1253.9999999999995,-1811.000000000007,2349.9999999999854,1279.9999999999923,-1439.9999999999977,-1089.0000000000066,-2349.0000000000036,1662.9999999999968,-664.9999999999934,246.00000000000176,79.00000000000685,,-3384.0000000000314
2016.12.09,839.9999999999964,-664.9999999999823,-2076.0000000000077,940.0000000000075,70.0000000000034,-697.0000000000032,-151.00000000001222,-1310.0000000000023,1295.0000000000018,-1801.9999999999925,2416.9999999999804,1366.0000000000005,-1412.0000000000061,-1343.0000000000052,-2372.0,1623.9999999999952,-657.9999999999919,118.00000000000699,17.000000000000348,,-3799.000000000011
2016.12.09,832.9999999999949,-539.0000000000006,-1815.0000000000118,1102.000000000003,203.00000000000873,-704.0000000000047,-29.00000000001235,-1186.9999999999977,1285.0000000000027,-1360.99999999999,2582.9999999999795,1682.99999999999,-1382.9999999999955,-1285.0000000000027,-2308.9999999999973,1612.9999999999995,-586.9999999999931,119.00000000000244,22.999999999995246,,-1755.0000000000296
2016.12.09,936.0000000000035,-542.9999999999824,-1868.9999999999998,980.0000000000031,150.00000000000568,-583.0000000000002,-55.000000000005045,-1144.999999999996,1285.0000000000027,-1485.99999999999,2559.0,1628.9999999999916,-1387.0000000000005,-1154.999999999995,-2262.0000000000005,1634.999999999991,-583.9999999999957,187.9999999999993,95.00000000000064,,-1611.9999999999675
2016.12.09,855.0000000000058,-644.0000000000001,-1906.000000000006,1000.0000000000009,171.00000000001003,-546.9999999999975,-161.99999999999548,-1072.0000000000027,1305.9999999999961,-1530.0000000000011,2466.999999999997,1563.9999999999877,-1269.999999999996,-1248.999999999989,-2329.0000000000077,1591.9999999999986,-562.9999999999912,219.00000000000253,136.00000000000279,,-1961.9999999999854
2016.12.09,914.9999999999991,-770.9999999999884,-2014.00000000001,965.0000000000158,75.00000000000284,-509.9999999999993,-283.99999999999534,-1109.9999999999995,1358.0000000000036,-1632.000000000005,2518.9999999999823,1471.0,-1295.0000000000018,-1326.9999999999893,-2375.0,1680.9999999999973,-656.9999999999965,248.00000000000378,66.99999999999484,,-2675.999999999986
2016.12.09,956.0000000000013,-827.9999999999843,-2037.0000000000061,960.0000000000053,-0.999999999995449,-546.9999999999975,-282.0000000000045,-1173.0000000000018,1392.9999999999998,-1680.0000000000068,2594.999999999992,1495.9999999999861,-1287.9999999999968,-1401.0000000000077,-2471.0000000000036,1762.999999999991,-905.0000000000002,218.00000000000708,-38.0000000000047,,-3270.0000000000264
2016.12.09,943.9999999999893,-838.9999999999898,-2060.0000000000023,1106.000000000007,-51.99999999999649,-497.000000000003,-150.00000000000568,-1239.999999999995,1441.9999999999989,-1650.0000000000057,2749.999999999986,1224.9999999999873,-1251.9999999999955,-1428.9999999999914,-2510.000000000005,1622.0,-952.9999999999927,402.00000000000233,-25.00000000000835,,-3166.0000000000205
2016.12.09,872.0000000000061,-795.9999999999967,-2010.000000000005,1147.000000000009,-101.99999999999099,-390.0000000000015,-79.00000000000685,-1338.9999999999986,1360.0000000000057,-1693.9999999999884,2700.9999999999977,1011.9999999999907,-1254.9999999999955,-1097.999999999999,-2481.0000000000086,1575.9999999999934,-1050.999999999991,509.00000000000387,49.99999999999449,,-3067.999999999981
2016.12.09,889.9999999999908,-864.9999999999825,-2168.0000000000064,1042.0000000000095,-138.99999999998914,-297.00000000000284,-46.0000000000127,-1528.000000000006,1289.0000000000068,-1806.0000000000116,2715.000000000001,963.999999999987,-1331.0000000000032,-978.9999999999966,-2564.9999999999977,1564.9999999999977,-1089.999999999991,657.0000000000076,75.99999999998718,,-3616.0000000000105
2016.12.09,956.0000000000013,-827.0,-2163.000000000011,1048.0000000000045,-109.99999999999899,-295.99999999999625,12.999999999996348,-1497.0,1278.9999999999968,-1807.9999999999927,2676.999999999996,1100.9999999999964,-1346.0000000000036,-992.9999999999994,-2528.000000000006,1588.9999999999986,-973.999999999997,572.0000000000058,100.99999999999554,,-3206.000000000013
2016.12.09,1001.9999999999918,-781.9999999999939,-2115.000000000009,1046.999999999998,-61.999999999995396,-326.0000000000041,17.999999999984695,-1409.000000000006,1312.000000000002,-1725.999999999999,2738.9999999999804,1210.0,-1313.0000000000023,-1021.9999999999895,-2498.0000000000045,1607.99999999999,-932.999999999995,531.9999999999991,76.99999999999375,,-2641.000000000059
2016.12.09,1103.9999999999939,-723.9999999999914,-2074.0000000000123,1009.9999999999998,-70.99999999999883,-302.0000000000023,174.99999999999181,-1396.000000000001,1285.9999999999982,-1525.0000000000057,2871.0000000000014,1404.9999999999895,-1368.9999999999998,-897.9999999999987,-2460.9999999999986,1599.9999999999943,-905.9999999999957,548.9999999999995,123.00000000000644,,-1603.000000000029
2016.12.09,1177.9999999999902,-714.999999999999,-2081.000000000003,1012.9999999999973,-70.99999999999883,-300.99999999999574,246.99999999999721,-1394.999999999996,1294.0000000000064,-1463.9999999999986,2903.9999999999955,1457.9999999999816,-1382.000000000005,-892.0000000000039,-2453.0000000000027,1605.9999999999945,-892.9999999999993,531.0000000000036,126.0000000000039,,-1290.0000000000318
2016.12.09,1086.000000000009,-757.999999999992,-2150.0000000000055,1041.000000000003,-60.99999999999994,-317.0000000000006,200.99999999998454,-1456.9999999999936,1305.0000000000007,-1567.0000000000073,2854.000000000001,1463.9999999999986,-1396.000000000001,-916.99999999999,-2498.0000000000045,1617.999999999995,-885.999999999998,544.0,136.99999999998712,,-1757.0000000000139
2016.12.09,1025.0000000000093,-690.9999999999972,-2075.0000000000027,1126.0000000000048,-4.999999999999449,-317.0000000000006,185.99999999999727,-1475.999999999999,1290.9999999999977,-1638.0000000000052,2818.9999999999936,1363.0000000000032,-1400.9999999999964,-873.999999999997,-2554.000000000002,1626.9999999999955,-918.999999999992,569.0000000000084,163.00000000000205,,-1780.9999999999786
2016.12.09,1002.9999999999983,-658.9999999999874,-2094.000000000008,1025.0000000000093,-19.999999999997797,-319.0000000000026,163.9999999999864,-1492.999999999995,1216.000000000006,-1659.9999999999966,2674.9999999999827,1359.9999999999834,-1477.0000000000039,-838.0000000000055,-2465.0000000000036,1590.999999999994,-853.9999999999992,529.0000000000017,173.00000000000094,,-2143.0000000000373
2016.12.09,971.9999999999951,-658.9999999999874,-2153.000000000006,957.0000000000078,-18.999999999991246,-328.0000000000061,146.99999999998602,-1575.9999999999934,1185.9999999999982,-1793.0000000000064,2576.999999999985,1299.99999999999,-1522.9999999999961,-896.9999999999923,-2480.000000000004,1623.9999999999952,-812.999999999997,484.00000000000665,141.99999999999767,,-2852.000000000018
2016.12.09,922.0000000000006,-655.9999999999899,-2141.0000000000055,1000.0000000000009,-205.99999999999508,-309.0000000000037,104.99999999999955,-1606.9999999999993,1022.0000000000007,-1824.9999999999886,2616.9999999999804,1251.000000000002,-1543.9999999999968,-1248.0000000000045,-2531.000000000006,1444.0000000000027,-1037.9999999999945,550.000000000006,7.999999999985796,,-4186.0000000000055
