date,USDCHF,GBPUSD,EURUSD,USDCAD,GBPCHF,CHFJPY,CADCHF,AUDCHF,GBPAUD,EURJPY,EURCAD,EURNZD,CADJPY,AUDCAD,empty,sum
2016.02.15,-0.999999999995449,117.00000000001154,-131.99999999999878,-90.99999999999665,-111.00000000001664,-159.9999999999966,-14.000000000002899,-0.999999999995449,-151.99999999997436,-91.99999999999875,239.00000000001143,140.0000000000068,-39.00000000000148,102.00000000000209,,-194.99999999994515
2016.02.15,-59.99999999999339,113.00000000000753,-53.999999999998494,-81.9999999999821,-278.00000000000045,-301.00000000000193,-97.9999999999981,-87.99999999999919,-180.99999999998673,-219.99999999999886,112.000000000001,-62.99999999999084,-173.00000000000182,124.99999999999733,,-1247.9999999999463
2016.02.15,-119.00000000000244,236.99999999999832,78.99999999998464,2.999999999997449,-490.0000000000126,-343.0000000000035,-200.99999999999562,-182.99999999999983,-241.99999999998667,-149.0000000000009,-154.0000000000097,-380.00000000000256,-299.99999999999716,126.99999999999933,,-2115.000000000031
2016.02.15,-131.00000000000333,295.0000000000008,106.99999999999044,99.00000000000463,-558.9999999999984,-396.0000000000008,-258.9999999999981,-221.99999999999997,-231.99999999996555,-212.0000000000033,-293.99999999999426,-595.9999999999966,-409.9999999999966,100.00000000000009,,-2709.999999999961
2016.02.15,-90.99999999999665,168.99999999999693,26.999999999999247,137.00000000000932,-371.00000000001023,-188.99999999999295,-246.99999999999721,-224.9999999999974,33.000000000038554,-26.00000000001046,-226.99999999999943,-407.99999999998613,-253.99999999999068,117.99999999999588,,-1553.999999999941
2016.02.15,-46.999999999997044,221.00000000000452,-1.0000000000065512,148.00000000001478,-368.9999999999971,-87.0000000000033,-219.00000000000253,-192.99999999999872,-70.99999999997664,125.0,-201.00000000000674,-357.99999999999164,-146.0000000000008,107.99999999999699,,-1089.9999999999648
2016.02.15,-70.99999999999883,246.99999999999721,-22.0000000000109,218.00000000000708,-425.0000000000087,-224.99999999999432,-278.00000000000045,-276.9999999999939,100.0000000000334,-85.00000000000796,-253.99999999999866,-506.9999999999908,-305.9999999999974,153.00000000000313,,-1731.999999999961
2016.02.15,-158.99999999999804,242.00000000000887,110.99999999999443,243.00000000001543,-547.0000000000086,-292.99999999999216,-348.00000000000387,-419.9999999999982,362.00000000001785,-128.0000000000001,-461.0000000000003,-600.9999999999849,-444.9999999999932,253.0000000000032,,-2190.9999999999395
2016.02.15,-234.99999999999633,195.00000000001182,156.00000000000057,174.00000000000747,-612.0000000000125,-283.9999999999918,-373.00000000000114,-425.99999999999307,273.0000000000121,-154.00000000001057,-452.00000000000796,-612.9999999999969,-457.9999999999984,230.99999999999233,,-2577.999999999985
2016.02.15,-248.00000000000378,226.99999999999943,173.00000000000094,329.00000000000153,-662.000000000007,-393.0000000000007,-463.0000000000023,-580.9999999999982,651.0000000000016,-281.0000000000059,-641.0000000000027,-893.9999999999948,-640.0000000000006,324.00000000000205,,-3099.00000000001
2016.02.15,-220.99999999999343,327.00000000001063,132.99999999998312,375.9999999999986,-721.000000000016,-402.000000000001,-463.0000000000023,-608.9999999999928,652.0000000000082,-288.0000000000109,-635.0000000000077,-1068.9999999999866,-643.0000000000007,361.9999999999957,,-3201.0000000000155
2016.02.15,-266.999999999995,324.0000000000132,182.99999999999983,440.00000000001813,-785.9999999999978,-513.9999999999958,-529.0000000000017,-752.9999999999926,983.0000000000006,-407.0000000000107,-780.000000000003,-1175.9999999999993,-798.0000000000018,473.99999999999665,,-3605.9999999999686
2016.02.15,-320.9999999999935,351.99999999999676,201.99999999999108,419.0000000000138,-896.000000000008,-478.9999999999992,-565.9999999999999,-812.999999999997,992.0000000000151,-440.00000000001194,-787.9999999999887,-1261.000000000001,-819.0000000000026,515.9999999999942,,-3901.9999999999905
2016.02.15,-319.0000000000026,338.0000000000161,119.00000000000244,358.00000000001387,-873.0000000000126,-402.000000000001,-526.0000000000042,-741.9999999999982,821.000000000005,-432.00000000000216,-598.999999999994,-1019.9999999999986,-718.9999999999941,468.9999999999972,,-3526.999999999973
2016.02.15,-322.00000000000006,382.0000000000157,151.9999999999966,419.0000000000138,-920.0000000000097,-474.00000000000375,-560.0000000000049,-835.9999999999923,1019.0000000000143,-477.00000000000387,-712.0000000000015,-1249.9999999999955,-804.9999999999926,549.9999999999949,,-3833.9999999999686
2016.02.15,-310.9999999999946,412.9999999999967,93.99999999999409,466.00000000001086,-937.00000000001,-436.9999999999976,-578.9999999999961,-874.9999999999925,1116.0000000000282,-483.0000000000041,-687.9999999999998,-1177.9999999999902,-798.0000000000018,580.0000000000027,,-3616.9999999999536
2016.02.15,-264.999999999993,407.0000000000018,85.00000000000173,391.000000000008,-859.0000000000098,-454.9999999999983,-505.99999999999534,-758.9999999999985,884.0000000000181,-462.0000000000033,-590.0000000000016,-1401.999999999992,-732.9999999999899,517.0000000000008,,-3746.999999999951
2016.02.15,-261.99999999999557,404.0000000000044,99.99999999998899,358.9999999999982,-853.0000000000149,-447.00000000000273,-487.99999999999955,-705.9999999999956,737.0000000000321,-437.0000000000118,-577.9999999999897,-1302.0000000000032,-704.9999999999983,464.9999999999932,,-3712.999999999995
2016.02.15,-361.9999999999957,225.00000000000853,256.99999999999613,397.0000000000029,-821.000000000005,-352.99999999999443,-578.9999999999961,-778.0000000000009,981.0000000000318,-275.0000000000057,-838.9999999999898,-1658.9999999999882,-746.9999999999999,442.9999999999934,,-4109.999999999943
2016.02.15,-439.0000000000005,246.99999999999721,238.99999999998923,351.0000000000124,-954.0000000000103,-132.99999999999557,-612.0000000000015,-848.9999999999998,1007.0000000000246,-160.0000000000108,-763.0000000000026,-1655.999999999991,-625.0,500.9999999999959,,-3845.999999999993
2016.02.15,-558.9999999999984,116.00000000000499,368.9999999999971,157.00000000000713,-997.0000000000034,-9.000000000000341,-599.0000000000051,-761.999999999996,688.0000000000219,-28.000000000005798,-723.0000000000069,-1559.9999999999836,-521.9999999999914,393.9999999999944,,-4034.9999999999654
2016.02.15,-665.9999999999999,34.000000000000696,403.99999999998215,158.99999999999804,-1078.0000000000011,85.99999999999852,-673.9999999999968,-906.9999999999911,1002.9999999999983,-10.000000000005116,-773.0000000000015,-1706.9999999999918,-537.9999999999967,488.999999999995,,-4178.000000000011
2016.02.15,-661.0000000000005,34.000000000000696,390.9999999999858,138.0000000000159,-1072.0000000000064,-33.00000000000125,-663.0000000000025,-866.0000000000001,891.0000000000196,-155.00000000000114,-733.0000000000059,-1739.0000000000016,-610.99999999999,447.99999999999284,,-4630.999999999995
2016.02.15,-527.9999999999951,-163.00000000000205,272.99999999998994,209.9999999999991,-683.0000000000114,-194.99999999999318,-600.999999999996,-817.000000000001,1311.0000000000177,-297.00000000001125,-649.999999999995,-1617.9999999999861,-656.9999999999965,468.9999999999972,,-3945.9999999999836
2016.02.15,-581.9999999999936,-70.99999999999883,342.9999999999822,341.00000000001353,-853.0000000000149,-173.99999999999238,-705.9999999999956,-895.9999999999968,1295.0000000000018,-264.00000000001,-892.0000000000039,-1810.0000000000005,-765.0000000000006,429.99999999999704,,-4604.000000000013
2016.02.15,-636.9999999999986,16.000000000016,350.9999999999902,245.0000000000063,-1012.9999999999973,-78.99999999999352,-700.0000000000006,-991.9999999999928,1328.0000000000402,-219.99999999999886,-798.0000000000098,-1790.999999999987,-685.9999999999928,574.9999999999922,,-4400.999999999926
2016.02.15,-549.9999999999949,-158.99999999999804,266.999999999995,180.0000000000024,-721.000000000016,-162.9999999999967,-604.0000000000045,-902.9999999999983,1494.0000000000175,-300.00000000001137,-602.999999999998,-1563.9999999999877,-637.0000000000005,583.0000000000002,,-3679.999999999991
2016.02.15,-647.9999999999931,-312.9999999999855,424.99999999998647,268.0000000000016,-707.0000000000132,-111.0000000000042,-719.000000000003,-1003.9999999999937,1810.0000000000005,-186.00000000000705,-923.9999999999915,-1796.999999999982,-733.9999999999947,565.9999999999999,,-4073.999999999979
2016.02.15,-756.0000000000011,-156.99999999998494,522.9999999999845,260.0000000000158,-1019.9999999999986,-69.99999999999318,-792.0000000000039,-1135.9999999999925,1753.0000000000268,-172.00000000001125,-1051.0000000000018,-1961.999999999997,-789.999999999992,651.999999999997,,-4717.999999999952
2016.02.15,-781.9999999999939,-226.99999999999943,534.9999999999966,232.00000000000998,-991.0000000000085,-112.99999999999955,-799.0000000000052,-1108.9999999999934,1709.000000000005,-237.00000000000898,-1035.9999999999925,-2034.9999999999868,-823.9999999999981,603.9999999999934,,-5072.999999999981
2016.02.15,-827.0,-106.99999999999044,529.999999999986,221.00000000000452,-1175.9999999999993,-31.999999999996476,-824.999999999998,-1092.9999999999995,1392.0000000000155,-212.0000000000033,-1014.0000000000038,-1835.9999999999932,-798.0000000000018,544.0,,-5232.99999999998
2016.02.15,-897.9999999999987,-205.99999999999508,554.9999999999944,177.00000000000495,-1183.0000000000007,-19.99999999999602,-853.9999999999992,-1139.9999999999966,1532.0,-264.00000000001,-998.00000000001,-1916.999999999991,-822.0000000000027,569.9999999999927,,-5468.000000000008
2016.02.15,-947.9999999999933,-191.99999999999218,603.9999999999824,136.00000000000279,-1261.000000000001,21.000000000000796,-868.000000000002,-1247.9999999999936,1719.0000000000261,-225.9999999999991,-1022.9999999999961,-2098.999999999984,-813.0000000000024,702.9999999999981,,-5494.999999999954
2016.02.15,-1083.9999999999961,-140.99999999999113,865.999999999989,280.9999999999979,-1519.0000000000036,18.000000000000682,-1046.0000000000025,-1294.9999999999907,1496.0000000000307,-106.00000000000875,-1551.9999999999977,-2499.999999999991,-1013.9999999999958,520.9999999999936,,-7074.9999999999645
2016.02.15,-1131.9999999999998,-446.9999999999974,931.9999999999995,86.0000000000083,-1278.0000000000014,-10.99999999999568,-977.0000000000057,-1219.9999999999989,1623.0000000000189,-127.00000000000955,-1418.9999999999925,-2249.9999999999964,-959.0000000000032,514.9999999999987,,-6663.999999999974
2016.02.15,-1136.999999999999,-351.99999999999676,903.9999999999937,218.00000000000708,-1378.0000000000125,-51.9999999999925,-1048.0000000000045,-1224.9999999999984,1488.0000000000227,-207.9999999999984,-1530.9999999999934,-2163.999999999988,-1072.9999999999932,414.00000000000324,,-7143.999999999949
2016.02.15,-1151.000000000002,-523.9999999999911,880.9999999999984,99.00000000000463,-1227.0000000000002,-147.00000000000557,-995.0000000000015,-1180.9999999999986,1580.0000000000036,-353.9999999999992,-1364.999999999994,-2024.999999999988,-1078.000000000003,432.9999999999945,,-7053.999999999982
2016.02.15,-1100.9999999999964,-536.9999999999875,905.0000000000002,180.0000000000024,-1148.0000000000157,-274.0000000000009,-1002.9999999999983,-1117.9999999999968,1508.0000000000205,-403.0000000000058,-1489.000000000007,-2032.999999999996,-1176.0000000000018,332.99999999999443,,-7355.999999999989
2016.02.15,-1117.9999999999968,-524.9999999999977,893.9999999999948,255.00000000000523,-1180.0000000000032,-254.99999999999545,-1051.0000000000018,-1246.9999999999982,1835.0000000000312,-419.00000000001114,-1558.9999999999993,-2286.9999999999945,-1221.999999999994,439.99999999999596,,-7438.999999999964
2016.02.15,-1015.9999999999947,-483.99999999999557,776.9999999999833,212.00000000001216,-1073.0000000000127,-358.99999999999466,-955.0000000000058,-1144.999999999996,1724.0000000000143,-543.0000000000064,-1349.0000000000002,-2034.0000000000025,-1191.0000000000025,431.99999999999903,,-7004.000000000003
2016.02.15,-1041.000000000003,-497.99999999999847,775.9999999999989,223.00000000001762,-1094.0000000000173,-240.99999999999966,-975.0000000000036,-1168.9999999999977,1745.0000000000186,-442.0000000000073,-1347.0000000000093,-1990.9999999999873,-1128.9999999999907,439.0000000000005,,-6743.999999999978
2016.02.15,-1100.9999999999964,-445.99999999999085,817.9999999999854,236.99999999999832,-1222.9999999999964,-213.99999999999864,-1022.9999999999961,-1207.999999999998,1680.000000000037,-451.9999999999982,-1434.000000000002,-2187.99999999999,-1174.9999999999973,415.99999999999415,,-7312.999999999948
2016.02.15,-1075.0000000000036,-514.9999999999987,824.0000000000025,161.00000000001114,-1126.0000000000048,-286.9999999999919,-966.9999999999957,-1198.9999999999945,1768.0000000000362,-510.0000000000051,-1353.9999999999886,-2156.0000000000023,-1170.9999999999923,473.0000000000012,,-7133.999999999926
2016.02.15,-1102.9999999999984,-563.9999999999867,842.9999999999937,221.00000000000452,-1124.9999999999982,-283.00000000000125,-1012.9999999999973,-1166.0000000000005,1690.0000000000136,-506.0000000000002,-1445.9999999999918,-2152.9999999999827,-1215.999999999994,375.0000000000031,,-7445.999999999935
2016.02.15,-1114.9999999999993,-529.0000000000017,853.9999999999992,198.00000000000927,-1177.000000000006,-234.99999999999943,-1017.0000000000013,-1131.9999999999998,1538.0000000000393,-456.00000000000307,-1434.000000000002,-2169.999999999983,-1173.9999999999923,339.99999999999585,,-7508.999999999946
2016.02.15,-1066.0000000000002,-556.9999999999853,810.999999999984,147.00000000000824,-1072.0000000000064,-203.00000000000296,-958.0000000000033,-1108.9999999999934,1608.0000000000093,-407.0000000000107,-1329.0000000000025,-2139.9999999999864,-1085.9999999999986,383.0,,-6977.999999999989
2016.02.15,-1014.0000000000038,-587.9999999999885,792.9999999999993,157.00000000000713,-970.0000000000042,-283.00000000000125,-914.9999999999991,-1058.9999999999989,1595.0000000000132,-448.0000000000075,-1309.0000000000045,-2085.0000000000036,-1101.9999999999895,346.9999999999973,,-6880.9999999999845
2016.02.15,-966.9999999999957,-590.999999999986,804.9999999999891,156.00000000000057,-907.9999999999977,-201.99999999999818,-880.000000000003,-1027.0000000000002,1736.000000000004,-420.0000000000017,-1326.000000000005,-1885.9999999999877,-1058.9999999999975,356.9999999999962,,-6211.999999999983
2016.02.16,-1008.9999999999932,-587.9999999999885,790.0000000000018,135.00000000001845,-975.9999999999991,-269.999999999996,-878.000000000001,-1027.9999999999957,1541.0000000000146,-444.0000000000026,-1272.0000000000064,-1539.999999999986,-1075.0000000000027,322.9999999999955,,-6290.999999999942
2016.02.16,-963.9999999999982,-534.9999999999966,706.999999999991,165.9999999999995,-955.0000000000169,-186.9999999999976,-866.9999999999956,-1025.9999999999936,1505.0000000000007,-393.0000000000007,-1202.9999999999984,-1559.9999999999836,-988.9999999999901,353.99999999999875,,-5946.999999999981
2016.02.16,-995.0000000000015,-465.99999999998863,687.9999999999998,239.00000000001143,-1060.0000000000164,-189.99999999999773,-955.0000000000058,-1151.9999999999975,1739.0000000000239,-431.0000000000116,-1261.000000000001,-1539.999999999986,-1063.999999999993,441.0000000000025,,-6006.999999999961
2016.02.16,-912.0000000000017,-356.9999999999851,579.9999999999806,250.00000000001688,-1053.000000000015,-156.99999999999648,-904.0000000000048,-1091.999999999993,1572.00000000004,-424.0000000000066,-1122.0000000000007,-1591.9999999999934,-990.9999999999997,424.9999999999976,,-5776.999999999962
2016.02.16,-966.9999999999957,-533.99999999999,665.9999999999889,607.0000000000019,-961.0000000000118,-257.000000000005,-1131.9999999999998,-1223.9999999999918,2092.0000000000273,-490.99999999999966,-1635.0000000000086,-1722.9999999999857,-1317.9999999999977,302.9999999999977,,-6573.999999999969
2016.02.16,-922.999999999996,-448.000000000004,603.9999999999824,633.0000000000168,-978.0000000000122,-468.0000000000035,-1105.999999999996,-1364.999999999994,2459.000000000033,-751.000000000019,-1577.9999999999905,-2089.999999999992,-1445.999999999998,532.9999999999945,,-6923.999999999978
2016.02.16,-908.9999999999932,-421.0000000000047,575.9999999999987,619.000000000014,-978.9999999999966,-441.99999999999307,-1092.000000000004,-1288.9999999999957,2244.0000000000014,-730.000000000004,-1524.9999999999986,-2213.9999999999827,-1408.0000000000014,448.9999999999994,,-7120.999999999961
2016.02.16,-961.9999999999961,-349.99999999998363,580.999999999987,658.0000000000031,-1127.9999999999957,-338.99999999999864,-1146.999999999998,-1312.9999999999975,2102.0000000000036,-658.0000000000013,-1577.9999999999905,-1985.9999999999989,-1384.999999999991,403.99999999999324,,-7100.999999999964
2016.02.16,-988.0,-506.9999999999908,635.9999999999922,619.9999999999983,-1014.0000000000038,-382.000000000005,-1149.0,-1323.9999999999918,2290.0000000000364,-692.9999999999978,-1608.9999999999939,-967.9999999999911,-1426.0000000000018,417.99999999999613,,-6095.999999999953
2016.02.16,-1014.0000000000038,-544.9999999999955,693.9999999999947,812.0000000000127,-1019.0000000000143,-364.9999999999949,-1261.9999999999964,-1376.999999999995,2443.0000000000173,-636.0000000000099,-1900.999999999997,-1028.9999999999911,-1542.0000000000016,334.00000000000097,,-6406.999999999974
2016.02.16,-1029.9999999999975,-522.0000000000002,739.0000000000008,849.0000000000109,-1053.9999999999993,-481.9999999999993,-1295.999999999997,-1397.9999999999993,2449.0000000000123,-739.0000000000185,-2004.0000000000057,-1082.9999999999895,-1668.9999999999968,319.0000000000026,,-6920.999999999975
2016.02.16,-1090.9999999999975,-604.9999999999889,827.9999999999843,880.0000000000141,-1066.0000000000114,-484.99999999999943,-1358.0000000000036,-1405.9999999999961,2443.0000000000173,-713.0000000000081,-2164.0000000000105,-726.9999999999887,-1741.9999999999902,247.99999999999267,,-6957.999999999986
2016.02.16,-1156.9999999999968,-566.9999999999842,844.0000000000003,901.0000000000184,-1202.9999999999984,-343.0000000000035,-1419.0000000000036,-1395.9999999999973,2220.000000000022,-635.0000000000051,-2207.000000000003,-871.9999999999839,-1709.9999999999936,144.99999999999514,,-7398.999999999934
2016.02.16,-1122.0000000000007,-590.0000000000016,817.000000000001,918.0000000000188,-1123.0000000000073,-358.0000000000041,-1402.0000000000032,-1305.9999999999961,2078.000000000024,-629.0000000000049,-2194.0000000000073,-655.9999999999899,-1700.9999999999934,46.00000000000159,,-7221.999999999964
2016.02.16,-1151.000000000002,-709.9999999999884,845.9999999999912,785.0000000000134,-1048.0000000000045,-329.9999999999983,-1353.000000000004,-1300.9999999999966,2179.00000000002,-608.0000000000041,-2080.9999999999995,-568.9999999999973,-1628.9999999999907,105.99999999999498,,-6863.999999999966
2016.02.16,-1102.9999999999984,-665.0000000000044,798.9999999999942,766.0,-1022.9999999999961,-161.00000000000136,-1309.0000000000045,-1240.999999999992,2039.9999999999973,-426.00000000000193,-1995.9999999999977,-543.999999999989,-1463.9999999999986,81.9999999999932,,-6244.999999999999
2016.02.16,-1112.0000000000018,-661.9999999999848,771.9999999999949,720.0000000000095,-1035.0000000000082,-168.99999999999693,-1288.0000000000002,-1272.999999999991,2118.00000000002,-460.00000000000796,-1909.9999999999895,-592.9999999999991,-1435.0000000000023,151.9999999999966,,-6174.999999999962
2016.02.16,-1122.9999999999961,-787.9999999999887,785.9999999999978,770.000000000004,-926.0000000000045,-171.99999999999704,-1322.9999999999964,-1311.999999999991,2376.0000000000227,-463.0000000000081,-1981.0000000000105,-639.9999999999961,-1478.999999999999,159.9999999999935,,-6114.999999999969
2016.02.16,-1044.0000000000005,-741.9999999999982,718.9999999999808,958.9999999999987,-862.0000000000072,-138.9999999999958,-1365.000000000005,-1217.0000000000014,2199.0000000000177,-393.0000000000007,-2100.9999999999973,-437.99999999998283,-1497.9999999999905,-26.999999999999247,,-5948.999999999981
2016.02.16,-1054.9999999999948,-471.9999999999835,817.000000000001,1090.0000000000132,-1143.0000000000052,-156.99999999999648,-1439.0000000000014,-1447.9999999999936,2458.000000000027,-317.99999999999784,-2380.0000000000045,-651.0000000000016,-1600.999999999999,190.99999999999673,,-6107.999999999941
2016.02.16,-985.0000000000025,-215.99999999999397,673.9999999999968,1085.0000000000027,-1296.0000000000082,-117.00000000000443,-1387.000000000005,-1434.9999999999975,2201.000000000031,-343.0000000000035,-2178.9999999999977,-605.9999999999955,-1512.0000000000005,241.00000000000233,,-5874.999999999975
2016.02.16,-975.9999999999991,113.00000000000753,626.9999999999998,1234.0000000000018,-1599.000000000017,-125.0,-1456.9999999999973,-1403.999999999994,1679.0000000000305,-394.00000000000546,-2292.000000000005,-475.99999999998755,-1598.9999999999895,97.9999999999981,,-6570.999999999956
2016.02.16,-959.9999999999942,-69.9999999999923,593.9999999999834,641.0000000000027,-1385.9999999999984,159.00000000000603,-1136.999999999999,-1405.0000000000007,1973.0000000000025,-105.00000000000398,-1575.9999999999995,-512.9999999999857,-1028.9999999999964,546.000000000002,,-4267.999999999974
2016.02.16,-975.0000000000036,-333.9999999999899,588.9999999999951,607.0000000000019,-1150.0000000000066,343.0000000000035,-1129.0000000000023,-1279.9999999999923,1975.0000000000157,68.9999999999884,-1561.9999999999968,-370.00000000000364,-887.999999999991,391.9999999999924,,-3712.9999999999895
2016.02.16,-883.0000000000005,-302.9999999999866,520.9999999999936,656.0000000000122,-1062.0000000000073,317.99999999999784,-1090.000000000002,-1219.9999999999989,1921.000000000017,90.99999999999397,-1488.0000000000005,-347.9999999999928,-852.9999999999944,352.9999999999922,,-3386.9999999999764
2016.02.16,-1000.9999999999964,-261.0000000000001,595.9999999999966,568.9999999999973,-1269.000000000009,534.9999999999966,-1129.9999999999977,-1273.9999999999973,1771.0000000000114,262.999999999991,-1499.000000000006,-393.99999999998323,-745.9999999999951,368.9999999999971,,-3470.9999999999945
2016.02.16,-976.9999999999945,-468.9999999999861,629.9999999999973,612.0000000000125,-1033.0000000000173,388.9999999999958,-1136.0000000000036,-1222.9999999999964,1974.000000000009,165.99999999999682,-1590.0000000000025,-343.99999999998875,-859.9999999999994,295.99999999999625,,-3564.999999999981
2016.02.16,-1053.0000000000039,-689.9999999999907,770.9999999999884,635.0000000000077,-924.0000000000136,287.9999999999967,-1202.9999999999984,-1315.999999999995,2403.000000000022,116.99999999999022,-1811.9999999999914,-373.99999999998545,-1007.9999999999956,334.00000000000097,,-3831.999999999968
2016.02.16,-1066.9999999999957,-590.999999999986,710.999999999995,775.0000000000146,-1044.0000000000005,405.00000000000114,-1290.0000000000023,-1389.9999999999911,2438.000000000029,162.9999999999967,-1885.0000000000034,-617.9999999999852,-1021.9999999999914,320.9999999999935,,-4093.9999999999245
2016.02.16,-1019.9999999999986,-771.9999999999949,683.9999999999957,677.0000000000165,-799.0000000000164,475.9999999999991,-1202.000000000003,-1340.9999999999923,2641.000000000027,263.9999999999958,-1736.000000000004,-600.9999999999849,-872.9999999999905,369.99999999999255,,-3231.9999999999577
2016.02.16,-958.9999999999987,-1350.9999999999911,709.9999999999884,246.00000000001288,-95.00000000000064,421.0000000000065,-900.9999999999962,-1147.9999999999934,3127.000000000013,305.9999999999974,-1297.999999999999,-164.99999999999292,-579.9999999999983,465.9999999999998,,-1220.9999999999525
2016.02.16,-947.9999999999933,-1432.9999999999955,607.0000000000019,300.00000000001137,-41.000000000002146,349.9999999999943,-951.0000000000018,-1107.999999999998,3055.00000000003,135.99999999999568,-1207.0000000000025,151.00000000001222,-671.999999999997,386.9999999999929,,-1373.9999999999513
2016.02.16,-797.9999999999987,-1583.9999999999854,506.9999999999908,152.0000000000188,319.0000000000026,234.99999999999943,-768.9999999999975,-992.9999999999994,3241.000000000005,85.99999999999852,-902.0000000000028,-29.999999999996696,-548.9999999999924,480.99999999999807,,-603.9999999999594
2016.02.16,-1117.0000000000014,-1940.9999999999927,883.9999999999959,-430.9999999999814,224.99999999998633,466.0000000000082,-697.9999999999986,-979.999999999992,3075.0000000000277,349.9999999999943,-777.0000000000055,197.00000000000273,-298.9999999999924,561.0000000000003,,-484.9999999999483
2016.02.16,-1186.9999999999936,-1859.999999999995,973.0000000000016,-387.99999999998835,37.99999999998249,653.0000000000058,-772.000000000006,-834.0000000000014,2378.0000000000355,582.9999999999984,-953.0000000000039,154.0000000000097,-246.9999999999999,253.99999999999866,,-1207.9999999999554
2016.02.16,-1168.0000000000023,-1829.9999999999982,910.9999999999951,-451.99999999998573,39.999999999995595,670.0000000000017,-724.0000000000024,-698.9999999999941,1981.0000000000105,551.0000000000019,-791.0000000000084,381.0000000000091,-186.9999999999976,129.00000000000134,,-1187.9999999999736
2016.02.16,-1076.9999999999945,-1926.0000000000055,883.9999999999959,-273.9999999999965,261.9999999999845,625.0,-753.0000000000036,-675.9999999999989,2246.0000000000146,587.9999999999939,-956.0000000000013,426.00000000001523,-247.99999999999045,56.0000000000005,,-822.9999999999857
2016.02.16,-1163.000000000003,-2001.9999999999927,949.9999999999842,-113.99999999999189,214.99999999998744,561.000000000007,-894.0000000000059,-824.999999999998,2608.0000000000327,486.99999999999477,-1225.0000000000093,36.999999999998145,-456.99999999999363,68.99999999999685,,-1752.9999999999932
2016.02.16,-1129.0000000000023,-1939.0000000000018,929.9999999999864,-107.99999999999699,200.99999999998454,521.0000000000008,-875.0000000000035,-802.9999999999982,2513.000000000032,465.999999999994,-1202.9999999999984,15.00000000000945,-460.9999999999985,68.00000000000139,,-1803.9999999999914
2016.02.16,-1166.0000000000005,-1862.9999999999925,969.999999999982,-61.99999999998429,68.99999999998573,588.0000000000081,-922.999999999996,-829.9999999999974,2405.999999999997,530.0000000000011,-1309.0000000000045,-122.99999999998423,-472.999999999999,36.999999999998145,,-2148.999999999986
2016.02.16,-1254.999999999995,-2007.9999999999875,1068.9999999999866,-169.99999999998127,92.99999999998754,614.0000000000043,-931.9999999999995,-861.0000000000007,2529.0000000000036,559.9999999999881,-1327.999999999996,-79.99999999999119,-461.9999999999891,69.9999999999923,,-2160.9999999999786
2016.02.16,-1153.9999999999995,-2014.999999999989,937.9999999999944,-373.99999999998545,235.99999999999176,548.0000000000018,-756.0000000000011,-714.999999999999,2319.0000000000045,463.99999999999864,-917.9999999999966,177.00000000000495,-307.9999999999927,107.99999999999699,,-1449.9999999999704
2016.02.16,-1141.9999999999986,-1974.9999999999934,929.000000000002,-308.9999999999815,220.99999999998232,545.0000000000017,-778.9999999999964,-778.9999999999964,2473.9999999999986,467.9999999999893,-977.99999999999,117.00000000001154,-334.0000000000032,163.99999999999747,,-1377.9999999999761
2016.02.16,-1141.0000000000032,-2051.0000000000027,908.999999999982,-313.99999999999204,295.99999999998516,582.0000000000078,-775.9999999999989,-789.9999999999907,2621.0000000000286,491.9999999999902,-943.9999999999893,50.0000000000167,-307.9999999999927,183.99999999999528,,-1189.999999999964
2016.02.16,-1188.0000000000002,-2019.9999999999995,941.9999999999984,-346.0000000000019,194.99999999998963,596.0000000000036,-795.0000000000013,-847.9999999999932,2644.000000000002,479.99999999998977,-954.0000000000103,-92.00000000000318,-316.99999999999307,239.99999999999577,,-1463.0000000000243
2016.02.16,-1158.0000000000034,-1961.999999999997,919.9999999999875,-356.00000000000074,180.99999999998673,513.0000000000052,-765.0000000000045,-845.9999999999912,2619.000000000016,396.99999999999136,-909.9999999999886,-105.99999999998388,-347.999999999999,271.9999999999945,,-1548.9999999999873
2016.02.16,-1175.0000000000039,-1951.9999999999982,947.9999999999933,-394.9999999999898,146.99999999998602,439.00000000000716,-763.0000000000026,-846.9999999999977,2560.000000000029,333.999999999989,-907.9999999999977,-126.0000000000039,-390.99999999999113,288.9999999999948,,-1839.9999999999857
2016.02.16,-1141.9999999999986,-1869.9999999999939,912.999999999986,-156.99999999998494,105.99999999998388,668.9999999999969,-861.0000000000007,-912.9999999999972,2703.000000000033,292.0000000000016,-1124.9999999999982,-272.99999999998994,-510.9999999999957,236.00000000000287,,-1932.9999999999552
2016.02.17,-1144.999999999996,-1869.9999999999939,889.9999999999908,-249.99999999999466,98.99999999998244,456.00000000000307,-783.9999999999958,-878.000000000001,2607.000000000026,272.99999999999613,-990.000000000002,-180.0000000000024,-444.9999999999932,253.0000000000032,,-1963.9999999999773
2016.02.17,-1161.000000000001,-1852.9999999999936,974.9999999999925,-191.99999999999218,75.99999999998718,299.0000000000066,-844.9999999999958,-946.9999999999978,2787.0000000000064,176.00000000000193,-1168.9999999999977,-412.9999999999967,-626.9999999999953,302.0000000000023,,-2591.999999999973
2016.02.17,-1158.0000000000034,-1821.9999999999902,915.9999999999835,-175.99999999999838,37.99999999998249,344.0000000000083,-856.9999999999967,-952.9999999999927,2732.000000000001,197.9999999999933,-1106.000000000007,-203.99999999998198,-575.9999999999934,297.00000000000284,,-2326.999999999992
2016.02.17,-1146.999999999998,-1865.99999999999,908.999999999982,-122.99999999998423,98.99999999998244,328.00000000000296,-880.000000000003,-968.9999999999976,2876.000000000012,194.99999999999318,-1157.000000000008,-333.9999999999899,-609.9999999999994,292.9999999999988,,-2385.9999999999995
2016.02.17,-1208.9999999999934,-1947.999999999994,1046.999999999998,-218.99999999999142,93.99999999999409,284.000000000006,-873.0000000000016,-931.9999999999995,2741.0000000000155,226.99999999998965,-1238.0000000000057,-319.0000000000026,-629.9999999999955,246.99999999999721,,-2727.9999999999827
2016.02.17,-1220.9999999999943,-1954.9999999999957,1036.999999999999,-235.99999999999176,85.00000000000173,245.9999999999951,-872.0000000000061,-936.999999999999,2732.000000000001,152.00000000000102,-1210.0,-347.9999999999928,-661.0000000000014,248.99999999999923,,-2938.999999999984
2016.02.17,-1107.0000000000025,-1885.9999999999877,901.9999999999806,-225.99999999999287,176.99999999998272,445.99999999999795,-797.0000000000033,-762.9999999999915,2377.000000000029,365.99999999999966,-1028.9999999999911,116.00000000000499,-435.0000000000023,114.99999999999844,,-1743.9999999999775
2016.02.17,-1205.999999999996,-1915.0,1008.9999999999932,-161.99999999999548,58.000000000002494,486.0000000000042,-905.9999999999957,-922.999999999996,2670.000000000039,402.000000000001,-1249.9999999999955,-9.999999999998899,-524.9999999999915,193.99999999999417,,-2077.999999999935
2016.02.17,-1141.0000000000032,-1888.9999999999852,915.9999999999835,-51.99999999998539,132.99999999998312,405.00000000000114,-912.9999999999972,-900.0000000000008,2709.000000000028,298.0000000000018,-1245.9999999999916,17.000000000000348,-590.999999999994,151.00000000000114,,-2102.9999999999573
2016.02.17,-1139.9999999999966,-1863.999999999999,900.9999999999962,-43.999999999999595,104.99999999999955,424.99999999999716,-917.0000000000011,-911.9999999999906,2694.0000000000186,301.00000000000193,-1231.9999999999886,-80.99999999999774,-578.000000000003,159.9999999999935,,-2181.999999999968
2016.02.17,-1102.000000000003,-1893.9999999999957,858.9999999999875,-165.9999999999995,190.00000000000128,525.9999999999962,-826.0000000000045,-809.9999999999997,2531.0000000000164,412.9999999999967,-1038.99999999999,139.00000000000023,-405.9999999999917,142.99999999999312,,-1441.9999999999918
2016.02.17,-1009.9999999999998,-1898.999999999984,774.9999999999924,-225.99999999999287,320.9999999999935,593.0000000000035,-729.0000000000018,-654.9999999999944,2268.0000000000255,506.0000000000002,-853.9999999999992,407.0000000000018,-244.99999999999034,58.99999999999794,,-688.9999999999472
2016.02.17,-951.9999999999973,-1980.9999999999884,696.999999999992,-232.99999999999432,485.99999999998647,552.0000000000067,-687.9999999999998,-605.0,2368.0000000000146,450.9999999999934,-744.9999999999957,546.000000000002,-225.9999999999991,49.99999999999449,,-279.9999999999848
2016.02.17,-936.999999999999,-1981.9999999999948,658.9999999999874,-243.99999999999977,510.99999999999477,519.0000000000055,-666.9999999999953,-553.999999999999,2247.0000000000214,390.00000000000057,-678.0000000000008,395.99999999999636,-224.99999999999432,2.000000000002,,-562.9999999999752
2016.02.17,-939.9999999999964,-1917.9999999999975,666.9999999999953,-247.99999999998158,443.99999999999994,525.0000000000057,-670.000000000004,-569.9999999999927,2197.0000000000045,396.99999999999136,-679.0000000000074,226.99999999999943,-224.99999999999432,22.999999999995246,,-769.999999999982
2016.02.17,-963.0000000000027,-1905.0000000000011,705.9999999999844,-289.9999999999903,395.99999999999636,393.0000000000007,-663.999999999998,-617.0000000000009,2263.9999999999995,265.00000000000057,-692.0000000000038,11.00000000000545,-316.99999999999307,97.9999999999981,,-1315.0000000000045
2016.02.17,-964.9999999999936,-1943.9999999999902,648.9999999999885,-316.99999999998954,439.99999999999596,507.99999999999557,-648.9999999999995,-605.0,2297.0000000000377,333.999999999989,-574.0000000000078,201.00000000000674,-212.99999999999386,102.00000000000209,,-735.999999999959
2016.02.17,-997.0000000000034,-2147.9999999999945,682.9999999999892,-431.99999999998795,600.9999999999849,602.0000000000039,-612.9999999999969,-586.9999999999931,2468.0000000000036,434.99999999998806,-496.99999999999187,211.00000000000563,-107.99999999998988,124.00000000000189,,-257.9999999999812
2016.02.17,-900.9999999999962,-2296.9999999999936,610.9999999999837,-393.99999999998323,875.0000000000035,676.0000000000019,-563.0000000000024,-559.9999999999939,2791.0000000000323,560.9999999999928,-442.00000000000904,302.0000000000023,6.000000000000227,156.00000000000057,,821.0000000000392
2016.02.17,-990.000000000002,-2252.999999999994,656.9999999999965,-254.999999999983,710.999999999995,811.9999999999976,-697.9999999999986,-722.0000000000005,3029.0000000000373,649.9999999999915,-661.0000000000005,-88.99999999998354,-52.99999999999727,198.99999999999363,,337.0000000000516
2016.02.17,-963.0000000000027,-2204.9999999999905,679.9999999999917,-281.99999999998226,703.9999999999935,569.0000000000026,-663.999999999998,-646.9999999999976,2792.000000000039,443.9999999999884,-662.000000000007,-41.000000000002146,-183.9999999999975,139.99999999999568,,-318.9999999999667
2016.02.17,-1066.9999999999957,-2180.9999999999886,734.9999999999968,-146.00000000000168,529.0000000000017,507.99999999999557,-807.9999999999976,-756.9999999999966,2853.0000000000387,310.99999999999284,-889.9999999999908,-187.00000000000384,-393.0000000000007,88.99999999999464,,-1403.9999999999557
2016.02.17,-1222.000000000001,-2041.0000000000039,910.9999999999951,-114.99999999999844,139.9999999999846,628.0000000000001,-934.9999999999969,-837.9999999999943,2611.0000000000077,429.9999999999926,-1167.0000000000068,-439.99999999999596,-459.0000000000032,20.999999999993246,,-2476.000000000027
2016.02.17,-1417.999999999997,-1787.0000000000052,1034.0000000000016,50.0000000000167,-351.99999999999676,689.0000000000072,-1156.9999999999968,-1136.999999999999,2708.0000000000214,399.0000000000009,-1526.0000000000052,-925.9999999999824,-671.999999999997,146.00000000000168,,-3948.99999999993
2016.02.17,-1451.0000000000023,-1578.999999999997,1081.999999999983,260.0000000000158,-616.0000000000165,567.9999999999978,-1297.0000000000036,-1351.9999999999977,2934.0000000000364,277.000000000001,-1822.9999999999968,-1015.9999999999947,-912.9999999999967,258.9999999999981,,-4666.999999999973
2016.02.17,-1381.9999999999943,-1757.999999999993,1015.9999999999947,104.99999999999955,-334.9999999999964,612.9999999999995,-1168.9999999999977,-1269.9999999999934,3102.000000000027,335.9999999999985,-1556.0000000000018,-908.999999999982,-733.9999999999947,324.00000000000205,,-3616.999999999932
2016.02.17,-1356.999999999997,-1968.9999999999986,935.9999999999812,123.00000000000644,-92.00000000000318,683.0000000000069,-1156.9999999999968,-1239.0000000000011,3341.000000000038,353.9999999999992,-1469.9999999999936,-729.9999999999862,-673.0000000000018,283.99999999999534,,-2965.999999999951
2016.02.17,-1324.000000000003,-1781.9999999999948,882.9999999999893,104.99999999999955,-226.99999999999943,525.0000000000057,-1124.9999999999982,-1170.9999999999998,2979.0000000000205,168.99999999999693,-1378.9999999999968,-559.9999999999827,-745.9999999999951,244.99999999999523,,-3407.9999999999627
2016.02.17,-1341.9999999999986,-1929.000000000003,919.9999999999875,73.00000000001194,-117.00000000001154,646.0000000000008,-1124.0000000000027,-1151.9999999999975,3074.0000000000214,314.9999999999977,-1391.0000000000089,-647.9999999999819,-659.9999999999966,217.99999999999596,,-3116.999999999986
2016.02.17,-1339.0000000000014,-1797.9999999999884,878.000000000001,368.00000000001273,-242.00000000000887,506.0000000000002,-1273.9999999999973,-1266.999999999996,3212.000000000037,115.99999999999966,-1662.9999999999923,-664.9999999999823,-932.9999999999927,166.99999999999494,,-3933.999999999914
2016.02.17,-1453.9999999999998,-1903.9999999999945,1046.999999999998,407.0000000000018,-284.00000000001756,695.0000000000074,-1331.9999999999998,-1249.0,3171.000000000035,316.99999999999307,-1940.9999999999927,-783.9999999999848,-900.9999999999962,7.9999999999968985,,-4203.999999999953
2016.02.17,-1512.0000000000023,-2012.9999999999982,1042.9999999999939,319.0000000000026,-277.00000000001614,692.0000000000073,-1371.9999999999955,-1194.9999999999905,2968.0000000000373,287.9999999999967,-1835.9999999999932,-398.9999999999938,-912.9999999999967,-63.99999999999739,,-4270.9999999999445
2016.02.17,-1600.0000000000014,-2486.9999999999945,1161.9999999999964,331.999999999999,68.99999999998573,745.0000000000045,-1439.9999999999968,-1219.9999999999989,3524.000000000038,366.9999999999902,-2014.999999999989,-449.9999999999948,-956.0000000000031,-126.99999999999933,,-4095.999999999964
2016.02.17,-1578.999999999997,-2387.99999999999,1122.9999999999852,518.0000000000184,7.0000000000014495,712.0000000000033,-1522.9999999999966,-1313.999999999993,3699.00000000003,315.9999999999883,-2164.0000000000105,-644.0000000000001,-1070.999999999998,-109.99999999999899,,-4417.999999999957
2016.02.17,-1676.9999999999952,-2005.9999999999966,1176.9999999999836,1120.0000000000098,-523.0000000000068,575.0000000000028,-1912.999999999998,-1602.9999999999989,3778.0000000000146,93.99999999999409,-2907.9999999999995,-1307.999999999998,-1620.999999999995,-238.0000000000049,,-7052.999999999988
2016.02.17,-1646.000000000003,-1753.0000000000045,1027.9999999999845,1555.0000000000175,-722.0000000000005,759.0000000000003,-2115.9999999999955,-1837.9999999999952,4155.00000000002,173.00000000000182,-3191.0000000000105,-1757.999999999993,-1723.9999999999895,-190.00000000000128,,-7267.999999999968
2016.02.17,-1647.9999999999939,-1631.999999999989,1020.9999999999831,1547.0000000000095,-844.0000000000003,704.0000000000077,-2115.0,-1903.9999999999945,4168.000000000016,104.99999999998977,-3177.999999999992,-1878.0000000000018,-1759.999999999991,-99.00000000000463,,-7512.99999999996
2016.02.17,-1578.999999999997,-1734.9999999999977,939.9999999999853,1644.000000000001,-648.0000000000041,813.0000000000024,-2115.9999999999955,-1769.9999999999939,4070.000000000018,217.9999999999893,-3170.0000000000064,-1539.999999999986,-1679.000000000002,-285.00000000000193,,-6836.999999999987
2016.02.17,-1497.0000000000039,-1834.9999999999866,922.999999999985,1566.0000000000007,-435.0000000000076,689.9999999999977,-2015.0000000000002,-1730.9999999999936,4264.000000000024,168.99999999999693,-3061.0000000000027,-1519.999999999988,-1655.0000000000011,-202.0000000000022,,-6338.999999999981
2016.02.17,-1514.9999999999998,-1774.9999999999932,885.9999999999868,1561.0000000000123,-516.0000000000053,661.0000000000014,-2024.0000000000036,-1813.9999999999934,4361.000000000015,69.99999999999318,-3001.000000000009,-1587.9999999999893,-1685.0000000000023,-100.00000000000009,,-6478.999999999987
2016.02.17,-1558.9999999999993,-1906.999999999992,918.9999999999809,1407.0000000000027,-446.0000000000131,677.0000000000067,-1975.0000000000045,-1837.9999999999952,4544.000000000015,68.9999999999884,-2873.9999999999986,-1605.9999999999964,-1614.999999999995,0.999999999995449,,-6203.000000000005
2016.02.17,-1480.999999999999,-1984.9999999999923,931.9999999999995,1373.000000000002,-256.00000000001177,778.9999999999964,-1895.0000000000023,-1751.999999999998,4593.000000000025,271.99999999999136,-2859.999999999996,-1752.9999999999823,-1456.0000000000032,-17.000000000000348,,-5505.999999999971
2016.02.17,-1563.9999999999986,-2132.0000000000005,1091.9999999999818,1388.0000000000114,-232.00000000000998,915.0000000000063,-1970.000000000005,-1767.9999999999918,4648.00000000003,518.0000000000007,-3095.000000000003,-1831.999999999989,-1441.0000000000025,-87.99999999999919,,-5560.99999999997
2016.02.17,-1391.9999999999932,-2017.000000000002,941.9999999999984,1270.0000000000155,-96.00000000000719,986.0000000000042,-1780.9999999999993,-1656.9999999999973,4527.000000000015,649.9999999999915,-2757.0000000000095,-1661.9999999999857,-1176.9999999999925,10.999999999994348,,-4152.999999999969
2016.02.17,-1476.999999999995,-1998.9999999999952,923.9999999999915,1307.999999999998,-239.99999999999577,1030.0000000000011,-1863.0000000000036,-1866.9999999999964,4914.000000000018,569.9999999999932,-2773.000000000003,-2007.0000000000032,-1235.99999999999,191.99999999999218,,-4523.999999999988
2016.02.17,-1513.9999999999932,-2010.0000000000007,1036.999999999999,1408.0000000000093,-283.000000000011,1075.0000000000027,-1944.9999999999968,-1838.9999999999907,4757.000000000011,699.9999999999886,-3035.00000000001,-1943.9999999999902,-1295.9999999999923,39.999999999995595,,-4848.999999999979
2016.02.17,-1566.0000000000007,-2041.9999999999882,1091.9999999999818,1479.0000000000082,-320.00000000000915,954.9999999999983,-2019.9999999999995,-1893.9999999999957,4873.000000000016,561.9999999999976,-3194.9999999999923,-1880.9999999999993,-1468.999999999994,17.999999999995797,,-5407.999999999981
2016.02.17,-1535.999999999993,-1997.0000000000043,1068.9999999999866,1765.0000000000166,-319.0000000000026,858.9999999999947,-2143.000000000006,-1922.999999999997,4997.000000000029,447.9999999999933,-3516.9999999999923,-2010.0000000000007,-1686.9999999999977,-140.0000000000068,,-6133.999999999981
2016.02.18,-1552.9999999999932,-1997.9999999999886,1082.9999999999895,1806.0000000000186,-346.0000000000019,849.0000000000038,-2171.9999999999964,-1856.9999999999975,4753.000000000029,406.9999999999965,-3540.999999999994,-1964.9999999999945,-1748.9999999999952,-252.0000000000078,,-6534.999999999933
2016.02.18,-1551.0000000000023,-2018.999999999993,1055.9999999999902,1588.0000000000116,-326.0000000000041,852.0000000000039,-2063.999999999999,-1811.9999999999914,4660.00000000002,402.000000000001,-3272.9999999999927,-1868.9999999999873,-1609.9999999999995,-160.00000000000458,,-6125.999999999948
2016.02.18,-1591.9999999999934,-2139.000000000002,1141.9999999999986,1699.0000000000061,-251.00000000000122,707.9999999999984,-2144.999999999997,-1829.9999999999982,4803.000000000024,312.9999999999882,-3506.000000000009,-1953.999999999989,-1792.9999999999923,-248.00000000000378,,-6792.999999999971
2016.02.18,-1578.0000000000016,-2085.0000000000036,1136.999999999988,1679.0000000000082,-296.0000000000074,679.000000000002,-2136.0000000000045,-1829.9999999999982,4738.00000000002,280.9999999999917,-3475.99999999999,-1935.9999999999823,-1807.9999999999927,-226.99999999999943,,-6857.99999999997
2016.02.18,-1535.999999999993,-2052.9999999999936,1071.999999999984,1666.0000000000118,-268.0000000000016,787.9999999999967,-2090.9999999999986,-1801.9999999999925,4865.000000000008,385.9999999999957,-3380.9999999999895,-2161.9999999999973,-1683.9999999999975,-211.00000000000563,,-6410.999999999972
2016.02.18,-1527.9999999999961,-2041.0000000000039,1010.9999999999841,1765.0000000000166,-265.0000000000041,932.0000000000022,-2139.9999999999973,-1588.0000000000005,4079.0000000000105,496.9999999999999,-3397.99999999999,-1937.9999999999952,-1623.9999999999952,-572.0000000000058,,-6809.9999999999745
2016.02.18,-1495.9999999999973,-1993.0000000000002,1009.9999999999998,1778.9999999999973,-269.00000000000813,846.0000000000036,-2124.999999999999,-1577.9999999999905,4102.000000000028,433.9999999999975,-3420.000000000001,-1869.9999999999939,-1673.0000000000018,-565.0000000000044,,-6817.999999999969
2016.02.18,-1517.999999999997,-1970.9999999999895,1001.9999999999918,1770.000000000005,-324.9999999999975,971.9999999999942,-2139.9999999999973,-1683.9999999999966,4282.000000000008,542.0000000000016,-3400.000000000003,-2238.999999999991,-1592.9999999999893,-434.000000000001,,-6735.999999999961
2016.02.18,-1429.999999999998,-1897.9999999999998,917.9999999999966,1797.000000000004,-277.00000000001614,953.000000000003,-2090.9999999999986,-1619.9999999999993,4168.000000000016,525.9999999999962,-3306.999999999993,-2356.999999999987,-1551.9999999999925,-455.0000000000054,,-6624.999999999974
2016.02.18,-1456.9999999999973,-1895.9999999999866,936.9999999999878,1875.0000000000045,-313.00000000000773,847.999999999999,-2149.9999999999964,-1685.9999999999986,4300.000000000015,411.00000000000136,-3424.000000000005,-2466.999999999997,-1692.9999999999977,-448.000000000004,,-7162.999999999982
2016.02.18,-1446.9999999999982,-1872.9999999999914,958.9999999999987,1904.0000000000168,-322.00000000000006,837.0000000000033,-2156.0000000000023,-1649.0000000000005,4186.000000000023,432.00000000000216,-3483.999999999998,-2476.999999999996,-1712.9999999999939,-509.00000000000387,,-7311.99999999994
2016.02.18,-1471.0,-1852.9999999999936,960.9999999999897,1879.0000000000084,-377.0000000000051,903.0000000000058,-2163.999999999999,-1677.9999999999907,4189.000000000021,477.99999999999443,-3464.0000000000005,-2441.9999999999886,-1671.999999999997,-475.99999999999864,,-7186.9999999999545
2016.02.18,-1436.9999999999993,-1838.9999999999907,951.9999999999973,1938.0000000000175,-343.00000000000443,853.9999999999992,-2168.9999999999986,-1632.9999999999955,4099.000000000008,454.9999999999983,-3509.0000000000064,-2485.999999999988,-1714.999999999989,-546.000000000002,,-7378.999999999954
2016.02.18,-1478.999999999997,-1852.9999999999936,962.9999999999806,1894.000000000018,-389.0000000000171,858.9999999999947,-2173.999999999998,-1575.9999999999995,3894.0000000000196,423.9999999999924,-3478.000000000003,-2227.9999999999854,-1715.999999999994,-629.0000000000018,,-7487.999999999985
2016.02.18,-1486.9999999999939,-1876.9999999999955,1002.9999999999983,1902.0000000000036,-374.0000000000077,783.0000000000013,-2185.0000000000036,-1613.9999999999932,4016.0000000000196,364.9999999999949,-3539.000000000003,-2374.9999999999936,-1786.9999999999918,-592.9999999999991,,-7761.999999999964
2016.02.18,-1466.0000000000007,-1895.9999999999866,924.9999999999981,1876.000000000011,-319.0000000000026,927.9999999999973,-2154.0000000000005,-1617.9999999999973,4103.000000000012,471.9999999999942,-3407.9999999999886,-2095.999999999987,-1643.9999999999914,-544.0,,-6840.999999999942
2016.02.18,-1395.9999999999973,-2096.999999999993,891.9999999999817,1775.9999999999998,-22.0000000000109,893.0000000000007,-2051.999999999998,-1484.9999999999918,4150.000000000009,490.99999999999966,-3245.999999999993,-1848.9999999999895,-1545.9999999999923,-587.0000000000042,,-6077.99999999998
2016.02.18,-1405.9999999999961,-2088.000000000001,895.0000000000014,1721.000000000017,-51.000000000001044,939.9999999999977,-2027.9999999999964,-1402.9999999999986,3888.0000000000246,531.9999999999965,-3200.0000000000027,-1800.0000000000016,-1492.999999999995,-675.0000000000034,,-6167.99999999996
2016.02.18,-1414.9999999999995,-1958.9999999999995,883.9999999999959,1728.0000000000184,-190.00000000000128,865.9999999999997,-2039.9999999999973,-1505.0000000000007,3965.0000000000186,420.99999999999227,-3187.0000000000064,-2065.99999999999,-1554.9999999999927,-548.9999999999995,,-6601.999999999962
2016.02.18,-1566.0000000000007,-1994.9999999999911,1065.999999999989,1716.0000000000064,-368.9999999999971,1010.9999999999957,-2144.999999999997,-1533.999999999991,3786.0000000000227,589.9999999999892,-3420.000000000001,-2235.9999999999936,-1573.9999999999982,-651.999999999997,,-7321.999999999964
2016.02.18,-1485.9999999999984,-2034.9999999999868,973.999999999986,1598.0000000000105,-212.99999999999653,1093.0000000000036,-2022.999999999997,-1424.9999999999984,3705.000000000025,680.9999999999974,-3163.999999999989,-1783.9999999999857,-1372.0,-634.0000000000013,,-6084.999999999931
2016.02.18,-1449.9999999999957,-2159.999999999984,1000.0000000000009,1571.0000000000114,-39.00000000001125,1135.9999999999957,-1982.000000000006,-1491.9999999999934,4144.000000000015,808.9999999999975,-3177.0000000000077,-1909.9999999999895,-1293.9999999999968,-484.00000000000665,,-5327.999999999972
2016.02.18,-1451.9999999999977,-1743.99999999999,973.999999999986,1770.000000000005,-453.0000000000145,1055.9999999999973,-2090.000000000003,-1664.9999999999943,4037.000000000024,684.9999999999881,-3351.9999999999995,-1929.9999999999873,-1473.9999999999895,-395.0000000000009,,-6032.999999999977
2016.02.18,-1527.9999999999961,-1916.999999999991,962.9999999999806,1582.0000000000168,-389.0000000000171,1081.0000000000032,-2046.0000000000034,-1732.0000000000002,4327.000000000015,614.9999999999949,-3133.9999999999923,-1812.999999999998,-1402.000000000001,-240.00000000000688,,-5632.999999999996
2016.02.18,-1591.9999999999934,-1733.9999999999911,1068.9999999999866,1567.0000000000073,-669.0000000000085,1096.0000000000036,-2085.0000000000036,-1736.9999999999995,3940.00000000001,661.9999999999919,-3258.0000000000055,-1893.9999999999957,-1439.9999999999977,-290.9999999999968,,-6365.999999999993
2016.02.18,-1619.0000000000039,-1523.999999999992,1081.999999999983,1651.0000000000025,-919.0000000000032,1120.999999999995,-2148.0000000000055,-1749.999999999996,3634.000000000004,665.9999999999968,-3371.9999999999973,-1890.9999999999982,-1494.9999999999905,-351.99999999999676,,-6916.000000000002
2016.02.18,-1688.0000000000007,-1174.9999999999927,1196.9999999999814,1839.0000000000127,-1361.0000000000123,1117.999999999995,-2300.000000000002,-1871.0000000000005,3351.000000000015,702.9999999999887,-3733.9999999999927,-2207.000000000003,-1670.9999999999923,-392.00000000000347,,-8191.000000000007
2016.02.18,-1788.9999999999961,-1201.999999999992,1364.999999999994,1641.0000000000036,-1476.0000000000107,1346.999999999994,-2266.999999999997,-1844.9999999999966,3110.000000000035,1018.9999999999912,-3747.999999999996,-2299.999999999991,-1469.9999999999989,-385.99999999999744,,-8000.999999999956
2016.02.18,-1737.999999999995,-1156.0000000000014,1373.000000000002,1719.0000000000039,-1452.0000000000089,1329.0000000000077,-2270.0000000000055,-1864.9999999999945,3217.0000000000255,1077.9999999999886,-3848.000000000007,-2459.9999999999955,-1484.9999999999995,-353.0000000000033,,-7910.999999999984
2016.02.18,-1841.999999999999,-1252.999999999993,1483.9999999999964,1595.0000000000132,-1502.0000000000034,1430.0000000000068,-2280.000000000004,-1888.9999999999961,3201.0000000000095,1185.9999999999927,-3856.999999999999,-2473.9999999999986,-1421.999999999997,-343.00000000000443,,-7965.999999999976
2016.02.18,-1783.9999999999966,-1158.9999999999989,1424.9999999999875,1614.0000000000043,-1487.0000000000161,1429.000000000002,-2222.000000000002,-1794.9999999999911,2985.0000000000155,1153.9999999999964,-3824.9999999999895,-2262.9999999999927,-1399.000000000001,-426.9999999999996,,-7753.999999999983
2016.02.18,-1812.999999999998,-1122.9999999999852,1512.0000000000023,1822.0000000000125,-1585.9999999999986,1359.9999999999995,-2381.9999999999955,-1808.9999999999939,2854.000000000001,1183.9999999999975,-4153.000000000006,-2434.0000000000027,-1588.9999999999986,-590.0000000000016,,-8746.999999999967
2016.02.18,-1951.0000000000027,-1512.0000000000023,1578.999999999997,1592.0000000000157,-1395.000000000013,1512.0000000000005,-2358.0000000000045,-1837.9999999999952,3207.000000000004,1253.0,-3986.0000000000005,-2207.9999999999877,-1450.0000000000027,-514.0000000000033,,-8068.999999999995
2016.02.18,-1791.9999999999936,-1259.9999999999945,1375.9999999999995,1600.0000000000014,-1417.0000000000016,1430.0000000000068,-2243.000000000006,-1801.9999999999925,3083.000000000036,1126.9999999999955,-3716.9999999999927,-1976.0,-1384.0000000000005,-412.00000000000125,,-7386.999999999943
2016.02.18,-1939.0000000000018,-1418.9999999999925,1566.0000000000007,1538.000000000017,-1478.0000000000016,1552.9999999999973,-2322.9999999999973,-1883.0000000000014,3221.0000000000073,1289.0000000000014,-3908.0000000000005,-2204.9999999999905,-1379.9999999999955,-407.0000000000018,,-7774.999999999959
2016.02.18,-1690.999999999998,-1239.9999999999966,1343.9999999999895,1720.0000000000105,-1300.0000000000123,1447.0000000000027,-2236.0000000000045,-1680.999999999999,2898.0000000000227,1237.9999999999995,-3804.0000000000073,-2105.0000000000014,-1357.99999999999,-572.0000000000058,,-7339.99999999999
2016.02.18,-1742.9999999999945,-1498.9999999999836,1461.0000000000011,1184.0000000000073,-1114.9999999999993,1573.9999999999982,-1995.0000000000023,-1703.9999999999943,3214.000000000006,1441.9999999999932,-3374.0000000000105,-2230.999999999983,-989.9999999999949,-207.99999999999707,,-5983.999999999954
2016.02.18,-1722.0000000000014,-1580.999999999988,1419.999999999999,1290.9999999999977,-1002.9999999999983,1483.000000000004,-2032.0000000000005,-1690.999999999998,3358.0000000000164,1324.9999999999886,-3425.999999999996,-2237.0,-1101.9999999999895,-275.99999999999847,,-6192.999999999964
2016.02.18,-1674.9999999999932,-1624.9999999999875,1404.9999999999895,1277.000000000017,-892.0000000000039,1463.0000000000082,-1990.000000000003,-1711.9999999999914,3557.0000000000323,1341.9999999999986,-3395.999999999999,-2350.999999999992,-1066.9999999999932,-197.00000000000273,,-5860.999999999921
2016.02.18,-1595.000000000002,-1503.9999999999943,1187.999999999989,1263.000000000014,-896.000000000008,1516.0000000000055,-1927.9999999999964,-1637.999999999995,3339.0000000000255,1256.999999999991,-3085.9999999999886,-2042.9999999999948,-956.9999999999936,-211.00000000000563,,-5294.999999999954
2016.02.18,-1641.999999999999,-1560.9999999999902,1192.9999999999995,1243.0000000000164,-913.0000000000083,1543.0000000000064,-1951.9999999999982,-1655.999999999991,3372.0000000000196,1227.9999999999945,-3069.0000000000105,-2063.999999999999,-962.9999999999939,-214.99999999999852,,-5455.999999999952
2016.02.18,-1693.0,-1591.9999999999934,1245.9999999999916,1154.0000000000105,-950.0000000000064,1573.0000000000075,-1941.9999999999993,-1672.9999999999911,3377.0000000000077,1254.9999999999955,-3045.0000000000086,-2089.999999999992,-930.9999999999974,-180.99999999999784,,-5491.999999999974
2016.02.18,-1739.0000000000016,-1625.999999999994,1334.9999999999973,1127.0000000000114,-985.999999999998,1569.0000000000027,-1958.9999999999995,-1727.0000000000007,3474.0000000000214,1295.9999999999923,-3136.99999999999,-2309.99999999999,-953.000000000003,-131.00000000000333,,-5766.999999999955
2016.02.18,-1788.9999999999961,-1730.9999999999936,1370.9999999999889,1072.0000000000064,-950.0000000000064,1643.0000000000007,-1966.9999999999966,-1835.9999999999932,3816.0000000000196,1356.9999999999993,-3119.9999999999895,-2507.999999999999,-905.9999999999917,8.999999999992347,,-5538.999999999959
2016.02.18,-1722.0000000000014,-1635.999999999993,1347.9999999999936,1076.0000000000102,-956.0000000000013,1707.0000000000077,-1921.0000000000061,-1757.999999999993,3604.0000000000296,1480.9999999999945,-3096.999999999994,-2410.9999999999854,-810.0000000000023,-38.0000000000047,,-5132.9999999999445
2016.02.18,-1629.9999999999982,-1588.999999999996,1360.99999999999,970.0000000000042,-861.0000000000007,1808.0000000000068,-1797.000000000004,-1616.9999999999907,3331.0000000000173,1730.9999999999945,-2994.0000000000077,-2424.000000000004,-596.9999999999942,-62.000000000006494,,-4369.999999999989
2016.02.18,-1614.9999999999998,-1570.0000000000048,1329.0000000000025,1093.0000000000107,-862.0000000000072,1771.000000000001,-1851.0000000000027,-1691.9999999999934,3542.0000000000227,1667.0000000000016,-3089.000000000008,-2505.999999999986,-685.9999999999928,-34.000000000000696,,-4502.999999999957
2016.02.18,-1578.0000000000016,-1566.0000000000007,1278.0000000000014,1242.0000000000098,-914.0000000000148,1780.0000000000011,-1892.0000000000048,-1673.9999999999977,3539.000000000003,1620.999999999995,-3187.0000000000064,-2534.999999999998,-737.9999999999995,-118.00000000000699,,-4742.00000000002
2016.02.19,-1625.999999999994,-1502.0000000000034,1293.9999999999952,1302.0000000000032,-919.0000000000032,1796.999999999997,-1956.0000000000023,-1683.9999999999966,3493.0000000000127,1613.99999999999,-3252.999999999995,-2459.9999999999955,-817.9999999999978,-182.99999999999983,,-4900.999999999989
2016.02.19,-1610.9999999999957,-1585.9999999999986,1251.000000000002,1188.0000000000114,-795.0000000000124,1698.9999999999982,-1868.000000000003,-1632.9999999999955,3478.000000000003,1482.99999999999,-3082.000000000007,-2367.9999999999923,-789.0000000000015,-157.00000000000713,,-4790.000000000008
2016.02.19,-1617.0000000000018,-1566.0000000000007,1247.9999999999825,1131.0000000000152,-873.0000000000126,1674.9999999999973,-1871.999999999996,-1628.9999999999916,3374.0000000000327,1458.999999999989,-3021.9999999999914,-2377.9999999999914,-783.9999999999918,-151.00000000000114,,-5004.999999999962
2016.02.19,-1624.0000000000032,-1602.9999999999989,1263.9999999999984,1094.0000000000173,-842.0000000000094,1768.0000000000007,-1861.0000000000016,-1632.0000000000002,3410.000000000002,1578.9999999999936,-3007.000000000004,-2360.999999999991,-700.0000000000028,-129.9999999999968,,-4644.999999999995
2016.02.19,-1563.0000000000032,-1621.9999999999902,1231.9999999999886,999.0000000000166,-741.9999999999982,1838.0000000000082,-1761.9999999999968,-1558.9999999999993,3342.0000000000005,1696.9999999999886,-2851.0000000000036,-2157.999999999993,-536.0000000000014,-97.9999999999981,,-3782.999999999982
2016.02.19,-1437.9999999999948,-1644.9999999999854,1105.9999999999848,825.0000000000091,-534.0000000000123,1957.9999999999984,-1578.0000000000016,-1314.9999999999995,2949.000000000002,1847.999999999999,-2483.9999999999973,-1787.9999999999895,-245.9999999999951,-187.00000000000384,,-2528.9999999999854
2016.02.19,-1452.9999999999932,-1644.9999999999854,1118.9999999999811,825.0000000000091,-555.0000000000166,1942.0000000000073,-1592.0000000000045,-1369.9999999999934,3073.0000000000146,1823.9999999999982,-2502.9999999999886,-1875.9999999999889,-268.0000000000007,-126.0000000000039,,-2604.999999999965
2016.02.19,-1461.9999999999966,-1750.9999999999914,1130.9999999999932,727.0000000000109,-466.00000000001086,2076.999999999998,-1549.999999999996,-1061.9999999999964,2327.0000000000123,1968.999999999994,-2411.999999999992,-1502.0000000000034,-122.99999999999045,-497.99999999999847,,-2594.999999999967
2016.02.19,-1437.9999999999948,-1686.999999999994,1078.0000000000011,753.0000000000036,-492.0000000000035,2013.0000000000052,-1546.000000000003,-1051.9999999999973,2253.000000000016,1872.0,-2364.999999999995,-1502.9999999999877,-164.00000000000148,-502.00000000000244,,-2779.999999999953
2016.02.19,-1432.0,-1659.9999999999948,1108.9999999999823,822.0000000000116,-519.0000000000028,1897.9999999999961,-1578.0000000000016,-1050.999999999991,2218.0000000000086,1789.0000000000014,-2483.9999999999973,-1645.9999999999918,-280.9999999999917,-548.9999999999995,,-3363.9999999999704
2016.02.19,-1439.9999999999968,-1733.9999999999911,1106.9999999999914,779.0000000000185,-456.9999999999963,1942.0000000000073,-1558.0000000000039,-962.9999999999916,2039.9999999999973,1823.9999999999982,-2434.0000000000027,-1475.9999999999884,-228.9999999999992,-651.999999999997,,-3250.9999999999545
2016.02.19,-1463.9999999999986,-1703.9999999999943,1097.999999999999,792.0000000000149,-514.0000000000144,1962.0000000000032,-1585.0000000000032,-1054.9999999999948,2229.0000000000364,1805.9999999999973,-2432.9999999999964,-1593.0,-242.999999999995,-553.0000000000035,,-3256.9999999999495
2016.02.19,-1437.9999999999948,-1639.999999999997,1084.9999999999804,807.0000000000022,-537.0000000000097,1995.999999999995,-1571.0000000000002,-1071.9999999999952,2251.000000000003,1867.999999999995,-2435.0000000000095,-1595.9999999999975,-203.00000000000296,-507.0000000000019,,-2992.0000000000327
2016.02.19,-1429.999999999998,-1610.0000000000002,1079.999999999992,824.0000000000025,-550.000000000006,1956.0000000000032,-1571.0000000000002,-1059.9999999999943,2197.0000000000045,1834.9999999999936,-2442.999999999995,-1622.9999999999966,-232.99999999998988,-528.0000000000063,,-3155.999999999991
2016.02.19,-1439.9999999999968,-1556.9999999999861,1102.9999999999873,923.0000000000072,-625.0000000000089,1766.999999999996,-1634.000000000002,-1152.999999999993,2357.0000000000314,1628.0,-2591.999999999994,-1793.9999999999845,-441.0000000000025,-482.00000000000466,,-3939.999999999951
2016.02.19,-1451.9999999999977,-1568.9999999999982,1088.0,916.0000000000057,-628.0000000000064,1769.999999999996,-1639.999999999997,-1131.9999999999998,2281.000000000022,1589.999999999989,-2564.999999999995,-1663.9999999999989,-453.9999999999935,-523.0000000000068,,-3981.9999999999804
2016.02.19,-1483.9999999999964,-1567.9999999999916,1117.9999999999968,977.0000000000057,-670.9999999999993,1713.9999999999986,-1693.0,-1232.9999999999952,2514.000000000038,1533.9999999999918,-2669.9999999999945,-1890.9999999999982,-548.9999999999924,-456.00000000000085,,-4357.999999999937
2016.02.19,-1578.0000000000016,-1577.9999999999905,1215.9999999999948,999.0000000000166,-800.0000000000007,1876.9999999999955,-1771.999999999996,-1291.9999999999932,2502.000000000004,1701.9999999999982,-2824.9999999999886,-1922.999999999986,-518.9999999999912,-483.0000000000001,,-4473.999999999938
2016.02.19,-1561.0000000000014,-1723.9999999999923,1152.9999999999818,933.000000000006,-629.9999999999973,1927.9999999999973,-1726.0000000000052,-1190.9999999999977,2455.0000000000073,1714.999999999989,-2671.0000000000014,-1699.9999999999905,-430.9999999999974,-556.0000000000009,,-4006.0000000000027
2016.02.19,-1551.9999999999977,-1776.999999999984,1161.9999999999964,873.0000000000126,-567.0000000000064,1983.000000000004,-1692.0000000000045,-1217.9999999999968,2618.000000000009,1798.0000000000018,-2612.9999999999986,-1741.999999999999,-346.9999999999942,-470.00000000000375,,-3543.999999999961
2016.02.19,-1434.000000000002,-1695.9999999999864,1042.9999999999939,873.0000000000126,-470.00000000001484,1868.9999999999998,-1597.9999999999993,-1081.999999999994,2365.000000000039,1690.9999999999882,-2452.999999999994,-1424.000000000003,-328.00000000000296,-536.9999999999986,,-3180.9999999999613
2016.02.19,-1651.999999999998,-1573.0000000000023,1300.9999999999966,939.0000000000009,-912.0000000000017,1983.000000000004,-1797.000000000004,-1293.9999999999952,2351.0000000000364,1829.9999999999982,-2883.9999999999977,-1803.9999999999834,-467.9999999999893,-509.9999999999993,,-4489.999999999934
2016.02.19,-1734.9999999999977,-1665.9999999999898,1392.9999999999998,831.000000000004,-948.9999999999999,2287.0000000000064,-1797.9999999999995,-1327.0000000000005,2439.0000000000355,2165.999999999997,-2885.000000000004,-1980.9999999999884,-256.9999999999908,-470.9999999999992,,-3952.9999999999272
2016.02.19,-1873.0000000000025,-1976.9999999999843,1490.999999999998,751.9999999999972,-814.0000000000036,2352.0000000000036,-1856.9999999999975,-1378.0000000000014,2724.9999999999995,2179.9999999999927,-2933.0000000000077,-2071.0000000000005,-268.0000000000007,-472.00000000000574,,-4143.000000000013
2016.02.19,-1856.9999999999975,-1757.999999999993,1405.9999999999961,802.9999999999982,-1026.0000000000157,2326.999999999998,-1876.0,-1432.0,2583.000000000002,2063.9999999999927,-2872.0000000000077,-1956.0000000000023,-310.99999999999284,-426.00000000000415,,-4331.000000000026
2016.02.19,-1752.9999999999934,-1981.9999999999948,1341.9999999999986,660.0000000000161,-648.0000000000041,2304.000000000002,-1727.9999999999961,-1313.999999999993,2778.999999999998,2104.99999999999,-2628.000000000008,-1932.0000000000005,-156.99999999999648,-382.00000000000455,,-3333.999999999986
2016.02.19,-1741.999999999999,-1995.9999999999977,1345.9999999999804,687.9999999999998,-626.0000000000155,2263.999999999996,-1732.0000000000002,-1300.9999999999966,2765.0000000000396,2077.9999999999886,-2663.9999999999995,-1960.9999999999905,-188.0000000000024,-411.0000000000058,,-3480.0000000000027
2016.02.19,-1651.0000000000025,-2017.9999999999864,1308.9999999999825,674.000000000019,-467.0000000000174,2195.0000000000073,-1660.000000000006,-1188.9999999999957,2679.000000000009,2074.9999999999886,-2597.999999999989,-1897.9999999999998,-158.99999999999181,-468.00000000000176,,-3175.9999999999836
2016.02.19,-1497.9999999999993,-2187.0000000000055,1235.9999999999927,778.000000000012,-76.0000000000094,2018.0000000000007,-1597.9999999999993,-1171.9999999999952,3184.0000000000314,1997.0,-2610.0000000000014,-2005.9999999999966,-212.99999999999386,-409.0000000000038,,-2555.999999999967
2016.02.19,-1561.0000000000014,-2273.999999999998,1322.000000000001,737.0000000000099,-85.00000000000173,1944.0000000000027,-1622.9999999999966,-1178.0000000000014,3195.0000000000146,1926.9999999999925,-2682.000000000007,-1851.0000000000027,-298.0000000000018,-434.000000000001,,-2860.9999999999905
2016.02.19,-1586.9999999999939,-2142.9999999999836,1461.0000000000011,686.0000000000089,-258.0000000000027,2000.0,-1558.0000000000039,-1151.9999999999975,2931.000000000017,2070.999999999998,-2797.000000000005,-2062.9999999999927,-229.99999999998977,-477.0000000000052,,-3115.9999999999495
2016.02.19,-1453.9999999999998,-2109.9999999999895,1315.9999999999839,275.000000000003,-87.99999999999919,1942.0000000000073,-1305.9999999999961,-902.9999999999983,2401.0000000000086,2046.999999999997,-2163.0000000000036,-1193.9999999999839,60.000000000002274,-382.00000000000455,,-1558.9999999999734
2016.02.19,-1578.0000000000016,-2390.9999999999877,1514.9999999999998,121.99999999999989,4.999999999988347,1918.0000000000064,-1319.0000000000034,-837.9999999999943,2347.00000000001,2090.999999999994,-2271.000000000001,-1041.9999999999873,24.00000000000091,-492.0000000000035,,-1908.999999999979
2016.02.19,-1413.999999999993,-2221.9999999999905,1320.9999999999943,283.000000000011,76.99999999999375,1864.999999999995,-1280.9999999999989,-817.000000000001,2387.000000000006,2030.9999999999918,-2177.000000000007,-841.0000000000028,36.000000000001364,-468.00000000000176,,-1220.0000000000018
2016.02.19,-1341.9999999999986,-2248.99999999999,1193.9999999999839,274.00000000001864,204.99999999998852,1870.999999999995,-1224.9999999999984,-807.9999999999976,2541.0000000000377,1978.999999999999,-1991.9999999999939,-889.9999999999908,103.00000000000864,-407.0000000000018,,-745.9999999999392
2016.02.19,-1456.0000000000018,-2228.9999999999923,1280.9999999999989,106.00000000000608,21.00000000000435,2048.000000000002,-1221.0000000000055,-924.9999999999981,2619.000000000016,2128.0,-1930.9999999999939,-1044.9999999999848,233.0000000000041,-239.0000000000003,,-609.9999999999458
2016.02.19,-1297.0000000000036,-1563.9999999999877,1095.999999999986,446.0000000000131,-402.9999999999978,1966.9999999999986,-1278.9999999999968,-1027.0000000000002,2304.0000000000396,2027.000000000001,-2045.9999999999923,-1093.999999999995,106.99999999999932,-174.00000000000747,,-936.9999999999432
2016.02.19,-1249.9999999999955,-1485.9999999999873,1075.9999999999882,503.000000000009,-419.9999999999982,2161.0000000000014,-1275.0000000000039,-1123.9999999999916,2557.000000000009,2283.0000000000014,-2085.0000000000036,-1428.9999999999914,251.00000000000477,-36.999999999998145,,-274.9999999999556
2016.02.19,-1258.0000000000036,-1485.000000000003,1071.999999999984,503.000000000009,-434.000000000001,2218.0000000000036,-1283.9999999999964,-1115.9999999999948,2515.0000000000005,2321.9999999999886,-2079.0000000000086,-1478.999999999986,282.0000000000107,-56.0000000000005,,-278.9999999999971
2016.02.19,-1305.9999999999961,-1371.9999999999955,1047.9999999999823,552.0000000000191,-617.0000000000009,2203.0000000000027,-1344.0000000000007,-1186.9999999999936,2470.000000000017,2217.999999999989,-2096.999999999993,-1539.0000000000014,198.99999999999807,-43.00000000000415,,-814.999999999978
2016.02.19,-1295.999999999997,-1395.9999999999973,1017.0000000000013,644.0000000000001,-573.0000000000013,2159.000000000006,-1385.000000000003,-1236.9999999999993,2646.000000000015,2149.000000000001,-2161.9999999999973,-1536.9999999999884,124.00000000000944,-26.999999999999247,,-873.9999999999504
2016.02.19,-1286.9999999999936,-1375.9999999999995,1030.999999999982,768.9999999999975,-580.0000000000027,2147.0000000000055,-1441.0000000000034,-1317.999999999997,2893.0000000000346,2164.999999999992,-2316.9999999999914,-1719.0000000000039,51.00000000000193,8.999999999992347,,-972.9999999999859
2016.02.19,-1246.0000000000027,-1337.9999999999948,1020.9999999999831,665.0000000000044,-560.0000000000049,2067.0000000000073,-1358.0000000000036,-1256.999999999997,2740.000000000009,2115.9999999999995,-2188.9999999999964,-1621.9999999999902,90.00000000000341,37.99999999999359,,-832.9999999999886
2016.02.19,-1227.9999999999957,-1288.0000000000002,990.9999999999864,788.0000000000109,-580.0000000000027,2001.9999999999955,-1407.9999999999982,-1301.999999999992,2833.000000000041,2036.9999999999918,-2282.9999999999905,-1712.9999999999868,-12.999999999991019,32.999999999994145,,-1130.9999999999377
2016.02.19,-1325.9999999999939,-1305.0000000000007,1040.999999999981,765.0000000000157,-705.0000000000001,2052.000000000007,-1466.0000000000007,-1393.9999999999952,2919.0000000000273,2021.9999999999914,-2326.99999999999,-1961.999999999997,-42.999999999992156,78.00000000000028,,-1650.9999999999475
2016.02.19,-1330.9999999999934,-1305.0000000000007,1039.9999999999966,788.0000000000109,-712.0000000000015,2031.9999999999964,-1485.000000000003,-1419.999999999999,2968.9999999999995,2000.0,-2359.0,-1939.9999999999861,-78.99999999999352,92.00000000000318,,-1709.9999999999704
2016.02.19,-1290.9999999999977,-1210.0,1024.999999999987,785.0000000000134,-753.0000000000036,2010.000000000005,-1444.000000000001,-1369.9999999999934,2819.000000000038,1997.9999999999905,-2326.99999999999,-1819.9999999999993,-63.99999999999295,64.99999999999284,,-1576.999999999951
2016.02.19,-1217.0000000000014,-861.999999999985,1056.9999999999968,870.9999999999995,-1005.9999999999958,2137.0000000000005,-1275.9999999999993,-1340.9999999999923,2374.0000000000095,2116.99999999999,-2390.000000000003,-1915.9999999999843,19.000000000005457,56.0000000000005,,-1376.9999999999588
