date,USDCHF,GBPUSD,USDCAD,AUDUSD,NZDUSD,AUDCHF,EURGBP,GBPAUD,EURJPY,EURAUD,CADJPY,NZDJPY,AUDCAD,empty,sum
2018.08.20,-17.999999999995797,31.000000000003247,7.0000000000014495,0.0,-18.999999999991246,-4.000000000004,-97.9999999999981,34.000000000000696,-82.99999999999841,-1.0000000000065512,27.000000000001023,-64.99999999999773,-3.999999999992898,,-192.9999999999783
2018.08.20,-41.000000000002146,34.99999999998504,-17.000000000000348,-17.999999999995797,-54.999999999993946,-7.0000000000014495,-85.99999999999719,103.00000000000864,-85.99999999999852,-41.000000000002146,3.0000000000001137,-100.99999999999909,-44.99999999999504,,-355.99999999999187
2018.08.20,-24.999999999997247,31.000000000003247,-25.999999999992696,-19.999999999997797,-47.9999999999925,-20.0000000000089,-112.000000000001,107.00000000001265,-94.99999999999886,-52.000000000007596,4.0000000000048885,-103.9999999999992,-53.00000000000304,,-412.99999999997806
2018.08.20,-24.999999999997247,43.999999999999595,-17.000000000000348,-31.999999999998696,-53.999999999998494,-30.000000000007798,-106.00000000000608,156.00000000000057,-96.00000000000364,-93.00000000000975,18.000000000000682,-117.00000000000443,-59.99999999999339,,-412.0000000000191
2018.08.20,-29.000000000001247,73.99999999999629,24.000000000001798,-42.999999999993044,-102.99999999999754,-39.00000000000014,-79.00000000000685,226.99999999999943,-99.00000000000375,-107.00000000001265,41.00000000001103,-165.99999999999682,-46.00000000000159,,-345.0000000000051
2018.08.20,-27.999999999994696,41.99999999998649,5.000000000010552,-68.00000000000139,-125.99999999999278,-63.00000000000195,-109.00000000000354,245.0000000000063,-125.0,-171.99999999999437,53.00000000001148,-213.99999999999864,-90.0000000000012,,-649.9999999999736
2018.08.20,-15.999999999993797,82.99999999998863,17.000000000000348,-64.99999999999284,-132.99999999999423,-70.0000000000034,-62.000000000006494,293.99999999999426,-161.00000000000136,-136.00000000000279,65.00000000001194,-228.9999999999992,-80.99999999999774,,-493.99999999999665
2018.08.20,12.000000000000899,-1.0000000000065512,41.000000000002146,-96.99999999999153,-173.00000000000094,-121.00000000000443,-102.00000000000209,253.99999999999866,-167.0000000000016,-168.99999999999693,66.0000000000025,-259.00000000000034,-102.99999999999754,,-818.9999999999977
2018.08.20,52.000000000007596,21.999999999988695,59.000000000009045,-123.99999999999079,-119.99999999999788,-180.0000000000024,-87.99999999999919,356.00000000000074,-161.00000000000136,-239.00000000001143,75.00000000000284,-198.99999999999807,-129.00000000000134,,-675.9999999999936
2018.08.20,41.000000000002146,-36.0000000000138,46.0000000000127,-143.9999999999997,-168.00000000000148,-190.00000000000128,-94.00000000000519,313.00000000000773,-231.99999999999932,-211.00000000000563,82.00000000000784,-265.00000000000057,-161.99999999999548,,-1019.999999999992
2018.08.20,47.00000000000814,4.000000000004,-14.999999999987246,-66.99999999999484,-158.99999999999804,-116.00000000000499,-85.00000000000173,184.00000000000637,-140.00000000000057,-78.00000000000028,-4.9999999999954525,-215.99999999999397,-105.99999999999498,,-751.9999999999536
2018.08.20,63.00000000000195,11.999999999989797,36.0000000000138,-134.0000000000008,-190.99999999999673,-195.00000000000074,-56.0000000000005,356.00000000000074,-160.0000000000108,-182.0000000000155,25.000000000005684,-245.00000000000455,-154.99999999999403,,-826.0000000000116
2018.08.20,50.0000000000056,34.000000000000696,14.000000000002899,-96.99999999999153,-168.99999999999693,-151.00000000000114,-53.999999999998494,303.0000000000088,-147.00000000000557,-130.0000000000079,12.000000000000455,-224.00000000000375,-124.99999999999733,,-683.9999999999841
2018.08.20,50.0000000000056,60.99999999999994,-7.999999999985796,-66.99999999999484,-139.00000000000023,-120.00000000000898,-46.00000000000159,266.0000000000107,-105.00000000000398,-80.99999999999774,-21.99999999999136,-171.99999999999704,-102.00000000000209,,-484.99999999996743
2018.08.20,48.99999999999905,69.9999999999923,-12.999999999996348,-31.999999999998696,-117.99999999999588,-84.0000000000063,-51.000000000001044,195.00000000001182,-61.99999999999761,-26.999999999999247,-40.99999999999682,-134.00000000000034,-59.99999999999339,,-307.9999999999825
2018.08.20,16.0000000000049,21.999999999988695,73.00000000001194,-83.9999999999952,-129.9999999999968,-111.00000000000554,-31.999999999998696,261.0000000000001,-100.00000000000853,-49.99999999999449,-9.999999999990905,-128.0000000000001,-65.99999999999939,,-338.99999999998397
2018.08.20,6.0000000000060005,1.999999999990898,38.0000000000047,-82.99999999999974,-129.00000000000134,-102.00000000000209,-36.0000000000027,221.00000000000452,-103.00000000000864,-28.000000000005798,-37.9999999999967,-120.99999999999511,-87.99999999999919,,-461.00000000000523
2018.08.20,9.999999999998899,14.000000000002899,17.000000000000348,-87.99999999999919,-129.00000000000134,-113.00000000000753,-23.00000000000635,255.00000000000523,-149.0000000000009,-31.000000000003247,-25.99999999999625,-141.9999999999959,-110.99999999999443,,-515.9999999999977
2018.08.20,-19.00000000000235,-117.00000000001154,104.00000000001519,-149.99999999999457,-203.99999999999307,-151.00000000000114,-24.000000000001798,219.99999999999798,-299.0000000000066,0.9999999999843467,41.00000000001103,-237.99999999999955,-129.9999999999968,,-965.999999999999
2018.08.20,-10.999999999994348,-35.00000000000725,101.00000000001774,-140.99999999999113,-217.99999999999596,-147.00000000000824,19.999999999997797,307.99999999999716,-253.0000000000001,-5.999999999994898,24.00000000000091,-237.99999999999955,-117.99999999999588,,-713.9999999999739
2018.08.20,-19.00000000000235,-36.999999999998145,63.99999999999739,-120.99999999999334,-210.99999999999451,-121.99999999999989,-17.000000000000348,262.999999999991,-143.00000000000068,-31.000000000003247,-39.99999999999204,-195.99999999999795,-119.99999999999788,,-729.9999999999919
2018.08.20,-30.999999999992145,11.999999999989797,18.0000000000069,-29.999999999996696,-176.99999999999383,-24.000000000001798,0.999999999995449,107.00000000001265,-164.00000000000148,140.99999999999113,-43.99999999999693,-183.00000000000693,-36.0000000000027,,-409.9999999999966
2018.08.20,-52.99999999999194,-51.000000000001044,24.000000000001798,-31.999999999998696,-180.99999999999784,-9.999999999998899,25.999999999992696,35.999999999991594,-215.0000000000034,252.99999999999213,-67.99999999999784,-161.00000000000136,-31.999999999998696,,-464.00000000001154
2018.08.20,-121.99999999999989,-58.000000000002494,43.999999999999595,-81.9999999999932,-207.99999999999707,-9.00000000000345,63.99999999999739,137.9999999999937,-273.00000000001035,222.99999999999542,-56.99999999998795,-191.99999999999307,-81.9999999999932,,-613.9999999999945
2018.08.20,-164.99999999999292,-53.00000000001415,113.00000000000753,-95.99999999999609,-196.99999999999162,7.9999999999968985,85.99999999999719,177.00000000000495,-302.99999999999727,224.99999999998633,-7.999999999995566,-180.00000000000682,-51.000000000001044,,-444.0000000000026
2018.08.20,-95.00000000000064,7.999999999985796,79.00000000000685,-59.99999999999339,-165.9999999999995,-8.000000000008,68.00000000000139,174.99999999999181,-237.00000000000898,197.00000000000273,-19.99999999999602,-158.00000000000125,-29.999999999996696,,-247.0000000000159
2018.08.20,-166.99999999999494,-102.00000000000209,212.99999999999653,-171.99999999999437,-239.99999999999577,-65.00000000000395,102.99999999999754,292.00000000000335,-379.0000000000049,154.99999999999403,58.000000000006935,-231.99999999999932,-75.9999999999983,,-611.9999999999953
2018.08.20,-112.000000000001,79.99999999999119,157.00000000000713,-129.9999999999968,-195.00000000000074,-64.0000000000085,141.00000000000225,441.0000000000025,-277.000000000001,86.99999999999264,34.000000000006025,-191.99999999999307,-63.99999999999739,,-93.99999999999679
2018.08.20,-39.00000000000014,192.99999999999872,147.00000000000824,-105.99999999999498,-182.99999999999983,-94.00000000000519,163.99999999999747,540.0000000000072,-221.00000000000364,38.0000000000047,48.00000000000182,-194.99999999999318,-39.00000000000014,,253.00000000002106
2018.08.20,-2.999999999997449,265.99999999998846,124.00000000001299,-85.99999999999719,-173.00000000000094,-103.00000000000864,173.00000000000094,600.0000000000006,-188.0000000000024,7.0000000000014495,48.00000000000182,-198.99999999999807,-29.999999999996696,,436.0000000000049
2018.08.20,-2.999999999997449,163.9999999999864,273.0000000000121,-117.00000000000044,-176.99999999999383,-129.00000000000134,122.99999999999534,529.0000000000017,-282.0000000000107,-24.000000000001798,191.0000000000025,-242.00000000000443,39.00000000000014,,344.9999999999882
2018.08.20,50.0000000000056,177.99999999998929,267.0000000000172,-98.99999999999353,-117.00000000000044,-153.00000000000313,95.99999999999609,503.000000000009,-334.0000000000032,-43.999999999999595,252.00000000000955,-233.99999999999466,56.0000000000005,,421.0000000000327
2018.08.20,155.00000000000514,320.9999999999935,85.00000000000173,-37.99999999999359,-80.99999999999774,-167.00000000000603,95.00000000000064,553.0000000000035,-243.99999999999977,-95.00000000000064,172.00000000001125,-225.9999999999991,6.0000000000060005,,536.0000000000248
2018.08.20,118.00000000000699,262.999999999991,101.00000000001774,-86.99999999999264,-159.9999999999935,-190.00000000000128,120.99999999999334,598.0000000000097,-311.9999999999976,-86.0000000000083,164.00000000000148,-298.0000000000018,-49.99999999999449,,182.00000000003064
2018.08.20,158.99999999999804,293.99999999999426,51.000000000001044,2.000000000002,-129.9999999999968,-128.00000000000588,32.999999999994145,419.9999999999982,-133.00000000000978,-76.0000000000094,115.0000000000091,-250.0,31.999999999998696,,388.9999999999737
2018.08.20,62.000000000006494,171.99999999999437,140.0000000000068,-81.9999999999932,-158.99999999999804,-143.9999999999997,24.999999999997247,461.0000000000003,-236.0000000000042,-124.99999999999733,167.0000000000016,-278.99999999999636,-14.999999999998348,,-12.999999999980385
2018.08.20,31.000000000003247,197.00000000000273,70.0000000000145,-61.999999999995396,-166.99999999999494,-102.00000000000209,9.999999999998899,442.00000000000904,-120.00000000000455,-139.00000000000023,76.99999999999818,-245.9999999999951,-36.999999999998145,,-45.99999999996387
2018.08.20,58.99999999999794,215.99999999999397,294.0000000000165,-78.00000000000028,-178.99999999999582,-131.99999999999878,9.999999999998899,504.9999999999999,-228.9999999999992,-195.9999999999962,313.0000000000024,-334.99999999999375,111.00000000000554,,359.00000000003115
2018.08.20,177.00000000000495,434.9999999999854,5.000000000010552,85.00000000000173,-51.99999999999649,-63.00000000000195,-33.000000000005244,417.0000000000007,-28.000000000005798,-198.00000000000927,173.00000000000182,-242.00000000000443,106.00000000000608,,781.999999999988
2018.08.20,180.0000000000024,443.99999999999994,-14.000000000002899,70.99999999999883,-75.9999999999983,-78.00000000000028,7.9999999999968985,461.0000000000003,-90.00000000000341,-161.99999999999548,166.00000000001103,-271.0000000000008,73.99999999999629,,713.0000000000044
2018.08.20,185.99999999999727,404.0000000000044,36.0000000000138,63.00000000000195,-101.99999999999099,-91.00000000000774,-24.000000000001798,422.00000000001125,-79.9999999999983,-187.00000000000384,197.00000000000273,-296.99999999999704,100.00000000000009,,627.0000000000316
2018.08.20,206.00000000000617,377.9999999999894,17.000000000000348,70.99999999999883,-74.99999999999174,-96.00000000000719,-31.999999999998696,370.00000000000364,-176.00000000000193,-153.00000000000313,242.00000000000443,-316.99999999999307,97.00000000000264,,532.0000000000098
2018.08.20,275.000000000003,434.000000000001,-32.999999999994145,91.00000000000774,-48.99999999999905,-126.99999999999933,-24.000000000001798,397.0000000000029,-150.00000000000568,-165.00000000001512,222.99999999999898,-299.99999999999716,87.99999999999919,,660.0000000000007
2018.08.20,296.0000000000074,425.99999999999307,-65.99999999998829,119.00000000000244,-49.99999999999449,-114.00000000000298,-68.00000000000139,323.0000000000066,-102.00000000000387,-174.00000000000747,201.00000000000762,-302.0000000000067,97.9999999999981,,587.0000000000099
2018.08.20,296.0000000000074,432.9999999999945,-65.99999999998829,136.00000000000279,-21.999999999999797,-99.00000000000463,-68.99999999999685,289.0000000000059,-111.0000000000042,-144.0000000000108,215.0000000000034,-287.00000000000614,123.00000000000644,,694.0000000000098
2018.08.20,324.00000000000205,451.99999999998573,-144.99999999999514,209.00000000000364,36.0000000000027,-47.00000000000814,-113.00000000000753,136.00000000000279,-125.0,-90.00000000001229,228.00000000000864,-278.0000000000058,158.99999999999804,,745.9999999999748
2018.08.20,387.000000000004,522.9999999999845,-166.99999999998383,240.00000000000688,103.00000000000864,-60.99999999999994,-126.0000000000039,164.99999999999292,-129.0000000000049,-130.0000000000079,274.0000000000009,-253.0000000000001,184.00000000000637,,1010.0000000000038
2018.08.20,360.0000000000048,546.000000000002,-156.00000000000057,230.000000000008,11.00000000000545,-84.0000000000063,-87.99999999999919,181.00000000000892,-114.00000000000432,-87.99999999999919,329.9999999999983,-379.99999999999545,160.00000000000458,,908.0000000000271
2018.08.21,392.00000000000347,560.0000000000049,-177.99999999998929,281.00000000000904,101.00000000000664,-30.000000000007798,-158.99999999999804,109.00000000000354,-39.00000000000148,-138.0000000000159,266.00000000000534,-251.99999999999534,224.9999999999974,,1138.0000000000225
2018.08.21,383.0,547.999999999993,-217.0000000000005,278.00000000000045,111.00000000000554,-21.999999999999797,-160.00000000000458,79.00000000000685,-58.9999999999975,-134.00000000001188,252.00000000000955,-248.99999999999523,204.00000000000418,,1014.0000000000101
2018.08.21,394.00000000000546,533.0000000000057,-180.0000000000024,274.00000000000756,91.00000000000774,-35.00000000000725,-162.0000000000066,97.9999999999981,-76.00000000000762,-134.99999999999625,271.0000000000008,-272.99999999999613,214.00000000000307,,1014.0000000000122
2018.08.21,424.9999999999976,594.0000000000057,-191.99999999999218,300.0000000000003,120.00000000000898,-28.000000000005798,-145.00000000000622,114.99999999999844,-161.00000000000136,-121.99999999999989,346.00000000000364,-305.0000000000068,246.00000000000176,,1193.000000000004
2018.08.21,434.000000000001,556.0000000000009,-163.9999999999864,256.0000000000007,80.00000000000229,-81.00000000000884,-143.00000000000423,171.00000000001003,-150.00000000000568,-167.00000000000603,331.00000000000307,-322.9999999999933,206.00000000000617,,1006.0000000000199
2018.08.21,461.0000000000003,621.9999999999892,-178.99999999999582,213.00000000000762,36.999999999998145,-143.9999999999997,-129.00000000000134,363.0000000000022,-136.0000000000099,-314.00000000001427,338.0000000000081,-385.9999999999957,138.00000000000477,,883.9999999999936
2018.08.21,587.0000000000042,658.9999999999874,-208.99999999999253,235.00000000000742,91.00000000000774,-214.00000000000307,-148.99999999999915,370.00000000000364,-159.00000000000603,-356.00000000000074,381.0000000000002,-378.0000000000001,146.99999999999713,,1005.0000000000066
2018.08.21,674.000000000008,751.9999999999972,-239.99999999999577,350.00000000000585,158.99999999999804,-162.0000000000066,-272.00000000000557,218.00000000000708,85.99999999999852,-429.00000000001273,373.00000000000466,-314.9999999999977,272.00000000000557,,1466.000000000006
2018.08.21,665.0000000000044,800.0000000000007,-285.99999999998624,361.0000000000002,148.99999999999915,-147.00000000000824,-223.00000000000654,248.00000000000378,137.00000000000045,-378.00000000001165,294.00000000001114,-283.00000000000125,251.99999999999667,,1589.0000000000025
2018.08.21,662.000000000007,821.9999999999894,-251.00000000000122,317.0000000000006,111.00000000000554,-187.00000000000384,-173.00000000000094,387.000000000004,138.9999999999958,-414.00000000000324,283.00000000000125,-298.0000000000018,223.00000000000654,,1620.9999999999993
2018.08.21,653.0000000000035,797.0000000000033,-255.99999999998957,331.999999999999,168.00000000000148,-165.9999999999995,-172.00000000000549,327.00000000001063,185.99999999999284,-358.9999999999982,234.00000000000887,-194.99999999999318,236.00000000000287,,1785.0000000000368
2018.08.21,682.0000000000048,838.0000000000055,-273.9999999999965,353.99999999999875,209.9999999999991,-164.00000000000858,-201.00000000000674,323.99999999999096,235.99999999999,-405.9999999999952,239.00000000000432,-164.00000000000148,255.00000000000523,,1928.9999999999898
2018.08.21,636.0000000000032,819.9999999999985,-298.9999999999826,351.0000000000013,181.00000000000892,-136.00000000000279,-204.00000000000418,307.99999999999716,257.99999999999557,-395.99999999999636,198.99999999999807,-176.00000000000193,229.00000000000142,,1771.0000000000164
2018.08.21,636.9999999999986,909.0000000000042,-329.99999999998585,403.0000000000089,207.00000000000162,-84.0000000000063,-182.99999999999983,306.00000000000625,426.00000000000193,-356.00000000000074,103.9999999999992,-81.00000000000307,275.000000000003,,2233.0000000000277
2018.08.21,626.9999999999998,892.0000000000039,-313.99999999999204,382.00000000000455,242.00000000000887,-97.00000000000264,-180.0000000000024,330.0000000000081,313.99999999999295,-375.9999999999986,180.00000000000682,-96.00000000000364,258.0000000000027,,2162.000000000028
2018.08.21,663.999999999998,906.9999999999911,-356.00000000000074,451.0000000000014,314.99999999999864,-58.000000000002494,-231.0000000000034,187.00000000000384,399.9999999999915,-336.00000000000296,154.00000000001057,-19.000000000005457,319.99999999999807,,2397.999999999978
2018.08.21,653.999999999999,949.9999999999842,-363.9999999999866,453.0000000000034,328.0000000000061,-47.00000000000814,-246.00000000000176,239.99999999999577,560.9999999999928,-412.9999999999967,82.99999999999841,52.99999999999727,314.99999999999864,,2566.9999999999823
2018.08.21,607.0000000000019,933.9999999999905,-336.00000000000296,420.00000000000927,347.0000000000084,-43.999999999999595,-191.00000000000784,293.99999999999426,390.00000000000057,-358.9999999999982,147.00000000000557,34.99999999999659,290.9999999999968,,2534.999999999995
2018.08.21,711.000000000006,981.999999999994,-312.00000000000114,382.00000000000455,335.0000000000075,-159.00000000000912,-136.99999999999824,455.0000000000054,343.9999999999941,-412.9999999999967,176.00000000000193,4.0000000000048885,258.9999999999981,,2627.0000000000114
2018.08.21,655.0000000000056,902.9999999999872,-279.99999999999136,368.00000000000165,318.00000000000716,-130.0000000000079,-102.00000000000209,374.999999999992,251.99999999999534,-276.00000000000955,172.00000000001125,10.000000000005116,268.0000000000016,,2532.9999999999955
2018.08.21,682.0000000000048,888.9999999999842,-342.9999999999822,377.0000000000051,280.00000000000244,-143.00000000000423,-119.00000000000244,339.0000000000004,268.99999999999125,-275.000000000003,129.0000000000049,-31.999999999996476,234.00000000000088,,2287.0000000000055
2018.08.21,787.9999999999998,865.0000000000047,-271.99999999998334,368.00000000000165,294.00000000000534,-229.00000000000142,-130.0000000000079,327.00000000001063,353.9999999999992,-282.0000000000045,112.00000000000898,40.00000000000625,273.000000000001,,2508.0000000000405
2018.08.21,704.0000000000047,817.9999999999854,-332.9999999999833,426.00000000000415,331.999999999999,-111.00000000000554,-211.00000000000563,123.99999999999079,450.00000000000284,-243.99999999999977,54.000000000002046,96.00000000000364,302.9999999999977,,2407.999999999996
2018.08.21,778.0000000000009,896.9999999999923,-348.9999999999993,470.00000000000375,365.0000000000042,-121.99999999999989,-263.0000000000021,130.0000000000079,596.9999999999942,-334.9999999999964,45.000000000001705,132.000000000005,348.9999999999993,,2694.000000000012
2018.08.21,743.0000000000048,785.9999999999978,-312.9999999999855,403.0000000000089,297.9999999999983,-161.00000000000003,-261.0000000000001,144.0000000000108,560.0000000000023,-344.00000000001097,20.000000000010232,99.99999999999432,287.0000000000039,,2262.0000000000355
2018.08.21,709.0000000000041,777.9999999999898,-324.9999999999975,400.00000000000034,282.99999999999994,-139.00000000000023,-238.0000000000049,131.99999999999878,548.9999999999924,-293.99999999999426,-6.999999999990791,102.00000000000387,275.000000000003,,2225.000000000005
2018.08.21,731.0000000000039,905.0000000000002,-374.999999999992,472.00000000000574,306.00000000000625,-84.0000000000063,-185.00000000000182,133.00000000000534,587.9999999999939,-208.00000000000819,-30.9999999999917,120.00000000000455,334.00000000000097,,2706.000000000021
2018.08.21,763.0000000000026,910.9999999999951,-387.99999999998835,468.00000000000176,314.0000000000032,-114.00000000000298,-163.00000000000205,151.9999999999966,563.999999999993,-185.00000000001293,-42.999999999992156,129.99999999999545,318.00000000000716,,2726.999999999997
2018.08.21,819.0000000000031,1007.9999999999867,-449.9999999999948,459.0000000000094,309.99999999999915,-164.00000000000858,-143.00000000000423,312.00000000000114,576.9999999999982,-290.00000000001245,-45.000000000001705,93.00000000000352,258.0000000000027,,2743.9999999999823
2018.08.21,701.0000000000072,848.9999999999886,-397.0000000000029,402.00000000000233,267.00000000000614,-133.00000000000534,-170.00000000000347,228.00000000000597,570.999999999998,-262.00000000000665,-86.99999999998909,111.0000000000042,223.00000000000654,,2303.000000000011
2018.08.21,636.9999999999986,821.000000000005,-397.99999999998727,298.0000000000094,231.99999999999886,-187.9999999999993,-28.000000000005798,434.000000000001,420.0000000000017,-200.00000000000017,-137.99999999999102,115.99999999999966,90.0000000000012,,2096.000000000032
2018.08.21,751.9999999999972,882.000000000005,-270.99999999999903,313.00000000000773,292.00000000000335,-258.0000000000027,-38.0000000000047,486.999999999993,478.9999999999992,-266.999999999995,-43.99999999999693,174.0000000000066,201.00000000000674,,2702.0000000000205
2018.08.21,840.0000000000074,1075.9999999999882,-266.999999999995,370.00000000000364,350.00000000000585,-268.0000000000016,-7.9999999999968985,608.9999999999928,600.9999999999991,-326.0000000000041,-27.000000000001023,221.00000000000364,275.000000000003,,3446.000000000005
2018.08.21,812.0000000000016,1234.9999999999861,-322.9999999999844,398.00000000000944,333.0000000000055,-219.00000000000253,53.999999999998494,754.9999999999945,792.9999999999922,-344.99999999999534,-143.99999999999125,278.0000000000058,273.000000000001,,3900.000000000021
2018.08.21,812.0000000000016,1261.000000000001,-188.9999999999947,386.0000000000086,392.00000000000347,-230.000000000008,42.999999999993044,822.0000000000116,813.0000000000024,-426.9999999999996,-40.99999999999682,326.9999999999982,356.9999999999962,,4326.000000000017
2018.08.21,653.999999999999,1242.999999999994,-112.000000000001,320.00000000000915,369.0000000000082,-177.00000000000495,90.99999999999665,953.0000000000039,774.9999999999915,-460.000000000016,-25.99999999999625,331.99999999999363,328.0000000000061,,4289.9999999999845
2018.08.21,717.000000000001,1183.999999999985,-85.99999999998609,343.00000000000443,390.0000000000015,-202.0000000000022,-1.0000000000065512,825.9999999999934,781.9999999999965,-506.0000000000064,38.000000000010914,314.9999999999977,378.00000000000057,,4177.999999999989
2018.08.21,724.0000000000024,1143.0000000000052,-112.000000000001,370.9999999999991,380.00000000000256,-180.0000000000024,-80.99999999999774,706.999999999991,933.9999999999975,-538.0000000000163,-30.9999999999917,349.00000000000375,390.99999999999693,,4056.9999999999895
2018.08.21,765.0000000000045,1217.0000000000014,-170.99999999998784,399.0000000000049,409.0000000000038,-181.00000000000892,-35.00000000000725,731.9999999999993,964.9999999999892,-480.99999999999807,-86.99999999998909,397.00000000000557,390.0000000000015,,4319.000000000019
2018.08.21,889.0000000000065,1371.9999999999955,-370.00000000000364,525.0000000000088,509.9999999999993,-148.99999999999915,-126.99999999999933,641.0000000000027,1188.999999999993,-561.9999999999958,-171.99999999999704,471.9999999999942,407.0000000000018,,4625.000000000007
2018.08.21,970.9999999999997,1438.000000000006,-356.9999999999851,558.000000000003,539.0000000000006,-178.00000000000037,-172.00000000000549,652.9999999999925,1283.0000000000014,-651.0000000000016,-143.99999999999125,483.99999999999466,456.00000000000085,,4880.0000000000155
2018.08.21,1049.0,1644.000000000001,-340.9999999999913,629.0000000000018,607.0000000000019,-165.00000000000404,-192.00000000000327,767.0000000000066,1393.9999999999914,-790.0000000000018,-49.99999999999716,489.0000000000043,562.0000000000069,,5603.000000000016
2018.08.21,1011.0000000000064,1737.999999999995,-302.9999999999866,598.0000000000097,601.000000000007,-167.00000000000603,-79.00000000000685,968.9999999999976,1430.9999999999973,-771.0000000000106,-95.99999999998943,540.9999999999968,550.000000000006,,6023.0000000000155
2018.08.21,975.9999999999991,1604.0000000000055,-147.99999999999258,508.00000000000847,534.0000000000011,-230.000000000008,-75.9999999999983,997.0000000000034,1290.9999999999968,-792.0000000000149,5.000000000009663,468.0000000000035,545.0000000000066,,5682.000000000022
2018.08.21,945.0000000000069,1624.9999999999875,-143.99999999998857,501.000000000007,528.0000000000063,-213.00000000000762,-53.00000000000304,1049.0000000000111,1313.0000000000023,-795.9999999999967,-15.000000000000568,477.99999999999443,536.9999999999986,,5755.000000000018
2018.08.21,945.0000000000069,1604.9999999999898,-163.00000000000205,491.0000000000081,548.9999999999995,-223.00000000000654,-41.000000000002146,1035.9999999999925,1237.9999999999995,-766.0,1.0000000000047748,474.00000000000375,514.0000000000033,,5659.999999999997
2018.08.21,956.0000000000013,1593.0,-229.99999999999687,509.9999999999993,591.0000000000082,-214.00000000000307,-73.00000000000084,975.9999999999991,1245.999999999995,-766.0,-27.999999999991587,510.9999999999957,489.0000000000061,,5561.000000000012
2018.08.21,1009.0000000000043,1575.9999999999995,-259.9999999999936,502.00000000000244,538.0000000000051,-270.0000000000036,-21.00000000000435,883.0000000000116,1106.9999999999993,-685.0000000000023,76.99999999999818,397.00000000000557,484.00000000000665,,5337.000000000028
2018.08.22,1029.000000000002,1604.9999999999898,-203.99999999998198,504.9999999999999,568.0000000000018,-270.99999999999903,-17.000000000000348,995.0000000000125,1033.9999999999918,-734.0000000000124,123.00000000000466,375.0,495.000000000001,,5503.000000000009
2018.08.22,1024.9999999999982,1597.9999999999884,-193.99999999998306,500.00000000000045,599.0000000000051,-281.00000000000904,-46.999999999997044,994.000000000006,982.9999999999899,-775.0000000000146,175.00000000001137,373.00000000000466,501.000000000007,,5451.000000000008
2018.08.22,1017.0000000000013,1597.9999999999884,-210.99999999998343,499.000000000005,607.0000000000019,-270.0000000000036,-84.0000000000063,1002.9999999999983,1001.9999999999953,-818.0000000000076,165.00000000000625,375.0,489.0000000000061,,5372.000000000002
2018.08.22,1044.0000000000005,1648.000000000005,-195.9999999999962,440.00000000000705,763.0000000000026,-347.0000000000084,-48.99999999999905,1214.0000000000039,917.0000000000016,-943.000000000005,228.00000000000864,501.0000000000048,421.0000000000047,,5641.000000000031
2018.08.22,1051.9999999999973,1618.9999999999927,-210.99999999998343,411.0000000000058,678.0000000000008,-379.0000000000071,-62.000000000006494,1255.0000000000061,929.000000000002,-992.0000000000151,201.99999999999818,418.99999999999693,373.99999999999653,,5294.999999999984
2018.08.22,1063.0000000000027,1631.0000000000048,-252.99999999999213,461.0000000000003,667.0000000000065,-339.0000000000004,-75.9999999999983,1147.9999999999934,980.9999999999945,-924.9999999999981,162.00000000000614,418.00000000000637,407.99999999999727,,5346.000000000023
2018.08.22,1119.0000000000034,1688.0000000000007,-244.9999999999841,470.9999999999992,748.0000000000042,-369.0000000000082,-75.00000000000284,1198.9999999999945,983.9999999999947,-973.0000000000016,201.00000000000762,477.00000000000387,428.00000000000614,,5653.000000000017
2018.08.22,1077.0000000000057,1614.0000000000043,-192.99999999999872,446.00000000000193,682.0000000000048,-365.0000000000042,-99.00000000000463,1157.9999999999923,1055.9999999999973,-978.0000000000122,160.0000000000108,471.00000000000364,431.99999999999903,,5461.000000000001
2018.08.22,1083.0000000000007,1607.9999999999873,-211.99999999998997,440.00000000000705,700.0000000000006,-374.0000000000077,-92.00000000000318,1164.0000000000095,1153.9999999999964,-970.0000000000042,76.00000000000762,554.000000000002,409.99999999999926,,5541.000000000005
2018.08.22,1109.9999999999998,1632.9999999999955,-202.9999999999976,397.0000000000029,722.0000000000005,-438.00000000000506,-75.9999999999983,1300.9999999999966,1051.0000000000018,-1066.0000000000114,151.00000000001046,516.9999999999959,361.0000000000002,,5459.999999999993
2018.08.22,1090.000000000002,1658.0000000000039,-397.99999999998727,453.99999999999886,719.000000000003,-367.0000000000062,-75.9999999999983,1201.0000000000077,1238.99999999999,-977.0000000000057,-86.99999999998909,611.9999999999948,292.00000000000335,,5360.000000000017
2018.08.22,1088.0,1642.9999999999945,-360.9999999999891,348.9999999999993,673.0000000000014,-468.00000000000176,-57.00000000000705,1427.0000000000005,1256.999999999991,-1143.0000000000052,-100.99999999999909,593.9999999999941,184.00000000000637,,5084.9999999999845
2018.08.22,1085.9999999999982,1668.9999999999873,-393.99999999998323,407.0000000000018,691.0000000000083,-411.0000000000058,-41.9999999999976,1330.9999999999934,1289.0000000000014,-1032.999999999995,-140.99999999999113,629.9999999999955,229.99999999999687,,5312.000000000011
2018.08.22,1078.0000000000011,1658.9999999999882,-249.99999999999466,416.00000000000523,672.0000000000059,-397.0000000000029,-51.000000000001044,1292.0000000000043,1344.9999999999989,-1014.0000000000038,-79.9999999999983,637.0000000000005,351.0000000000013,,5658.000000000005
2018.08.22,1058.9999999999989,1648.000000000005,-209.9999999999991,375.0000000000031,670.000000000004,-421.0000000000047,-19.00000000000235,1377.000000000006,1277.9999999999916,-1034.0000000000016,-46.999999999997044,629.9999999999955,326.9999999999995,,5632.999999999998
2018.08.22,1050.0000000000066,1685.9999999999875,-262.999999999991,428.00000000000614,689.0000000000063,-363.0000000000022,-35.00000000000725,1296.9999999999925,1344.9999999999989,-991.0000000000085,-88.99999999999864,656.0000000000059,358.9999999999982,,5768.9999999999945
2018.08.22,1063.0000000000027,1689.9999999999916,-236.99999999999832,385.000000000002,667.0000000000065,-416.00000000000523,-29.000000000001247,1417.0000000000016,1344.9999999999989,-1080.9999999999986,-75.9999999999934,634.0000000000003,316.0000000000052,,5678.000000000012
2018.08.22,1061.000000000001,1676.9999999999952,-227.99999999998377,392.00000000000347,667.0000000000065,-406.00000000000637,-31.000000000003247,1375.9999999999995,1308.9999999999975,-1053.9999999999993,-51.9999999999925,615.9999999999997,338.00000000000495,,5665.000000000023
2018.08.22,1038.0000000000057,1590.0000000000025,-202.9999999999976,296.0000000000074,587.0000000000042,-484.00000000000665,-2.000000000002,1486.0000000000095,1176.9999999999925,-1100.9999999999964,-30.9999999999917,527.000000000001,231.0000000000034,,5111.000000000032
2018.08.22,1019.0000000000032,1580.999999999988,-253.99999999999866,258.0000000000027,584.0000000000067,-507.0000000000019,-31.000000000003247,1567.0000000000073,1233.9999999999945,-1219.9999999999989,-86.99999999998909,542.0000000000016,143.00000000000423,,4829.000000000016
2018.08.22,1019.0000000000032,1505.9999999999852,-322.9999999999844,256.0000000000007,558.9999999999984,-509.00000000000387,-102.99999999999754,1466.9999999999961,1262.0000000000005,-1258.0000000000036,-128.99999999999068,513.9999999999958,90.99999999999665,,4351.999999999995
2018.08.22,992.000000000004,1385.9999999999984,-258.99999999998704,268.0000000000016,509.00000000000387,-478.0000000000006,-138.00000000000477,1275.0000000000039,1179.9999999999927,-1148.0000000000157,-78.99999999999352,447.00000000000273,150.00000000000568,,4105.000000000011
2018.08.22,1044.0000000000005,1312.9999999999864,-270.99999999999903,220.00000000000907,469.0000000000083,-564.000000000009,-153.00000000000313,1293.000000000011,1117.999999999995,-1192.9999999999995,-75.9999999999934,397.00000000000557,80.00000000000229,,3677.000000000013
2018.08.22,1107.999999999998,1417.0000000000016,-353.99999999998766,309.99999999999915,512.0000000000014,-523.0000000000068,-207.00000000000162,1218.9999999999923,1277.9999999999916,-1217.0000000000014,-118.99999999999977,435.0000000000023,134.99999999999625,,3993.999999999985
2018.08.22,1202.000000000003,1488.0000000000005,-436.9999999999985,347.0000000000084,570.9999999999993,-553.999999999999,-267.00000000000614,1222.000000000012,1298.0000000000018,-1327.0000000000116,-84.99999999999375,421.99999999999704,124.00000000000189,,4004.0000000000146
2018.08.22,1236.0000000000039,1509.0000000000048,-448.000000000004,342.000000000009,609.000000000004,-584.0000000000067,-297.9999999999983,1265.000000000005,1341.9999999999986,-1422.000000000012,-75.9999999999934,454.9999999999983,111.00000000000554,,4041.0000000000146
2018.08.22,1197.999999999999,1431.0000000000045,-448.000000000004,356.00000000000074,621.0000000000049,-543.0000000000045,-326.0000000000041,1127.0000000000114,1384.0000000000005,-1341.9999999999986,-128.99999999999068,512.0000000000005,128.00000000000588,,3969.0000000000264
2018.08.22,1170.0000000000043,1471.0,-463.9999999999977,368.00000000000165,592.9999999999991,-509.00000000000387,-306.00000000000625,1151.9999999999975,1478.999999999999,-1333.0000000000064,-192.99999999999784,527.000000000001,131.00000000000333,,4085.9999999999936
2018.08.22,1294.0000000000064,1628.9999999999916,-461.99999999998465,470.9999999999992,685.0000000000023,-501.000000000007,-336.9999999999984,1120.9999999999943,1519.0000000000055,-1357.0000000000082,-86.99999999998909,536.0000000000014,265.99999999999955,,4777.000000000015
2018.08.22,1345.0000000000073,1717.9999999999973,-370.00000000000364,439.0000000000005,713.0000000000081,-569.0000000000084,-289.0000000000059,1323.0000000000075,1551.9999999999925,-1452.0000000000089,-36.99999999999193,575.9999999999934,292.00000000000335,,5240.999999999992
2018.08.22,1372.0000000000066,1710.999999999996,-296.9999999999917,435.0000000000076,716.0000000000056,-592.0000000000036,-341.0000000000024,1317.0000000000125,1604.9999999999898,-1537.999999999995,19.000000000005457,569.9999999999932,336.00000000000296,,5313.000000000026
2018.08.22,1360.0000000000057,1885.0000000000034,-339.0000000000004,396.00000000000745,714.999999999999,-623.0000000000069,-224.000000000002,1649.0000000000116,1733.000000000004,-1632.0000000000111,-84.99999999999375,637.0000000000005,265.0000000000041,,5737.000000000022
2018.08.22,1300.0000000000011,1801.9999999999925,-360.9999999999891,365.0000000000042,660.000000000005,-609.9999999999994,-185.00000000000182,1611.9999999999911,1584.0000000000032,-1537.999999999995,-94.99999999999886,570.999999999998,202.0000000000022,,5307.000000000014
2018.08.22,1258.0000000000036,1775.9999999999998,-309.0000000000037,302.0000000000023,616.0000000000055,-640.0000000000073,-172.00000000000549,1717.9999999999973,1562.9999999999882,-1609.000000000016,-72.99999999999329,534.9999999999966,162.0000000000066,,5126.9999999999745
2018.08.22,1238.0000000000057,1703.9999999999943,-225.99999999999287,292.00000000000335,570.9999999999993,-635.0000000000077,-124.00000000000189,1649.0000000000116,1495.999999999995,-1462.0000000000077,-70.99999999999795,528.9999999999964,206.00000000000617,,5167.000000000005
2018.08.22,1206.000000000007,1682.0000000000057,-326.0000000000041,370.9999999999991,628.0000000000064,-534.0000000000011,-216.0000000000051,1429.999999999998,1615.9999999999854,-1425.0000000000095,-141.9999999999959,597.999999999999,238.0000000000049,,5125.999999999989
2018.08.22,1177.000000000006,1659.9999999999948,-363.0000000000022,350.00000000000585,600.0000000000006,-533.0000000000057,-196.00000000000728,1451.0000000000023,1692.0000000000073,-1412.0000000000132,-248.99999999999523,638.0000000000052,180.99999999999784,,4995.999999999997
2018.08.22,1128.0000000000068,1669.9999999999936,-446.9999999999974,361.0000000000002,619.0000000000028,-485.0000000000021,-185.00000000000182,1441.0000000000034,1668.9999999999827,-1378.0000000000125,-292.99999999999216,653.0000000000058,134.99999999999625,,4887.999999999985
2018.08.22,1170.9999999999998,1730.9999999999936,-414.00000000000324,343.00000000000443,614.9999999999989,-536.0000000000032,-138.00000000000477,1573.0000000000023,1623.9999999999952,-1415.999999999995,-245.9999999999951,625.0,134.99999999999625,,5066.999999999988
2018.08.22,1140.0000000000077,1671.0000000000002,-439.99999999999596,309.99999999999915,589.0000000000061,-546.000000000002,-155.00000000000514,1563.0000000000032,1612.9999999999995,-1439.0000000000125,-275.99999999999625,606.9999999999993,73.99999999999629,,4710.999999999999
2018.08.22,1131.9999999999998,1649.999999999996,-448.000000000004,281.00000000000904,575.0000000000033,-565.9999999999999,-148.99999999999915,1604.0000000000055,1622.9999999999905,-1463.0000000000143,-309.99999999998806,617.0000000000044,31.000000000003247,,4577.0000000000055
2018.08.22,1196.0000000000082,1675.0000000000043,-454.9999999999832,287.9999999999994,582.0000000000048,-565.9999999999999,-151.00000000000114,1584.999999999992,1602.0000000000039,-1480.999999999999,-266.9999999999959,588.9999999999986,55.000000000005045,,4652.000000000037
2018.08.22,1180.0000000000032,1741.999999999999,-553.0000000000035,325.00000000000864,599.0000000000051,-558.9999999999984,-118.00000000000699,1619.9999999999993,1602.0000000000039,-1428.000000000007,-330.99999999998886,603.9999999999992,9.999999999998899,,4693.000000000012
2018.08.22,1156.0000000000014,1712.0000000000025,-530.9999999999926,301.0000000000068,575.9999999999987,-565.0000000000044,-119.99999999999788,1642.00000000001,1645.9999999999866,-1445.0000000000073,-366.9999999999902,623.0000000000047,-3.999999999992898,,4624.000000000025
2018.08.22,1214.0000000000039,1750.9999999999914,-651.0000000000016,380.00000000000256,648.9999999999995,-530.0000000000082,-155.00000000000514,1500.9999999999968,1691.0000000000025,-1381.9999999999943,-414.99999999999204,661.0000000000014,9.999999999998899,,4723.999999999997
2018.08.22,1229.9999999999977,1780.0000000000039,-709.0000000000041,412.00000000000125,658.9999999999985,-509.00000000000387,-190.00000000000128,1466.0000000000118,1733.000000000004,-1410.0000000000002,-429.9999999999926,653.9999999999964,11.00000000000545,,4697.000000000016
2018.08.22,1187.0000000000048,1709.000000000005,-631.9999999999882,365.0000000000042,608.0000000000085,-526.9999999999997,-180.99999999999784,1483.000000000012,1739.0000000000043,-1412.0000000000132,-437.9999999999882,647.9999999999961,4.999999999999449,,4554.000000000047
2018.08.22,1199.0000000000057,1678.0000000000018,-636.9999999999986,302.0000000000023,613.000000000008,-539.0000000000006,-175.99999999999838,1400.0000000000011,1704.999999999984,-1388.999999999996,-397.99999999999613,629.9999999999955,-26.000000000003798,,4362.000000000005
2018.08.23,1205.0000000000005,1709.000000000005,-648.9999999999885,324.00000000000205,565.0000000000044,-584.0000000000067,-180.0000000000024,1544.000000000012,1722.9999999999848,-1478.0000000000016,-430.9999999999974,597.999999999999,-58.99999999999794,,4287.000000000013
2018.08.23,1190.0000000000023,1712.0000000000025,-622.9999999999958,338.00000000000495,584.0000000000067,-551.0000000000015,-156.00000000000057,1516.0000000000061,1668.0000000000064,-1415.999999999995,-399.9999999999915,608.0000000000041,-24.000000000001798,,4446.000000000047
2018.08.23,1217.0000000000014,1744.9999999999966,-645.999999999991,367.0000000000062,648.9999999999995,-548.0000000000041,-179.00000000000693,1520.0000000000102,1741.9999999999902,-1436.9999999999993,-433.9999999999975,691.9999999999931,-9.00000000000345,,4678.999999999995
2018.08.23,1231.0000000000043,1732.9999999999845,-659.999999999994,356.00000000000074,639.0000000000007,-569.0000000000084,-172.00000000000549,1530.000000000009,1710.9999999999843,-1432.9999999999955,-434.99999999998806,676.0000000000019,-34.000000000000696,,4572.999999999994
2018.08.23,1207.0000000000025,1688.999999999985,-607.0000000000019,323.0000000000066,629.0000000000018,-582.0000000000048,-174.00000000000747,1558.9999999999993,1692.9999999999836,-1459.0000000000102,-417.0000000000016,683.0000000000069,-36.0000000000027,,4507.999999999957
2018.08.23,1161.000000000001,1638.9999999999905,-510.99999999999477,192.99999999999872,631.9999999999992,-683.0000000000002,-158.0000000000026,1800.0000000000016,1641.999999999996,-1649.0000000000116,-381.0000000000002,683.9999999999975,-132.99999999999423,,4235.99999999998
2018.08.23,1155.000000000006,1522.0000000000011,-461.0000000000003,57.00000000000705,586.0000000000088,-806.0000000000067,-156.00000000000057,1964.0000000000102,1585.000000000008,-1795.0000000000132,-375.99999999999056,680.0000000000068,-275.000000000003,,3680.0000000000337
2018.08.23,1090.9999999999975,1495.9999999999861,-385.99999999999744,-35.999999999991594,535.0000000000077,-848.9999999999998,-101.00000000000664,2149.000000000001,1608.000000000004,-1859.999999999995,-412.9999999999967,697.0000000000027,-339.0000000000004,,3592.0000000000114
2018.08.23,1065.0000000000048,1488.9999999999848,-346.0000000000019,-52.99999999999194,497.000000000003,-848.9999999999998,-113.00000000000753,2185.999999999999,1694.9999999999932,-1917.0000000000132,-436.9999999999976,695.999999999998,-334.9999999999964,,3577.9999999999745
2018.08.23,1063.9999999999982,1429.999999999998,-237.99999999998266,-221.99999999999997,409.99999999999926,-1011.0000000000064,-124.99999999999733,2513.999999999994,1626.0000000000048,-2228.0000000000077,-350.9999999999991,585.9999999999985,-475.0000000000032,,2979.999999999997
2018.08.23,1026.0000000000048,1347.9999999999936,-224.99999999998633,-249.99999999999466,414.00000000000324,-1014.0000000000038,-146.99999999999713,2466.999999999997,1604.9999999999898,-2227.0000000000014,-363.9999999999901,608.9999999999947,-505.99999999999534,,2736.000000000014
2018.08.23,1019.0000000000032,1313.999999999993,-158.99999999999804,-305.99999999999517,319.99999999999807,-1063.9999999999982,-140.0000000000068,2560.999999999991,1615.000000000009,-2295.0000000000027,-354.99999999998977,537.0000000000061,-525.9999999999932,,2521.000000000017
2018.08.23,997.9999999999989,1231.0000000000043,-187.99999999998818,-271.9999999999945,291.0000000000079,-1014.0000000000038,-157.00000000000713,2359.0,1512.0000000000005,-2153.000000000005,-340.999999999994,475.9999999999991,-502.9999999999979,,2239.0000000000205
2018.08.23,1009.0000000000043,1271.9999999999843,-201.99999999999108,-229.99999999999687,324.00000000000205,-979.0000000000076,-153.99999999999858,2315.0000000000005,1522.9999999999961,-2103.9999999999945,-330.99999999998886,496.9999999999999,-458.9999999999983,,2481.000000000011
2018.08.23,1009.0000000000043,1248.0000000000045,-176.99999999998272,-224.9999999999974,338.00000000000495,-977.0000000000057,-168.99999999999693,2268.000000000003,1524.000000000001,-2085.0000000000036,-319.9999999999932,519.999999999996,-432.9999999999945,,2521.000000000039
2018.08.23,1019.9999999999986,1303.999999999994,-185.99999999999727,-223.99999999999088,355.0000000000053,-983.0000000000006,-156.00000000000057,2341.9999999999995,1557.9999999999927,-2131.0000000000164,-323.99999999999807,534.000000000006,-439.99999999999596,,2668.9999999999973
2018.08.23,963.9999999999982,1262.9999999999918,-160.99999999998892,-274.9999999999919,347.0000000000084,-992.9999999999994,-158.0000000000026,2407.0000000000036,1661.0000000000014,-2197.0000000000045,-405.00000000000114,606.9999999999993,-490.00000000000153,,2570.0000000000123
2018.08.23,1002.0000000000028,1302.0000000000032,-176.99999999998272,-222.99999999999542,378.00000000000057,-969.0000000000088,-148.99999999999915,2343.0000000000064,1620.0000000000045,-2117.000000000013,-368.9999999999998,602.0000000000039,-431.99999999999903,,2811.0000000000227
2018.08.23,1062.0000000000073,1383.000000000001,-245.99999999999068,-164.99999999999292,397.99999999999835,-953.0000000000039,-167.00000000000603,2307.999999999999,1686.000000000007,-2117.9999999999977,-387.00000000000045,600.9999999999991,-404.99999999999983,,2997.00000000002
2018.08.23,1094.0000000000061,1326.9999999999893,-158.99999999999804,-196.99999999999162,402.00000000000233,-1018.0000000000077,-200.00000000000017,2316.000000000007,1694.9999999999932,-2187.0000000000055,-352.99999999999443,602.9999999999944,-387.99999999999943,,2934.999999999995
2018.08.23,1088.0,1364.999999999994,-142.99999999998204,-282.99999999999994,347.0000000000084,-1089.0000000000066,-131.99999999999878,2567.000000000008,1633.9999999999861,-2300.9999999999973,-325.9999999999934,551.0000000000019,-485.0000000000021,,2793.0000000000177
2018.08.23,1150.0000000000066,1357.9999999999925,-226.99999999999943,-242.99999999999324,390.0000000000015,-1097.999999999999,-209.00000000000364,2469.9999999999945,1680.0000000000068,-2330.00000000001,-347.999999999999,569.0000000000026,-493.99999999999443,,2668.0000000000055
2018.08.23,1139.0000000000011,1224.000000000003,-219.99999999999798,-239.99999999999577,382.00000000000455,-1086.000000000009,-217.0000000000005,2273.999999999998,1550.9999999999877,-2175.000000000016,-338.99999999999864,555.9999999999974,-485.99999999999756,,2362.999999999976
2018.08.23,1206.000000000007,1329.0000000000025,-278.9999999999848,-174.99999999999181,399.0000000000049,-1070.9999999999998,-199.00000000000472,2259.000000000011,1707.9999999999984,-2131.0000000000164,-430.9999999999974,621.9999999999999,-443.99999999999994,,2793.000000000029
2018.08.23,1109.0000000000043,1180.9999999999877,-168.99999999999693,-261.0000000000001,336.9999999999984,-1084.0000000000073,-234.00000000000088,2266.0000000000123,1650.0000000000057,-2197.0000000000045,-384.00000000000034,572.9999999999933,-473.99999999999665,,2312.999999999995
2018.08.23,1119.0000000000034,1192.9999999999995,-141.99999999999767,-223.99999999999088,361.0000000000002,-1055.000000000006,-272.00000000000557,2191.999999999994,1722.9999999999848,-2200.000000000002,-369.99999999999034,602.0000000000039,-404.99999999999983,,2521.9999999999936
2018.08.23,1129.9999999999977,1341.9999999999986,-192.99999999999872,-234.99999999999633,377.0000000000051,-1074.0000000000082,-204.00000000000418,2422.9999999999973,1727.0000000000039,-2289.0000000000077,-371.9999999999999,590.999999999994,-458.00000000000284,,2764.999999999979
2018.08.23,1261.000000000001,1665.0000000000055,-304.9999999999997,-168.99999999999693,441.0000000000025,-1102.9999999999984,-157.00000000000713,2703.9999999999955,1894.0000000000055,-2452.999999999994,-387.999999999991,615.9999999999997,-454.9999999999943,,3551.000000000028
2018.08.23,1223.0000000000075,1519.999999999988,-261.9999999999845,-220.99999999999343,401.00000000000693,-1129.0000000000023,-217.0000000000005,2638.000000000007,1806.999999999988,-2503.000000000011,-339.9999999999892,554.000000000002,-490.00000000000153,,2981.000000000017
2018.08.23,1166.0000000000005,1397.9999999999882,-234.99999999998522,-296.9999999999917,347.0000000000084,-1160.0000000000055,-236.99999999999832,2649.999999999997,1798.0000000000018,-2547.9999999999945,-378.9999999999907,542.0000000000016,-570.0000000000039,,2475.0000000000273
2018.08.23,1185.9999999999982,1354.999999999995,-176.99999999998272,-275.99999999999847,378.00000000000057,-1150.0000000000066,-265.0000000000041,2533.999999999992,1769.9999999999818,-2489.0000000000077,-320.99999999999795,564.9999999999977,-497.000000000003,,2612.9999999999645
2018.08.23,1107.999999999998,1289.9999999999911,19.00000000001345,-383.99999999999545,303.0000000000088,-1204.000000000005,-306.00000000000625,2713.999999999994,1835.9999999999843,-2727.9999999999973,-245.9999999999951,521.0000000000008,-498.9999999999939,,2423.9999999999973
2018.08.23,1012.0000000000018,1174.9999999999927,28.000000000005798,-443.99999999999994,273.000000000001,-1192.9999999999995,-324.00000000000205,2705.000000000002,1820.999999999998,-2749.0000000000014,-287.9999999999967,531.0000000000059,-570.9999999999993,,1976.0000000000084
2018.08.23,1050.0000000000066,1173.9999999999861,-39.999999999995595,-412.00000000000125,245.0000000000063,-1188.0000000000002,-422.00000000000017,2618.9999999999936,2104.99999999999,-2855.0000000000077,-426.00000000000193,584.0000000000032,-578.0000000000007,,1855.9999999999784
2018.08.23,953.9999999999993,973.0000000000016,-97.9999999999981,-476.9999999999941,223.00000000000654,-1184.0000000000073,-463.9999999999977,2500.9999999999977,2168.0000000000064,-2820.0000000000005,-598.9999999999895,674.9999999999972,-705.0000000000001,,1147.0000000000218
2018.08.23,1053.0000000000039,926.999999999989,-185.99999999999727,-400.00000000000034,224.000000000002,-1178.0000000000014,-570.0000000000039,2252.999999999994,2245.0000000000045,-2780.0000000000045,-638.9999999999958,661.0000000000014,-668.0000000000019,,941.9999999999899
2018.08.23,1053.0000000000039,899.9999999999897,-126.99999999998823,-449.9999999999948,197.00000000000273,-1229.0000000000023,-575.9999999999987,2339.0000000000023,2153.9999999999964,-2869.0000000000105,-552.9999999999973,587.9999999999939,-690.0000000000017,,736.9999999999953
2018.08.23,1011.0000000000064,869.999999999993,-18.999999999991246,-517.9999999999962,158.99999999999804,-1266.0000000000005,-551.0000000000015,2466.0000000000127,2079.999999999984,-2936.0000000000055,-479.99999999998977,545.0000000000017,-700.0000000000006,,661.0000000000103
2018.08.23,956.0000000000013,761.999999999996,32.0000000000098,-581.9999999999936,91.00000000000774,-1289.0000000000068,-519.9999999999983,2466.0000000000127,2008.9999999999861,-2889.000000000008,-496.9999999999999,513.9999999999958,-746.0000000000023,,307.0
2018.08.23,936.999999999999,733.9999999999902,14.000000000002899,-600.999999999996,70.0000000000034,-1292.9999999999998,-548.9999999999995,2472.0000000000077,2073.9999999999836,-2942.0,-545.0000000000017,519.999999999996,-783.9999999999958,,106.99999999998988
2018.08.23,897.0000000000033,739.0000000000008,110.00000000001009,-632.9999999999947,39.00000000000014,-1294.0000000000064,-433.0000000000056,2557.000000000009,1868.9999999999998,-2812.9999999999986,-451.9999999999982,462.0000000000033,-754.9999999999945,,293.0000000000282
2018.08.23,928.0000000000066,739.9999999999851,198.00000000000927,-648.9999999999995,31.000000000003247,-1334.0000000000018,-428.00000000000614,2605.9999999999973,1858.000000000004,-2846.9999999999995,-390.99999999999113,450.9999999999934,-712.9999999999969,,450.000000000004
2018.08.23,892.0000000000039,739.0000000000008,195.9999999999962,-652.9999999999925,28.000000000005798,-1312.000000000002,-419.9999999999982,2608.9999999999945,1867.999999999995,-2838.0000000000073,-408.9999999999918,459.99999999999375,-722.0000000000005,,437.99999999999727
2018.08.23,875.999999999999,722.9999999999848,326.0000000000041,-693.9999999999947,-2.999999999997449,-1339.0000000000014,-409.99999999999926,2683.9999999999973,1900.0000000000057,-2886.000000000011,-363.9999999999901,456.99999999999363,-680.9999999999983,,588.9999999999926
2018.08.23,878.000000000001,668.0000000000019,253.00000000001432,-700.0000000000006,-10.999999999994348,-1349.0000000000002,-441.0000000000025,2627.0000000000014,1893.0000000000007,-2892.0000000000055,-411.9999999999919,447.00000000000273,-741.9999999999982,,219.000000000029
2018.08.23,892.0000000000039,733.0000000000059,261.0000000000001,-681.9999999999937,-2.999999999997449,-1339.0000000000014,-436.00000000000307,2671.0000000000014,1942.9999999999836,-2917.999999999998,-405.00000000000114,451.9999999999982,-709.9999999999995,,458.99999999999886
2018.08.23,902.9999999999983,733.0000000000059,199.00000000001583,-659.999999999994,4.999999999999449,-1329.0000000000025,-446.9999999999974,2622.9999999999977,1871.9999999999857,-2897.0000000000164,-387.00000000000045,412.00000000000614,-731.9999999999993,,294.9999999999991
2018.08.23,897.0000000000033,714.999999999999,219.00000000001364,-706.999999999991,-9.999999999998899,-1392.0000000000043,-424.9999999999976,2550.0000000000077,1931.999999999988,-2844.0000000000023,-417.99999999999216,394.00000000000546,-763.0000000000026,,148.00000000002842
2018.08.24,1023.0000000000073,746.0000000000023,199.00000000001583,-653.999999999999,4.999999999999449,-1385.9999999999984,-438.00000000000506,2585.9999999999995,1923.0000000000018,-2875.0000000000055,-405.00000000000114,433.00000000000693,-722.0000000000005,,435.00000000002365
2018.08.24,956.0000000000013,702.0000000000026,205.00000000001074,-649.999999999995,-12.999999999996348,-1353.000000000004,-461.0000000000003,2499.999999999991,1973.9999999999895,-2866.9999999999973,-436.9999999999976,444.0000000000026,-710.999999999995,,289.0000000000118
2018.08.24,867.0000000000067,658.0000000000031,302.0000000000023,-702.9999999999981,-53.999999999998494,-1348.0000000000048,-448.000000000004,2614.000000000005,1998.9999999999952,-2898.0000000000005,-445.99999999999795,460.9999999999985,-709.9999999999995,,294.00000000000784
2018.08.24,877.0000000000056,682.9999999999892,334.00000000001205,-689.9999999999907,-29.000000000001247,-1341.0000000000034,-463.0000000000023,2618.000000000009,2008.9999999999861,-2927.0000000000127,-399.9999999999915,471.00000000000364,-668.9999999999974,,473.0000000000067
2018.08.24,899.0000000000053,683.9999999999957,329.00000000000153,-673.9999999999968,-56.0000000000005,-1340.000000000008,-490.00000000000153,2581.9999999999955,2016.999999999996,-2936.0000000000055,-390.99999999999113,427.99999999999727,-648.9999999999995,,402.9999999999884
2018.08.24,874.0000000000081,673.9999999999968,398.00000000000944,-714.999999999999,-104.99999999999955,-1362.0000000000077,-485.99999999999756,2669.0000000000105,2049.0000000000064,-3008.999999999995,-370.9999999999951,397.99999999999613,-653.0000000000035,,361.0000000000298
2018.08.24,873.0000000000016,594.99999999999,350.00000000000585,-690.9999999999972,-40.99999999999105,-1339.0000000000014,-563.9999999999978,2503.999999999995,2075.9999999999936,-2998.000000000012,-402.000000000001,466.99999999999875,-659.999999999994,,169.99999999999056
2018.08.24,880.000000000003,672.0000000000059,300.00000000001137,-595.9999999999966,17.000000000000348,-1248.0000000000045,-531.0000000000036,2374.9999999999936,2155.000000000001,-2825.999999999995,-461.9999999999891,555.0000000000068,-570.0000000000039,,721.0000000000293
2018.08.24,892.0000000000039,668.0000000000019,304.00000000001535,-615.9999999999943,36.999999999998145,-1274.0000000000084,-529.9999999999972,2422.9999999999973,2129.9999999999955,-2861.0000000000023,-448.99999999999807,569.0000000000026,-592.0000000000036,,701.0000000000109
2018.08.24,895.0000000000014,639.9999999999961,392.9999999999989,-705.0000000000001,33.000000000005244,-1367.000000000007,-535.0000000000077,2600.0000000000023,2076.999999999998,-3031.000000000006,-371.9999999999999,549.0000000000066,-644.9999999999956,,531.9999999999926
2018.08.24,909.9999999999997,663.999999999998,368.00000000001273,-618.9999999999918,63.00000000000195,-1292.9999999999998,-548.9999999999995,2421.999999999991,2157.9999999999873,-2899.0000000000073,-412.9999999999967,602.9999999999944,-548.9999999999995,,865.9999999999909
2018.08.24,919.0000000000032,746.9999999999866,297.0000000000139,-312.00000000000114,139.00000000000023,-997.0000000000034,-548.0000000000041,1791.9999999999936,2210.9999999999845,-2324.000000000015,-439.9999999999977,668.9999999999969,-202.0000000000022,,1950.9999999999554
2018.08.24,880.000000000003,697.9999999999986,316.0000000000052,-412.00000000000125,-10.999999999994348,-1063.9999999999982,-543.0000000000045,1966.0000000000011,2219.999999999999,-2475.000000000005,-469.99999999999886,540.0000000000063,-317.9999999999961,,1327.0000000000148
2018.08.24,884.000000000007,737.9999999999942,276.00000000000955,-388.9999999999949,47.00000000000814,-1047.000000000009,-544.0,1961.0000000000127,2317.9999999999836,-2466.999999999997,-534.9999999999966,638.9999999999958,-314.99999999999864,,1566.0000000000146
2018.08.24,877.0000000000056,685.9999999999866,290.9999999999968,-404.99999999999983,48.000000000003595,-1058.0000000000034,-558.000000000003,1933.9999999999914,2259.999999999991,-2473.000000000014,-504.99999999999545,621.9999999999999,-325.99999999999295,,1392.9999999999666
2018.08.24,941.9999999999984,801.9999999999916,240.00000000001796,-322.9999999999955,94.00000000000519,-1025.0000000000093,-560.0000000000049,1899.0000000000061,2329.999999999984,-2445.000000000008,-506.9999999999908,644.999999999996,-258.0000000000027,,1833.9999999999877
2018.08.24,955.0000000000058,783.9999999999848,240.00000000001796,-323.99999999999096,109.99999999999899,-1034.0000000000016,-599.0000000000051,1872.9999999999914,2381.0,-2495.0000000000027,-513.9999999999958,668.9999999999969,-258.0000000000027,,1787.9999999999973
2018.08.24,970.9999999999997,838.0000000000055,266.0000000000107,-353.99999999999875,124.00000000000189,-1074.0000000000082,-592.9999999999991,2015.0000000000111,2379.9999999999955,-2612.9999999999986,-463.99999999999864,656.9999999999965,-275.99999999999847,,1877.0000000000189
2018.08.24,980.0000000000031,842.9999999999937,212.00000000001216,-351.0000000000013,131.00000000000333,-1078.0000000000011,-606.0000000000065,2017.000000000002,2379.9999999999955,-2629.999999999999,-491.9999999999902,653.9999999999964,-314.99999999999864,,1745.0000000000095
2018.08.24,990.000000000002,883.9999999999959,197.00000000000273,-313.99999999999204,158.99999999999804,-1049.0,-568.9999999999973,1984.9999999999923,2344.999999999999,-2537.999999999996,-484.99999999999943,673.0000000000018,-276.9999999999939,,2001.0000000000134
2018.08.24,1012.0000000000018,912.0000000000017,243.00000000001543,-366.9999999999951,101.00000000000664,-1119.0000000000034,-490.999999999997,2153.000000000005,2313.9999999999927,-2550.0000000000077,-483.99999999999466,638.0000000000052,-312.00000000000114,,2050.00000000003
2018.08.24,956.0000000000013,870.9999999999995,253.00000000001432,-401.99999999999125,58.000000000002494,-1112.0000000000018,-465.0000000000043,2183.000000000002,2248.9999999999955,-2527.999999999997,-490.99999999999966,596.9999999999942,-348.9999999999993,,1820.0000000000166
2018.08.24,1041.9999999999984,922.0000000000006,217.0000000000005,-362.99999999999113,109.00000000000354,-1138.0000000000057,-509.9999999999993,2160.999999999991,2320.999999999998,-2588.0000000000127,-489.9999999999949,634.0000000000003,-329.00000000000153,,1987.9999999999875
2018.08.24,1043.000000000005,914.9999999999991,217.0000000000005,-383.99999999999545,60.99999999999994,-1157.000000000008,-484.00000000000665,2197.0000000000045,2361.9999999999945,-2577.0000000000073,-540.9999999999968,625.0,-353.0000000000033,,1923.9999999999864
2018.08.24,1044.0000000000005,683.9999999999957,250.00000000001688,-442.9999999999934,26.999999999999247,-1217.0000000000014,-618.0000000000074,2024.0000000000036,2358.000000000004,-2659.0000000000114,-542.0000000000016,605.9999999999945,-404.99999999999983,,1109.0
2018.08.24,1080.9999999999986,831.000000000004,209.00000000001472,-364.9999999999931,124.00000000000189,-1166.0000000000005,-575.0000000000033,2032.999999999996,2409.9999999999964,-2594.0000000000073,-548.0000000000018,694.9999999999932,-332.99999999999443,,1802.000000000004
2018.08.24,1104.000000000005,1099.0000000000055,104.00000000001519,-305.99999999999517,217.0000000000005,-1126.0000000000048,-443.0000000000045,2266.0000000000123,2460.9999999999845,-2567.000000000008,-595.9999999999894,780.0000000000011,-332.99999999999443,,2660.0000000000273
2018.08.24,1126.0000000000048,1139.9999999999854,40.0000000000178,-241.99999999999778,226.99999999999943,-1075.999999999999,-462.0000000000068,2160.0000000000064,2518.000000000001,-2509.0000000000055,-631.0000000000002,786.0000000000014,-295.0000000000008,,2782.000000000006
2018.08.24,1109.0000000000043,1112.9999999999861,82.00000000000429,-161.00000000000003,287.0000000000039,-985.0000000000025,-487.0000000000041,1933.0000000000068,2486.9999999999945,-2341.0000000000155,-578.9999999999935,831.9999999999936,-159.9999999999935,,3129.9999999999845
2018.08.24,1145.000000000007,1055.9999999999902,84.0000000000174,-115.99999999999389,306.00000000000625,-967.0000000000067,-617.0000000000009,1743.0000000000057,2550.9999999999877,-2398.9999999999955,-534.9999999999966,817.9999999999978,-97.00000000000264,,2972.000000000016
2018.08.24,1099.0000000000055,1027.0000000000002,133.00000000000534,-122.99999999999534,312.00000000000114,-936.999999999999,-582.0000000000048,1737.0000000000107,2455.999999999989,-2334.999999999998,-479.99999999998977,808.0000000000069,-73.99999999999629,,3041.000000000035
2018.08.24,1111.0000000000064,1112.9999999999861,148.00000000001478,-102.99999999999754,306.00000000000625,-931.9999999999995,-575.0000000000033,1791.9999999999936,2578.0000000000027,-2377.000000000007,-510.9999999999957,834.9999999999937,-34.99999999999615,,3350.0000000000036
2018.08.24,1128.0000000000068,1147.9999999999934,-52.99999999999194,-34.000000000000696,314.0000000000032,-875.999999999999,-590.0000000000016,1669.0000000000093,2669.9999999999873,-2290.9999999999986,-665.9999999999968,861.9999999999948,-90.99999999999665,,3190.0000000000086
2018.08.24,1133.0000000000061,1021.9999999999895,-76.99999999999375,-27.999999999994696,297.00000000000284,-870.9999999999995,-619.9999999999983,1483.000000000012,2588.9999999999986,-2171.9999999999964,-682.9999999999927,843.0000000000035,-100.99999999999554,,2815.000000000042
2018.08.24,1146.0000000000025,1140.999999999992,-227.99999999998377,153.99999999999858,467.0000000000063,-704.0000000000047,-718.0000000000075,1212.9999999999975,2674.0000000000064,-2103.9999999999945,-664.999999999992,932.0000000000022,26.999999999999247,,3335.0000000000223
2018.08.24,1231.0000000000043,1158.9999999999989,-200.99999999998454,131.00000000000333,509.9999999999993,-787.9999999999998,-812.999999999997,1296.0000000000082,2837.9999999999936,-2339.0000000000023,-655.9999999999917,986.9999999999948,14.999999999998348,,3370.0000000000246
2018.08.24,1200.0000000000011,1124.9999999999982,-231.0000000000034,145.00000000000622,509.9999999999993,-751.0000000000017,-792.0000000000039,1211.0000000000066,2782.9999999999873,-2227.0000000000014,-683.9999999999975,996.9999999999999,12.000000000000899,,3297.999999999991
2018.08.24,1251.9999999999975,1156.0000000000014,-373.00000000000114,157.00000000000713,558.000000000003,-777.0000000000055,-792.9999999999993,1228.9999999999911,2798.000000000002,-2246.999999999999,-765.9999999999911,1036.0000000000014,-78.00000000000028,,3152.0000000000073
2018.08.24,1282.0000000000055,1219.9999999999989,-392.9999999999989,175.00000000000293,583.0000000000002,-780.000000000003,-800.0000000000007,1269.000000000009,2814.9999999999977,-2293.000000000012,-736.9999999999948,1031.000000000006,-64.99999999999284,,3307.0000000000177
2018.08.24,1216.000000000006,1088.0,-398.9999999999938,111.00000000000554,531.0000000000036,-797.0000000000033,-834.0000000000014,1239.9999999999966,2770.9999999999864,-2334.0000000000136,-768.9999999999912,995.0000000000045,-156.00000000000057,,2662.999999999998
2018.08.24,1261.000000000001,1153.000000000004,-405.9999999999952,153.99999999999858,587.0000000000042,-786.0000000000089,-858.9999999999986,1224.000000000003,2824.9999999999886,-2363.000000000004,-737.9999999999995,1028.9999999999964,-100.00000000000009,,2980.999999999989
2018.08.24,1214.9999999999993,1044.0000000000005,-270.99999999999903,131.99999999999878,569.0000000000084,-775.0000000000034,-857.0000000000077,1129.0000000000023,2718.999999999994,-2269.00000000001,-658.0000000000013,1016.0000000000053,-36.0000000000027,,2957.999999999984
2018.08.24,1236.0000000000039,1042.9999999999939,-304.9999999999997,131.00000000000333,569.0000000000084,-789.0000000000064,-873.0000000000016,1131.9999999999998,2770.9999999999864,-2303.0000000000105,-697.9999999999933,1031.000000000006,-60.99999999999994,,2883.9999999999905
2018.08.24,1202.000000000003,1038.99999999999,-313.99999999999204,104.00000000000409,546.000000000002,-794.0000000000058,-879.0000000000075,1195.999999999997,2787.0000000000064,-2366.0000000000014,-712.9999999999939,1013.0000000000052,-103.99999999999298,,2717.000000000013
2018.08.24,1218.000000000008,1088.9999999999845,-327.99999999999494,103.00000000000864,574.0000000000078,-806.0000000000067,-846.9999999999977,1258.0000000000036,2778.9999999999964,-2373.0000000000027,-710.9999999999985,1034.9999999999966,-114.00000000000298,,2877.0000000000014
2018.08.24,1206.000000000007,1079.999999999992,-320.9999999999935,112.000000000001,570.9999999999993,-789.0000000000064,-861.0000000000007,1228.9999999999911,2775.0000000000055,-2368.0000000000146,-697.9999999999933,1024.000000000001,-97.9999999999981,,2861.9999999999895
2018.08.24,1192.000000000004,1051.0000000000018,-231.0000000000034,87.00000000000374,541.0000000000026,-804.0000000000047,-850.0000000000063,1236.9999999999993,2786.0000000000014,-2363.000000000004,-676.0000000000019,1022.9999999999961,-58.99999999999794,,2933.9999999999914
2018.08.24,1148.0000000000045,1061.9999999999852,-320.9999999999935,111.00000000000554,521.0000000000048,-768.000000000002,-839.0000000000009,1157.9999999999923,2799.0000000000064,-2286.0000000000105,-732.9999999999899,1016.9999999999959,-93.99999999999409,,2775.000000000003
