date,USDCHF,GBPUSD,EURUSD,USDCAD,AUDUSD,NZDUSD,EURCHF,CHFJPY,AUDCHF,NZDCHF,EURGBP,GBPCAD,GBPAUD,EURAUD,EURNZD,AUDCAD,NZDCAD,AUDNZD,empty,sum
2019.10.14,-82.99999999999974,-214.00000000000307,-59.000000000009045,-18.999999999991246,-0.999999999995449,-69.9999999999923,-70.0000000000145,-134.9999999999909,-36.0000000000027,-112.99999999999643,-101.00000000000664,-15.999999999993797,0.0,-120.00000000000898,-196.0000000000184,-12.000000000000899,-7.0000000000014495,-29.999999999996696,,-1282.0000000000223
2019.10.14,-1.999999999990898,-164.99999999999292,-42.0000000000087,-18.999999999991246,12.999999999996348,-80.99999999999774,-76.99999999999375,-207.9999999999984,-34.99999999999615,-146.00000000000168,-82.99999999999974,49.99999999999449,-93.00000000000975,-95.00000000000064,-167.00000000000603,2.000000000002,5.999999999994898,26.0000000000149,,-1115.9999999999848
2019.10.14,21.999999999999797,-234.00000000000088,-68.00000000000139,17.000000000000348,70.99999999999883,-81.9999999999932,-29.00000000001235,-265.00000000000057,60.00000000000449,-148.99999999999915,-75.00000000000284,93.99999999999409,-52.000000000007596,13.999999999980695,-229.00000000001253,26.000000000003798,-26.999999999999247,130.0000000000079,,-776.0000000000398
2019.10.14,107.00000000000153,-207.00000000000162,-24.000000000001798,33.00000000001635,43.999999999999595,-73.99999999999629,53.999999999998494,-226.99999999998965,109.99999999999899,-180.0000000000024,-53.999999999998494,85.00000000000173,85.00000000000173,24.999999999986144,-165.00000000001512,17.999999999995797,-31.000000000003247,131.99999999999878,,-269.00000000000955
2019.10.14,177.00000000000495,-190.00000000000128,2.999999999997449,2.0000000000131024,17.999999999995797,-48.99999999999905,102.99999999998644,-194.99999999999318,131.99999999999878,-175.00000000000293,-100.00000000000009,24.000000000001798,2.999999999997449,-13.000000000018552,-214.00000000000307,17.000000000000348,-42.0000000000087,164.00000000000858,,-335.00000000002217
2019.10.14,187.00000000000384,-62.000000000006494,28.000000000005798,-24.999999999986144,50.0000000000056,-32.999999999994145,82.00000000000429,-179.9999999999926,163.99999999999747,-161.99999999999548,-165.9999999999995,-117.00000000001154,-259.0000000000092,71.99999999998319,-284.00000000001756,56.99999999999594,-70.0000000000034,177.00000000000495,,-541.000000000015
2019.10.14,134.0000000000008,45.000000000006146,-4.000000000004,-92.99999999998754,-31.999999999998696,-68.99999999999685,55.000000000005045,-146.99999999999136,70.99999999999883,-168.00000000000148,-278.00000000000045,-251.00000000000122,-462.0000000000068,-102.00000000000209,-446.0000000000131,12.999999999996348,-110.00000000001009,192.00000000001438,,-1651.999999999992
2019.10.14,117.00000000000044,127.00000000001043,35.999999999991594,-117.99999999999588,-83.9999999999952,72.0000000000054,14.999999999987246,-56.99999999998795,4.000000000004,-41.9999999999976,-262.00000000000665,-205.99999999999508,-164.00000000000858,-201.00000000000674,-518.0000000000184,-44.99999999999504,-142.00000000000878,214.00000000000307,,-1254.000000000014
2019.10.14,100.00000000000009,134.99999999999625,22.0000000000109,-165.9999999999995,-161.00000000000003,80.00000000000229,-15.00000000000945,-87.99999999999386,-92.00000000000318,2.000000000002,-307.99999999999716,-231.0000000000034,-38.0000000000047,-389.0000000000171,-827.0,-117.99999999999588,-256.0000000000007,182.0000000000155,,-2167.999999999998
2019.10.14,76.0000000000094,232.99999999999432,28.000000000005798,-160.99999999998892,-134.0000000000008,159.00000000000912,-41.000000000002146,-74.99999999998863,-92.99999999999864,97.9999999999981,-322.00000000000006,-307.99999999999716,-165.9999999999995,-334.00000000001205,-764.0000000000091,-82.99999999999974,-247.00000000000833,290.00000000001245,,-1843.9999999999757
2019.10.14,21.999999999999797,234.00000000000088,28.000000000005798,-102.99999999998644,-93.99999999999409,143.00000000000423,-90.00000000001229,-131.9999999999908,-69.9999999999923,88.99999999999464,-334.00000000000097,-341.99999999999784,-221.00000000000452,-264.0000000000198,-719.000000000003,-73.00000000000084,-236.00000000000287,282.0000000000045,,-1879.999999999996
2019.10.14,-9.999999999998899,258.0000000000027,25.00000000000835,-129.99999999998568,-114.99999999999844,167.00000000000603,-117.00000000001154,-204.9999999999983,-110.99999999999443,149.99999999999457,-341.0000000000024,-312.00000000000114,-289.9999999999903,-293.0000000000099,-1022.0000000000118,-68.00000000000139,-359.0000000000093,343.00000000000443,,-2429.9999999999973
2019.10.14,-39.00000000000014,259.0000000000092,28.000000000005798,-107.99999999999699,-39.00000000000014,163.00000000000205,-161.00000000001114,-241.99999999999022,-58.99999999999794,180.99999999999784,-331.0000000000035,-313.99999999999204,-377.0000000000051,-128.000000000017,-867.0000000000177,9.999999999998899,-301.0000000000068,456.00000000001194,,-1869.0000000000132
2019.10.14,-59.99999999999339,174.00000000000747,1.999999999990898,-89.99999999999008,-19.999999999997797,145.00000000000622,-148.00000000001478,-265.99999999999113,-75.00000000000284,163.00000000000205,-321.0000000000046,-292.00000000000335,-364.00000000000875,-124.00000000001299,-748.0000000000153,12.000000000000899,-224.000000000002,389.0000000000171,,-1847.000000000012
2019.10.14,-41.9999999999976,68.00000000000139,-34.000000000000696,-89.99999999999008,-5.999999999994898,104.99999999999955,-126.0000000000039,-274.0000000000009,-53.00000000000304,110.99999999999443,-290.00000000000136,-192.99999999999872,-222.00000000001108,-117.00000000001154,-712.0000000000015,17.999999999995797,-201.00000000000674,365.0000000000153,,-1693.0000000000157
2019.10.14,-41.9999999999976,49.99999999999449,-39.999999999995595,-78.00000000000028,-14.999999999998348,110.00000000001009,-124.00000000001299,-253.99999999999068,-56.0000000000005,107.99999999999699,-252.0000000000078,-123.00000000000644,-130.99999999999224,-142.0000000000199,-731.000000000015,29.000000000001247,-197.00000000000273,343.00000000000443,,-1545.0000000000332
2019.10.14,-39.999999999995595,58.000000000002494,-4.000000000004,-114.99999999999844,-60.00000000000449,126.0000000000039,-130.0000000000079,-244.99999999999034,-78.00000000000028,144.99999999999514,-246.99999999999721,-120.00000000000898,-113.99999999999189,-189.00000000001694,-684.000000000018,-5.999999999994898,-187.00000000000384,323.0000000000066,,-1567.000000000025
2019.10.14,-27.999999999994696,129.00000000000134,-21.00000000000435,-127.99999999999478,-66.99999999999484,128.00000000000588,-112.000000000001,-211.9999999999891,-82.99999999999974,134.99999999999625,-378.00000000000057,-312.00000000000114,-266.0000000000107,-235.00000000000742,-709.0000000000041,-9.999999999998899,-204.00000000000418,302.0000000000023,,-2071.0
2019.10.14,-37.99999999999359,173.00000000000094,-7.0000000000014495,-115.99999999998278,-115.99999999999389,112.000000000001,-144.0000000000108,-205.99999999998886,-147.99999999999258,121.99999999999989,-522.0000000000002,-672.9999999999902,-448.000000000004,-352.000000000019,-731.000000000015,-102.00000000000209,-228.00000000000597,258.0000000000027,,-3165.9999999999964
2019.10.14,-32.999999999994145,407.0000000000018,1.0000000000065512,-161.99999999999548,-154.99999999999403,165.9999999999995,-246.00000000001288,-177.99999999999727,-185.00000000000182,165.00000000000404,-600.0000000000006,-733.0000000000059,-530.0000000000082,-438.00000000000506,-772.0000000000172,-121.99999999999989,-221.99999999999997,229.00000000001253,,-3408.0000000000077
2019.10.14,-95.99999999999609,336.00000000000296,12.000000000012001,-144.99999999999514,-173.9999999999964,126.99999999999933,-251.00000000000122,-223.99999999998954,-202.9999999999976,158.99999999999804,-452.00000000000796,-560.0000000000049,-363.0000000000022,-335.00000000001864,-687.0000000000153,-153.00000000000313,-262.00000000000665,207.00000000000162,,-3064.000000000021
2019.10.14,19.00000000000235,299.00000000000483,121.99999999999989,-154.99999999999403,-234.99999999999633,194.0000000000053,-204.00000000000418,-110.99999999999,-186.99999999999272,131.00000000000333,-490.00000000000153,-729.0000000000018,-241.00000000000233,-466.00000000001086,-804.0000000000047,-224.000000000002,-309.99999999999915,208.00000000000819,,-3182.9999999999754
2019.10.14,65.00000000000395,405.0000000000109,66.00000000001049,-139.9999999999846,-270.0000000000036,260.00000000000466,-116.00000000000499,-53.999999999987836,-229.99999999999687,170.00000000000347,-483.0000000000001,-716.0000000000056,-245.99999999999068,-599.0000000000161,-1004.0000000000049,-290.00000000000136,-395.0000000000009,232.00000000000998,,-3344.999999999954
2019.10.14,-7.9999999999968985,407.0000000000018,-15.00000000000945,-105.99999999998388,-253.99999999999866,263.0000000000021,-86.0000000000083,-155.00000000000114,-246.00000000000176,222.99999999999542,-548.9999999999995,-713.9999999999924,-161.99999999999548,-644.0000000000001,-1069.0000000000089,-270.99999999999903,-387.000000000004,226.99999999999943,,-3546.000000000001
2019.10.14,-173.9999999999964,405.9999999999952,-60.99999999999994,-186.99999999998164,-314.0000000000032,254.00000000000978,-239.99999999999577,-212.99999999999386,-443.99999999999994,271.9999999999945,-616.0000000000055,-676.0000000000099,-52.000000000007596,-900.0000000000119,-1152.0000000000198,-324.00000000000205,-397.0000000000029,150.00000000000568,,-4668.000000000025
2019.10.14,-147.99999999999258,485.0000000000021,-76.0000000000094,-252.99999999999213,-341.99999999999784,281.00000000000904,-215.00000000000963,-189.99999999999773,-439.99999999999596,358.0000000000028,-702.0000000000026,-714.999999999999,-127.99999999999478,-987.0000000000045,-1324.000000000014,-309.99999999999915,-381.0000000000091,170.00000000000347,,-4917.000000000001
2019.10.14,-129.00000000000134,439.99999999999596,-95.00000000000064,-232.99999999999432,-346.0000000000019,290.00000000000136,-136.00000000000279,-175.99999999998772,-441.99999999999795,358.9999999999982,-684.0000000000068,-695.0000000000011,-52.99999999999194,-1050.0000000000175,-1398.0000000000105,-344.99999999999534,-415.0000000000098,155.00000000001623,,-4953.000000000008
2019.10.14,-142.99999999999312,577.0000000000052,-113.00000000000753,-173.99999999998528,-356.9999999999962,362.00000000000676,-178.00000000001148,-183.9999999999975,-451.9999999999969,436.00000000000307,-680.0000000000028,-808.9999999999931,-15.00000000000945,-1092.000000000004,-1504.0000000000164,-375.9999999999986,-520.0000000000093,221.00000000000452,,-5001.000000000002
2019.10.14,-97.9999999999981,590.0000000000016,1.0000000000065512,-139.9999999999846,-341.0000000000024,372.0000000000057,-215.00000000000963,-187.99999999998818,-415.99999999999415,415.99999999999415,-658.9999999999985,-905.0000000000002,-173.00000000000094,-917.0000000000123,-1383.000000000001,-382.00000000000455,-511.0000000000059,274.00000000001864,,-4674.9999999999745
2019.10.14,-91.99999999999208,632.0000000000103,15.999999999993797,-117.99999999999588,-341.0000000000024,370.00000000000364,-198.99999999999363,-190.9999999999883,-414.00000000000324,398.9999999999938,-677.0000000000053,-1004.0000000000049,-231.0000000000034,-875.0000000000035,-1357.0000000000082,-395.0000000000009,-528.0000000000063,272.00000000000557,,-4733.000000000001
2019.10.14,-76.99999999999375,770.000000000004,-4.000000000004,-148.99999999999915,-339.99999999999585,339.0000000000004,-195.9999999999962,-201.99999999999818,-393.9999999999944,366.9999999999951,-868.000000000002,-1266.0000000000116,-591.0000000000082,-855.0000000000058,-1312.000000000002,-378.00000000000057,-502.00000000000244,248.00000000000378,,-5410.000000000012
2019.10.14,-62.99999999999084,594.99999999999,0.0,-223.99999999997976,-353.0000000000033,356.00000000000074,-151.9999999999966,-184.99999999998806,-380.999999999998,375.0000000000031,-768.9999999999975,-1025.9999999999936,-380.00000000000256,-896.000000000008,-1408.0000000000093,-339.99999999999585,-493.0000000000101,270.00000000001467,,-5073.9999999999645
2019.10.14,9.00000000000345,339.0000000000004,28.000000000005798,-264.9999999999819,-361.0000000000002,402.00000000000233,-131.99999999999878,-180.99999999999739,-363.99999999999767,375.0000000000031,-592.0000000000036,-744.9999999999957,-85.00000000000173,-863.0000000000138,-1436.000000000015,-314.99999999999864,-492.0000000000035,324.0000000000132,,-4353.99999999998
2019.10.14,-29.999999999996696,-25.00000000000835,41.000000000002146,-281.99999999998226,-334.00000000000097,390.0000000000015,-156.00000000000057,-266.9999999999959,-358.0000000000028,378.00000000000057,-372.0000000000057,-268.0000000000016,341.99999999999784,-820.0000000000207,-1432.0000000000111,-275.000000000003,-462.0000000000068,337.0000000000095,,-3593.000000000025
2019.10.14,-21.999999999999797,-285.00000000000193,45.000000000006146,-289.9999999999903,-337.99999999999386,412.00000000000125,-167.00000000000603,-246.9999999999999,-339.0000000000004,385.99999999999744,-253.99999999999866,-18.0000000000069,587.9999999999885,-777.0000000000055,-1425.0000000000095,-278.9999999999959,-482.00000000000466,358.9999999999982,,-3133.0000000000214
2019.10.14,-12.000000000000899,-32.0000000000098,9.999999999998899,-303.9999999999932,-307.0000000000017,326.9999999999995,-130.0000000000079,-274.9999999999915,-295.0000000000008,314.99999999999864,-423.0000000000067,-326.0000000000041,1.0000000000065512,-773.0000000000015,-1431.0000000000045,-212.99999999999653,-437.0000000000096,336.00000000000296,,-3969.0000000000227
2019.10.14,15.00000000000945,285.00000000000193,56.99999999999594,-337.99999999999386,-280.00000000000244,332.00000000001006,-134.00000000001188,-281.9999999999965,-243.99999999999977,307.99999999999716,-385.000000000002,-286.99999999999284,72.99999999998974,-607.0000000000019,-1224.000000000003,-166.99999999999494,-387.000000000004,380.00000000000256,,-2884.9999999999964
2019.10.14,64.0000000000085,235.00000000000742,43.999999999999595,-322.00000000000006,-236.99999999999832,312.00000000000114,-110.00000000001009,-256.9999999999908,-207.99999999999707,243.00000000000432,-384.00000000000654,-242.99999999999324,32.999999999994145,-504.0000000000156,-1164.0000000000095,-100.00000000000009,-348.00000000000387,391.000000000008,,-2555.000000000002
2019.10.14,87.99999999999919,242.99999999999324,32.0000000000098,-335.9999999999808,-200.99999999999562,302.0000000000023,-31.000000000003247,-190.9999999999883,-139.99999999999568,217.99999999999596,-694.0000000000057,-788.0000000000109,-692.0000000000038,-506.0000000000064,-1169.00000000002,-72.0000000000054,-318.00000000000716,378.00000000001165,,-3877.000000000011
2019.10.14,77.00000000000485,503.99999999999335,8.000000000008,-314.99999999999864,-165.00000000000404,268.0000000000016,-22.999999999995246,-187.99999999998818,-119.99999999999788,204.00000000000418,-614.9999999999989,-594.99999999999,-608.9999999999928,-443.0000000000156,-1075.0000000000036,-7.9999999999968985,-259.0000000000092,418.0000000000073,,-2935.9999999999714
2019.10.14,43.00000000000415,516.9999999999897,17.000000000000348,-315.99999999998295,-131.00000000000333,259.0000000000092,-56.000000000011596,-206.99999999999363,-97.00000000000264,200.99999999999562,-568.9999999999973,-469.0000000000083,-540.9999999999915,-375.0000000000142,-1035.0000000000082,21.999999999999797,-247.00000000000833,414.00000000000324,,-2570.0000000000196
2019.10.14,35.00000000000725,434.000000000001,8.000000000008,-328.9999999999793,-121.99999999999989,258.0000000000027,-68.00000000000139,-232.99999999998988,-107.99999999999699,224.000000000002,-561.0000000000003,-472.9999999999901,-529.0000000000017,-340.00000000000693,-1052.0000000000084,41.9999999999976,-250.00000000000577,414.00000000000324,,-2649.9999999999586
2019.10.14,45.000000000006146,401.99999999999125,11.00000000000545,-330.9999999999924,-126.99999999999933,269.00000000000813,-65.00000000000395,-218.9999999999941,-107.99999999999699,234.99999999999633,-475.0000000000032,-334.9999999999964,-354.9999999999942,-365.0000000000153,-1042.0000000000095,31.000000000003247,-240.00000000000688,411.0000000000058,,-2257.999999999996
2019.10.14,43.999999999999595,368.9999999999971,-11.999999999989797,-324.9999999999975,-136.99999999999824,257.0000000000072,-36.999999999998145,-194.99999999999318,-110.99999999999443,222.99999999999542,-480.99999999999807,-268.0000000000016,-296.9999999999917,-431.0000000000036,-1110.000000000011,17.999999999995797,-257.0000000000072,402.0000000000135,,-2347.9999999999754
2019.10.14,69.00000000000794,442.00000000000904,-1.0000000000065512,-352.9999999999811,-151.00000000000114,295.0000000000008,-1.0000000000065512,-152.00000000000102,-100.99999999999554,217.0000000000005,-543.0000000000045,-407.0000000000018,-412.9999999999967,-418.0000000000073,-1109.0000000000043,12.000000000000899,-256.0000000000007,407.0000000000018,,-2462.9999999999864
2019.10.14,131.99999999999878,578.9999999999961,45.99999999999049,-366.999999999984,-156.99999999999602,303.0000000000088,19.999999999997797,-105.99999999999454,-80.00000000000229,202.9999999999976,-592.0000000000036,-534.9999999999966,-581.0000000000093,-386.00000000001967,-1070.9999999999998,12.000000000000899,-251.00000000000122,416.00000000001637,,-2415.0000000000005
2019.10.14,150.00000000000568,634.0000000000013,59.000000000009045,-348.9999999999993,-154.99999999999403,304.9999999999997,14.999999999987246,-113.99999999999011,-65.99999999999939,204.99999999999963,-595.0000000000011,-540.0000000000072,-618.9999999999918,-378.00000000001165,-1080.9999999999986,14.000000000002899,-264.0000000000087,436.9999999999985,,-2341.999999999998
2019.10.14,60.00000000000449,133.99999999998968,49.99999999999449,-386.9999999999818,-146.99999999999713,280.00000000000244,-39.00000000001125,-189.99999999999773,-104.99999999999955,195.00000000000074,-562.0000000000069,-473.99999999999665,-590.0000000000016,-309.0000000000037,-1060.0000000000164,48.99999999999905,-237.00000000000944,414.00000000000324,,-2918.000000000028
2019.10.15,46.00000000000159,-150.00000000000568,18.999999999991246,-330.9999999999924,-159.9999999999935,294.00000000000534,-100.0000000000112,-177.99999999999727,-154.99999999999403,215.99999999999397,-238.0000000000049,-32.0000000000098,58.000000000002494,-392.00000000001455,-1096.0000000000082,-107.00000000000153,-375.0000000000031,371.00000000001023,,-2310.000000000031
2019.10.15,28.000000000005798,-96.00000000000719,38.0000000000047,-272.99999999998994,-137.9999999999937,261.0000000000001,-93.00000000000975,-176.9999999999925,-132.99999999999423,214.99999999999852,-80.00000000000229,306.9999999999906,411.99999999999017,-318.00000000001825,-1002.000000000014,-26.000000000003798,-317.0000000000006,391.000000000008,,-1001.0000000000284
2019.10.15,39.00000000000014,-86.99999999999264,35.00000000000725,-308.9999999999815,-112.99999999999643,241.00000000000233,-97.9999999999981,-178.99999999998784,-83.9999999999952,176.99999999999383,-172.00000000000549,245.0000000000063,262.00000000000665,-284.00000000001756,-937.00000000001,31.999999999998696,-221.99999999999997,398.00000000000944,,-1055.99999999996
2019.10.15,92.99999999999864,49.99999999999449,28.999999999990145,-296.9999999999917,-112.99999999999643,218.00000000000708,-8.000000000008,-144.99999999999602,-65.99999999999939,143.9999999999997,-246.99999999999721,95.00000000000064,62.000000000006494,-310.0000000000103,-968.0000000000133,29.000000000001247,-204.00000000000418,361.0000000000113,,-1277.0000000000068
2019.10.15,116.00000000000499,69.9999999999923,34.000000000000696,-309.99999999998806,-124.99999999999733,229.00000000000142,14.000000000002899,-137.00000000000045,-56.99999999999594,141.00000000000225,-250.00000000000577,112.000000000001,103.00000000000864,-327.00000000001063,-951.000000000013,31.000000000003247,-197.00000000000273,344.00000000001097,,-1159.9999999999857
2019.10.15,135.00000000000733,52.99999999999194,32.999999999994145,-297.9999999999983,-151.9999999999966,215.00000000000963,26.999999999999247,-178.99999999998784,-63.00000000000195,121.99999999999989,-223.00000000000654,99.00000000000463,181.9999999999933,-371.00000000001023,-867.0000000000177,-24.000000000001798,-207.00000000000162,322.00000000000006,,-1196.0000000000225
2019.10.15,108.00000000000809,113.00000000000753,55.000000000005045,-287.9999999999994,-202.9999999999976,232.00000000000998,-26.0000000000149,-140.99999999999113,-129.9999999999968,129.9999999999968,-219.00000000000253,78.00000000000028,225.00000000000853,-447.0000000000196,-987.0000000000045,-99.00000000000463,-272.00000000000557,323.0000000000066,,-1547.9999999999939
2019.10.15,75.00000000000284,95.00000000000064,43.999999999999595,-278.00000000000045,-227.99999999999488,230.000000000008,-36.0000000000138,-178.99999999998784,-178.99999999999582,168.00000000000148,-234.00000000000088,62.99999999999084,214.00000000000307,-560.0000000000049,-1021.0000000000052,-117.99999999999588,-274.00000000000756,306.00000000000625,,-1911.9999999999945
2019.10.15,94.00000000000519,-36.999999999998145,25.999999999992696,-290.9999999999968,-136.99999999999824,135.00000000000733,-22.0000000000109,-168.99999999999693,-95.99999999999609,61.999999999995396,-219.99999999999798,93.99999999999409,-68.00000000000139,-347.0000000000084,-873.0000000000126,4.999999999999449,-199.00000000000472,321.0000000000157,,-1722.0000000000123
2019.10.15,57.00000000000705,-123.00000000000644,-8.999999999992347,-244.9999999999841,-58.000000000002494,123.00000000000644,-5.999999999994898,-202.99999999998875,-19.999999999997797,54.999999999993946,-218.00000000000708,121.99999999999989,35.999999999991594,-229.00000000001253,-791.0000000000084,83.9999999999952,-143.00000000000423,369.0000000000193,,-1198.9999999999857
2019.10.15,68.00000000000139,25.00000000000835,9.999999999998899,-271.99999999998334,-58.000000000002494,132.0000000000099,-15.999999999993797,-165.99999999999682,-14.999999999998348,82.99999999999974,-206.00000000000617,124.99999999999733,-18.999999999991246,-189.00000000001694,-741.9999999999982,73.99999999999629,-131.00000000000333,334.00000000001205,,-962.9999999999668
2019.10.15,78.00000000000028,69.00000000000794,38.0000000000047,-320.9999999999935,-126.99999999999933,170.00000000000347,-36.0000000000138,-137.00000000000045,-92.00000000000318,109.99999999999899,-224.000000000002,134.99999999999625,76.0000000000094,-337.0000000000095,-827.0,27.999999999994696,-145.00000000000622,309.0000000000037,,-1233.0000000000086
2019.10.15,39.00000000000014,41.000000000002146,5.000000000010552,-345.99999999997965,-168.00000000000148,178.00000000000037,-41.000000000002146,-158.99999999999181,-153.00000000000313,124.99999999999733,-214.00000000000307,195.9999999999962,161.99999999999548,-485.0000000000021,-928.0000000000177,4.000000000004,-147.00000000000824,280.9999999999979,,-1610.000000000005
2019.10.15,37.00000000000925,-5.000000000010552,-8.999999999992347,-341.99999999999784,-161.99999999999548,206.00000000000617,-34.000000000000696,-164.00000000000148,-139.00000000000023,170.00000000000347,-219.99999999999798,252.99999999999213,287.9999999999994,-467.0000000000174,-941.9999999999984,5.999999999994898,-157.00000000000713,299.00000000000483,,-1382.0000000000093
2019.10.15,16.0000000000049,8.999999999992347,-18.999999999991246,-303.9999999999932,-137.9999999999937,226.99999999999943,-36.0000000000138,-198.99999999999807,-141.99999999999767,195.9999999999962,-223.00000000000654,215.99999999999397,279.99999999999136,-433.0000000000167,-998.00000000001,-0.999999999995449,-201.00000000000674,334.00000000001205,,-1416.000000000033
2019.10.15,28.000000000005798,-151.9999999999966,-7.0000000000014495,-317.9999999999961,-158.0000000000026,251.00000000000122,-46.999999999997044,-183.9999999999975,-141.00000000000225,219.99999999999798,-169.00000000000804,302.0000000000023,405.9999999999952,-425.0000000000087,-1057.000000000019,-9.00000000000345,-243.99999999999977,369.0000000000193,,-1335.0000000000107
2019.10.15,33.000000000005244,-150.99999999999002,14.000000000002899,-316.99999999998954,-158.0000000000026,267.00000000000614,-65.00000000000395,-172.9999999999876,-153.99999999999858,236.00000000000287,-104.00000000000409,371.99999999999454,534.9999999999966,-440.00000000001813,-1068.0000000000023,-24.000000000001798,-257.0000000000072,373.00000000000114,,-1080.9999999999964
2019.10.15,30.000000000007798,-153.00000000000313,-18.999999999991246,-310.9999999999946,-161.00000000000003,282.99999999999994,-53.999999999998494,-170.99999999999227,-158.99999999999804,253.0000000000032,-133.00000000000534,371.00000000001023,523.9999999999911,-464.00000000001995,-1157.000000000008,-28.000000000005798,-284.0000000000065,400.00000000000034,,-1233.0000000000105
2019.10.15,25.00000000000835,-428.00000000000614,-36.999999999998145,-389.99999999997925,-171.99999999999437,243.99999999999977,-59.99999999999339,-184.99999999998806,-144.99999999999514,217.99999999999596,-261.0000000000001,202.9999999999976,208.00000000000819,-467.0000000000174,-1191.0000000000086,-9.00000000000345,-291.0000000000079,383.0,,-2354.9999999999823
2019.10.15,26.999999999999247,-758.9999999999985,-146.00000000000168,-335.9999999999808,-163.00000000000205,282.99999999999994,-14.000000000002899,-224.99999999999432,-158.0000000000026,207.00000000000162,-24.999999999997247,638.0000000000052,836.9999999999989,-634.0000000000013,-1382.0000000000166,-19.00000000000235,-306.00000000000625,429.00000000001273,,-1745.999999999989
2019.10.15,116.00000000000499,-466.00000000001086,-79.00000000000685,-343.99999999998875,-173.00000000000094,289.0000000000059,31.999999999987594,-134.00000000000034,-75.9999999999983,173.00000000000094,0.0,560.0000000000049,740.9999999999917,-532.0000000000214,-1219.0000000000146,-24.999999999997247,-367.0000000000062,431.0000000000036,,-1073.0000000000457
2019.10.15,243.00000000000432,-499.9999999999893,68.00000000000139,-297.9999999999983,-234.00000000000088,358.0000000000028,99.99999999998899,9.000000000000341,-41.9999999999976,180.0000000000024,85.99999999999719,588.9999999999951,1001.9999999999918,-509.00000000000387,-1348.000000000016,-141.99999999999767,-465.9999999999998,500.00000000001154,,-404.00000000000756
2019.10.15,251.00000000000122,-469.0000000000083,9.999999999998899,-285.99999999998624,-243.00000000000432,390.0000000000015,140.99999999999113,4.0000000000048885,-78.00000000000028,195.9999999999962,54.999999999993946,587.0000000000042,1008.0000000000089,-579.0000000000184,-1469.000000000009,-139.00000000000023,-472.00000000000574,506.0000000000064,,-587.0000000000252
2019.10.15,182.00000000000438,-530.9999999999926,26.999999999999247,-335.9999999999808,-231.99999999999886,414.00000000000324,89.00000000000574,-6.000000000000227,-114.99999999999844,219.00000000000253,58.99999999999794,726.0000000000044,1046.999999999998,-580.0000000000027,-1487.0000000000161,-122.99999999999534,-476.0000000000098,563.0000000000024,,-559.9999999999771
2019.10.15,187.00000000000384,-357.99999999999164,49.00000000001015,-367.99999999999056,-239.99999999999577,425.0000000000087,1.999999999990898,20.000000000010232,-122.99999999999534,268.99999999999704,-165.9999999999995,174.00000000000747,407.0000000000018,-525.0000000000199,-1425.0000000000095,-85.99999999999719,-456.00000000000085,548.9999999999995,,-1664.9999999999704
2019.10.15,165.00000000000404,-296.9999999999917,150.00000000000568,-365.99999999999966,-268.0000000000016,437.0000000000096,-107.00000000001265,12.000000000000455,-141.99999999999767,319.99999999999807,-100.00000000000009,241.00000000000233,587.0000000000042,-459.0000000000094,-1347.0000000000093,-114.99999999999844,-468.00000000000176,545.0000000000177,,-1211.9999999999802
2019.10.15,82.99999999999974,-436.9999999999985,112.000000000001,-310.9999999999946,-302.9999999999977,404.0000000000044,-124.00000000001299,20.000000000010232,-241.99999999999778,290.00000000000136,90.0000000000012,472.00000000000574,853.9999999999992,-619.000000000014,-1472.0000000000066,-205.99999999999508,-537.0000000000097,511.000000000017,,-1414.999999999987
2019.10.15,65.99999999999939,-560.9999999999893,116.00000000000499,-304.9999999999997,-331.999999999999,426.9999999999996,-163.00000000000205,0.0,-275.99999999999847,370.00000000000364,182.99999999999983,709.0000000000041,1331.9999999999998,-711.0000000000172,-1532.0,-256.0000000000007,-573.0000000000013,473.0000000000123,,-1032.999999999984
2019.10.15,109.00000000000354,-401.00000000000693,143.00000000000423,-322.9999999999844,-348.9999999999993,517.0000000000008,-148.99999999999915,-28.999999999996362,-263.99999999999756,417.0000000000007,60.99999999999994,448.000000000004,1105.0000000000005,-651.0000000000016,-1606.0000000000184,-253.99999999999866,-665.9999999999999,516.0000000000053,,-1375.9999999999832
2019.10.15,106.00000000000608,-344.99999999999534,198.00000000000927,-308.9999999999815,-348.9999999999993,528.0000000000063,-191.00000000000784,-78.99999999999352,-275.000000000003,426.00000000000415,61.999999999995396,394.00000000000546,1038.0000000000057,-595.0000000000122,-1585.9999999999986,-278.9999999999959,-669.0000000000085,565.9999999999999,,-1358.9999999999636
2019.10.15,89.00000000000574,-258.0000000000027,218.99999999999142,-309.99999999998806,-344.99999999999534,535.0000000000077,-225.00000000000853,-105.99999999999454,-287.9999999999994,441.99999999999795,68.99999999999685,380.00000000000256,1075.9999999999882,-583.0000000000002,-1580.0000000000036,-285.9999999999974,-679.0000000000074,575.9999999999987,,-1274.0000000000082
2019.10.15,103.00000000000864,-344.00000000001097,226.99999999999943,-290.9999999999968,-395.0000000000009,564.000000000009,-202.00000000001327,-96.9999999999942,-280.9999999999979,443.0000000000045,114.99999999999844,249.99999999999466,953.0000000000039,-617.0000000000009,-1628.0000000000073,-338.00000000000495,-716.0000000000056,592.0000000000148,,-1661.9999999999998
2019.10.15,96.00000000000719,-493.0000000000101,217.0000000000005,-356.9999999999851,-358.9999999999982,548.0000000000041,-241.00000000000233,-137.00000000000045,-251.99999999999667,463.9999999999977,180.0000000000024,475.0000000000032,1131.9999999999998,-494.00000000001666,-1499.000000000006,-272.00000000000557,-664.000000000009,616.0000000000165,,-1039.9999999999986
2019.10.15,198.00000000000927,-286.00000000000847,337.0000000000095,-344.99999999999534,-446.9999999999974,609.000000000004,-212.99999999999653,-98.99999999998954,-297.9999999999983,456.9999999999963,148.99999999999915,353.0000000000033,1245.0000000000073,-613.0000000000191,-1565.0000000000164,-365.0000000000042,-731.9999999999993,553.0000000000035,,-1061.9999999999923
2019.10.15,126.99999999999933,-1343.9999999999895,39.999999999995595,-332.9999999999833,-443.0000000000045,504.9999999999999,-165.9999999999995,-236.99999999999477,-273.9999999999965,366.9999999999951,156.00000000000057,381.99999999999346,1322.000000000001,-819.0000000000142,-1650.0000000000182,-431.99999999999903,-780.000000000003,496.00000000000756,,-3083.0000000000105
2019.10.15,101.00000000000664,-1770.000000000005,-130.0000000000079,-148.99999999999915,-327.99999999999494,326.0000000000041,-7.0000000000014495,-432.9999999999927,-254.99999999999412,156.99999999999602,573.0000000000013,1465.0000000000052,2384.9999999999927,-898.000000000021,-1779.0000000000196,-365.99999999999966,-682.0000000000048,345.0000000000175,,-1445.0000000000168
2019.10.15,178.00000000000037,-1778.9999999999973,-126.99999999998823,-147.99999999999258,-266.999999999995,324.00000000000205,161.99999999999548,-533.9999999999918,-149.99999999999457,175.00000000000293,524.9999999999977,1368.999999999998,2212.999999999998,-796.0000000000189,-1500.0000000000125,-324.9999999999975,-567.0000000000064,355.0000000000164,,-891.9999999999841
2019.10.15,143.9999999999997,-1343.9999999999895,-96.99999999999153,-71.99999999998319,-310.9999999999946,402.00000000000233,161.99999999999548,-515.0000000000006,-215.99999999999397,280.9999999999979,453.99999999999886,1299.0000000000057,2327.999999999997,-954.0000000000103,-1661.0000000000014,-424.00000000000216,-641.0000000000027,392.9999999999989,,-771.9999999999743
2019.10.15,187.9999999999993,-1191.9999999999932,-49.99999999999449,-100.99999999999554,-383.99999999999545,442.00000000000904,34.99999999998504,-501.99999999999534,-244.99999999999523,304.9999999999997,505.99999999999534,1280.9999999999989,2449.999999999997,-1019.0000000000143,-1649.0000000000116,-466.9999999999952,-685.0000000000023,365.0000000000153,,-721.9999999999932
2019.10.15,226.99999999999943,-1368.999999999998,86.0000000000083,-65.99999999998829,-380.999999999998,464.00000000000887,43.999999999999595,-488.9999999999901,-232.99999999999432,292.9999999999988,629.9999999999973,1323.9999999999918,2530.9999999999945,-825.0000000000091,-1522.0000000000011,-473.0000000000012,-707.000000000002,421.0000000000047,,-44.99999999997874
2019.10.15,221.99999999999997,-1526.0000000000052,66.00000000001049,-37.99999999998249,-351.99999999999676,467.0000000000063,79.00000000000685,-493.9999999999998,-180.99999999999784,302.0000000000023,824.999999999998,1682.99999999999,2889.9999999999927,-802.0000000000139,-1521.0000000000168,-460.00000000000483,-701.0000000000072,434.000000000001,,892.9999999999832
2019.10.15,224.000000000002,-1594.0000000000066,-5.999999999994898,-28.999999999990145,-339.99999999999585,414.00000000000324,140.99999999999113,-490.99999999999966,-173.9999999999964,256.99999999999613,868.9999999999975,1845.0000000000077,3072.000000000008,-805.0000000000113,-1519.0000000000036,-436.9999999999985,-675.0000000000034,385.00000000001313,,1137.000000000018
2019.10.15,225.00000000000853,-1629.9999999999982,-31.000000000003247,-19.999999999997797,-309.0000000000037,408.00000000000836,167.00000000000603,-494.99999999999034,-159.9999999999935,249.99999999999466,861.9999999999961,1926.0000000000055,3092.000000000006,-843.0000000000159,-1497.000000000015,-429.0000000000016,-636.0000000000032,382.0000000000157,,1262.000000000019
2019.10.15,221.99999999999997,-1685.0000000000032,-43.999999999999595,-55.99999999998939,-370.9999999999991,417.0000000000007,187.99999999998818,-507.99999999999557,-197.00000000000273,261.99999999999557,866.0000000000001,1967.0000000000077,3198.9999999999964,-985.0000000000136,-1568.9999999999982,-460.00000000000483,-636.0000000000032,333.0000000000055,,942.9999999999848
2019.10.15,250.00000000000577,-1625.0000000000098,-42.999999999993044,-32.999999999994145,-365.99999999999966,409.0000000000038,228.99999999999034,-453.9999999999935,-195.00000000000074,224.9999999999974,863.9999999999981,1946.0000000000032,3254.0000000000014,-982.0000000000161,-1532.0,-473.99999999999665,-622.0000000000003,307.00000000001285,,1158.0000000000086
2019.10.15,272.00000000000557,-1716.0000000000064,-65.99999999998829,-45.99999999999049,-358.0000000000028,394.00000000000546,263.99999999999756,-453.9999999999935,-178.99999999999582,215.99999999999397,890.0000000000019,2065.000000000006,3371.9999999999973,-1019.0000000000143,-1524.9999999999986,-458.9999999999983,-602.0000000000025,297.0000000000139,,1346.000000000031
2019.10.15,278.00000000000045,-1584.0000000000077,-32.0000000000098,-49.99999999999449,-358.0000000000028,379.0000000000071,232.99999999999432,-454.9999999999983,-190.00000000000128,204.99999999999963,807.0000000000022,1855.999999999991,3167.999999999993,-989.0000000000176,-1472.0000000000066,-461.99999999999574,-587.9999999999997,268.0000000000016,,1013.9999999999546
2019.10.15,243.99999999999977,-1662.000000000008,-38.0000000000047,-29.999999999996696,-361.9999999999957,309.0000000000037,209.9999999999991,-471.9999999999942,-214.00000000000307,158.0000000000026,879.9999999999919,2025.0000000000102,3249.9999999999973,-939.0000000000009,-1385.9999999999984,-497.000000000003,-540.0000000000072,119.00000000000244,,1054.9999999999948
2019.10.16,178.00000000000037,-1659.0000000000105,-32.0000000000098,10.000000000021103,-400.9999999999958,323.0000000000066,113.99999999999189,-463.99999999999864,-275.99999999999847,160.00000000000458,909.9999999999997,1842.9999999999945,3218.999999999994,-1033.0000000000173,-1399.0000000000168,-565.9999999999999,-659.0000000000095,65.00000000000395,,332.99999999996
2019.10.16,174.00000000000747,-1631.999999999989,-32.999999999994145,-103.99999999999298,-402.00000000000233,79.00000000000685,137.9999999999937,-466.99999999999875,-307.0000000000017,-87.99999999999919,780.9999999999984,1754.9999999999955,2966.000000000002,-1072.0000000000064,-1487.0000000000161,-565.9999999999999,-606.0000000000065,-293.99999999999426,,-1164.9999999999977
2019.10.16,240.00000000000688,-1500.9999999999968,-31.000000000003247,-32.999999999994145,-368.00000000000165,151.00000000000114,200.00000000000017,-459.99999999999375,-217.0000000000005,-9.00000000000345,796.9999999999922,1801.9999999999925,3018.999999999994,-1006.000000000018,-1068.0000000000023,-490.999999999997,-407.0000000000018,-165.9999999999995,,451.9999999999748
2019.10.16,243.99999999999977,-1479.0000000000082,-35.999999999991594,-22.999999999995246,-373.00000000000114,208.00000000000819,219.99999999999798,-466.99999999999875,-212.99999999999653,41.9999999999976,785.0000000000024,1814.0000000000045,3107.9999999999995,-1025.0000000000093,-1175.000000000015,-499.000000000005,-469.0000000000083,-47.99999999998139,,613.9999999999994
2019.10.16,250.00000000000577,-1428.9999999999914,-26.999999999999247,-17.999999999984695,-392.00000000000347,281.00000000000904,221.99999999998886,-449.99999999998863,-234.00000000000088,117.99999999999588,768.9999999999975,1784.0000000000077,3116.0000000000077,-1066.0000000000114,-1249.0000000000111,-531.9999999999991,-486.00000000000864,58.000000000002494,,715.0000000000164
2019.10.16,229.00000000000142,-1421.0000000000057,-36.999999999998145,-49.99999999999449,-370.00000000000364,285.00000000000193,211.99999999998997,-452.99999999998875,-219.99999999999798,129.9999999999968,753.9999999999991,1770.9999999999893,3052.9999999999945,-1016.0000000000169,-1246.9999999999982,-477.0000000000052,-461.0000000000003,86.0000000000083,,767.9999999999724
2019.10.16,236.00000000000287,-1392.9999999999998,-29.999999999996696,-57.99999999998029,-397.0000000000029,320.00000000000915,190.99999999998562,-463.99999999999864,-239.99999999999577,165.9999999999995,720.9999999999939,1663.9999999999989,2990.999999999988,-1047.0000000000202,-1366.0000000000005,-517.0000000000008,-548.0000000000041,148.99999999999915,,377.99999999997834
2019.10.16,162.0000000000066,-1371.0000000000111,-17.000000000000348,-60.99999999999994,-507.0000000000019,380.00000000000256,109.00000000000354,-444.9999999999932,-402.9999999999978,221.99999999999997,713.9999999999924,1672.0000000000068,3020.0000000000005,-1331.0000000000155,-1560.000000000006,-649.999999999995,-633.0000000000058,112.000000000001,,-587.0000000000134
2019.10.16,169.00000000000804,-1306.9999999999916,-4.999999999988347,-89.99999999999008,-614.9999999999989,428.00000000000614,59.99999999999339,-432.9999999999927,-509.9999999999993,310.9999999999946,683.0000000000002,1593.0,3283.999999999998,-1523.0000000000077,-1737.0000000000107,-753.0000000000036,-713.0000000000081,28.000000000005798,,-1129.999999999985
2019.10.16,172.00000000000549,-1341.9999999999986,15.999999999993797,-93.99999999999409,-595.9999999999966,458.00000000000284,78.00000000000028,-396.0000000000008,-488.999999999995,332.99999999999443,730.9999999999927,1724.9999999999989,3420.000000000001,-1481.0000000000211,-1773.0000000000023,-731.9999999999993,-725.000000000009,92.00000000000318,,-603.0000000000238
2019.10.16,178.00000000000037,-1339.0000000000014,22.0000000000109,-91.99999999998099,-531.0000000000036,443.0000000000045,63.99999999999739,-384.9999999999909,-417.0000000000007,326.0000000000041,749.9999999999951,1741.999999999999,3336.99999999999,-1314.0000000000152,-1606.0000000000184,-648.0000000000041,-659.0000000000095,114.99999999999844,,-14.000000000024528
2019.10.16,182.99999999999983,-1381.00000000001,25.999999999992696,-100.99999999999554,-554.9999999999944,504.00000000000443,66.99999999999484,-381.9999999999908,-441.99999999999795,380.00000000000256,761.0000000000006,1758.9999999999995,3434.0000000000036,-1338.000000000017,-1695.000000000002,-670.000000000004,-703.0000000000092,157.00000000000713,,3.999999999984624
2019.10.16,140.0000000000068,-1330.9999999999934,-1.0000000000065512,-98.99999999998244,-549.9999999999949,522.0000000000002,75.99999999998718,-396.99999999999136,-468.9999999999972,402.00000000000233,739.9999999999962,1753.9999999999889,3445.000000000009,-1426.0000000000161,-1787.0000000000052,-687.0000000000043,-717.000000000001,180.0000000000024,,-204.9999999999991
2019.10.16,140.0000000000068,-1337.9999999999948,-5.999999999994898,-110.99999999999443,-573.0000000000013,519.0000000000028,76.99999999999375,-405.9999999999917,-486.999999999993,419.9999999999982,734.9999999999968,1777.0000000000064,3527.9999999999977,-1480.0000000000146,-1831.0000000000048,-692.0000000000038,-721.000000000005,164.00000000000858,,-284.99999999998766
2019.10.16,140.0000000000068,-1367.000000000007,-4.999999999988347,-109.99999999998789,-563.0000000000024,548.9999999999995,79.00000000000685,-406.9999999999965,-486.999999999993,443.99999999999994,749.9999999999951,1817.000000000002,3543.0000000000073,-1448.0000000000048,-1836.9999999999998,-709.9999999999995,-733.0000000000059,186.0000000000195,,-158.99999999994844
2019.10.16,129.00000000000134,-1366.0000000000005,-8.999999999992347,-95.00000000000064,-556.0000000000009,545.0000000000066,53.999999999998494,-397.99999999999613,-475.99999999999864,453.0000000000034,754.9999999999945,1827.000000000001,3540.999999999994,-1425.0000000000095,-1846.9999999999986,-690.9999999999972,-738.0000000000053,223.00000000001762,,-73.99999999998306
2019.10.16,138.00000000000477,-1398.9999999999948,-14.000000000002899,-95.00000000000064,-553.999999999999,518.0000000000074,62.99999999999084,-415.9999999999968,-485.0000000000021,426.9999999999996,764.9999999999934,1852.9999999999936,3499.0000000000077,-1432.0000000000111,-1853.0000000000157,-692.9999999999992,-731.9999999999993,219.99999999999798,,-190.00000000002623
2019.10.16,134.0000000000008,-1371.0000000000111,-45.99999999999049,-104.99999999999955,-546.000000000002,518.0000000000074,85.00000000000173,-414.0000000000015,-465.9999999999998,419.9999999999982,690.0000000000017,1726.0000000000052,3340.0000000000095,-1417.0000000000016,-1892.0000000000048,-666.9999999999953,-736.0000000000033,225.00000000000853,,-521.9999999999767
2019.10.16,56.0000000000005,-1611.9999999999911,-286.00000000000847,-120.99999999999334,-510.99999999999477,421.0000000000047,117.99999999999588,-551.9999999999925,-449.9999999999948,365.99999999999966,659.999999999994,1882.000000000006,3489.0000000000086,-1546.000000000003,-1948.0000000000164,-610.9999999999949,-726.0000000000044,199.00000000001583,,-1171.9999999999686
2019.10.16,59.000000000009045,-1672.0000000000068,-245.0000000000063,-107.99999999999699,-471.99999999999466,446.00000000000193,134.99999999999625,-545.9999999999923,-437.999999999994,387.000000000004,464.9999999999932,1550.9999999999914,3025.9999999999955,-1521.0000000000168,-1948.0000000000164,-575.9999999999987,-662.000000000007,187.00000000000384,,-1932.0000000000352
2019.10.16,-7.0000000000014495,-1346.0000000000027,-218.99999999999142,-189.99999999997908,-517.0000000000008,402.00000000000233,28.000000000005798,-576.9999999999982,-510.99999999999477,343.00000000000443,286.99999999999284,1143.0000000000052,2573.000000000003,-1591.000000000009,-1789.0000000000184,-583.9999999999957,-584.0000000000067,70.99999999999883,,-3067.9999999999854
2019.10.16,24.000000000001798,-946.0000000000024,-107.99999999999699,-231.99999999998778,-551.0000000000015,437.0000000000096,24.999999999986144,-493.9999999999998,-500.00000000000045,402.9999999999978,203.99999999999307,818.0000000000076,2265.000000000006,-1523.0000000000077,-1903.0000000000102,-595.0000000000011,-637.0000000000098,114.99999999999844,,-3198.000000000017
2019.10.16,91.00000000000774,-1249.9999999999955,-72.0000000000054,-221.99999999998886,-568.9999999999973,518.0000000000074,41.000000000002146,-430.9999999999974,-519.0000000000028,437.999999999994,330.9999999999924,1194.9999999999905,2726.9999999999905,-1510.0000000000114,-1948.0000000000164,-624.0000000000023,-695.0000000000011,182.99999999999983,,-2316.0000000000337
2019.10.16,67.00000000000594,-1262.9999999999918,-59.000000000009045,-183.99999999998417,-546.000000000002,495.000000000001,42.999999999993044,-509.9999999999909,-478.9999999999961,421.0000000000047,496.99999999999187,1463.9999999999986,2859.999999999996,-1450.000000000018,-1934.0000000000134,-609.000000000004,-707.000000000002,257.0000000000183,,-1637.0000000000018
2019.10.16,52.000000000007596,-1269.000000000009,-65.99999999998829,-213.99999999998087,-504.9999999999999,530.0000000000082,-15.999999999993797,-510.9999999999957,-456.00000000000085,434.000000000001,91.99999999999208,655.0000000000056,1922.0000000000016,-1299.0000000000057,-1964.0000000000102,-551.0000000000015,-774.000000000008,330.0000000000081,,-3609.99999999997
2019.10.16,139.00000000000023,-1627.0000000000007,-82.99999999998863,-184.99999999999073,-524.0000000000023,613.000000000008,102.99999999998644,-399.9999999999915,-426.9999999999996,461.99999999999574,492.999999999999,1374.999999999993,2723.0000000000086,-1419.0000000000148,-2265.000000000006,-590.999999999997,-862.0000000000072,434.000000000001,,-2041.0000000000068
2019.10.16,63.00000000000195,-1428.9999999999914,-156.00000000000057,-141.99999999999767,-527.9999999999951,661.0000000000005,56.99999999999594,-477.99999999999443,-488.999999999995,539.0000000000006,573.0000000000013,1654.0,3242.999999999996,-1571.0000000000114,-2397.0000000000045,-614.9999999999989,-892.0000000000039,470.9999999999992,,-1435.9999999999977
2019.10.16,72.0000000000054,-1388.999999999996,-62.99999999999084,-169.99999999998127,-575.0000000000033,681.0000000000093,43.999999999999595,-459.99999999999375,-504.9999999999999,600.0000000000006,583.0000000000002,1530.9999999999934,3102.999999999989,-1481.0000000000211,-2407.0000000000036,-665.0000000000044,-953.9999999999993,486.00000000000864,,-1568.9999999999877
2019.10.16,170.00000000000347,-1655.999999999991,-25.999999999992696,-142.99999999998204,-575.9999999999987,695.0000000000011,70.99999999999883,-466.99999999999875,-458.00000000000284,573.0000000000013,707.9999999999975,1665.0000000000055,3205.9999999999977,-1474.0000000000198,-2562.00000000002,-717.000000000001,-1078.0000000000011,569.0000000000194,,-1499.9999999999827
2019.10.16,137.00000000000932,-1313.999999999993,5.000000000010552,-53.999999999998494,-602.999999999998,752.0000000000082,34.000000000000696,-485.99999999999,-522.9999999999957,622.0000000000003,630.9999999999927,1448.999999999989,3231.000000000006,-1501.000000000019,-2435.0000000000095,-775.9999999999989,-1063.0000000000027,508.00000000001955,,-1385.9999999999688
2019.10.16,64.0000000000085,-2181.999999999995,-93.99999999999409,-121.99999999999989,-639.0000000000007,755.0000000000057,-22.0000000000109,-586.9999999999891,-581.9999999999936,661.9999999999959,666.9999999999953,1540.9999999999923,3469.9999999999955,-1689.0000000000073,-2645.0000000000086,-790.0000000000018,-1092.000000000004,476.0000000000098,,-2809.000000000002
2019.10.16,-13.999999999991797,-1993.0000000000002,-173.00000000000094,-333.9999999999899,-609.000000000004,702.0000000000026,-56.99999999999594,-566.9999999999931,-634.0000000000013,675.9999999999989,805.9999999999956,2042.9999999999948,3858.000000000006,-1702.0000000000034,-2646.9999999999995,-763.0000000000026,-1034.0000000000016,469.0000000000083,,-1972.999999999979
2019.10.16,-12.999999999996348,-1930.9999999999939,-131.99999999999878,-276.9999999999939,-604.0000000000045,743.0000000000048,11.999999999989797,-557.9999999999927,-609.9999999999994,720.9999999999939,844.9999999999958,2381.9999999999955,4030.0000000000005,-1716.0000000000064,-2728.000000000019,-675.9999999999989,-996.000000000008,509.00000000000387,,-999.0000000000275
2019.10.16,7.0000000000014495,-2269.999999999994,-217.0000000000005,-228.99999999999034,-637.9999999999941,759.0000000000097,85.99999999998609,-578.9999999999935,-634.9999999999967,749.9999999999951,1015.9999999999947,2612.9999999999986,4515.000000000003,-1903.0000000000102,-2927.0000000000127,-748.9999999999997,-1087.0000000000045,535.0000000000188,,-952.9999999999899
2019.10.16,-1.999999999990898,-2327.999999999997,-246.99999999999721,-265.99999999998846,-587.0000000000042,709.9999999999995,110.99999999999443,-644.999999999996,-588.9999999999951,683.9999999999957,961.9999999999961,2631.0000000000055,4293.999999999998,-1839.0000000000127,-2792.000000000017,-633.0000000000058,-937.00000000001,491.0000000000192,,-982.0000000000053
2019.10.16,26.000000000003798,-1957.0000000000086,-208.00000000000819,-200.00000000000017,-539.999999999996,604.0000000000045,85.99999999998609,-652.000000000001,-530.9999999999926,544.9999999999955,802.9999999999982,2157.000000000009,3709.999999999991,-1657.0000000000196,-2545.0000000000196,-621.0000000000049,-874.0000000000081,433.0000000000167,,-1421.0000000000537
2019.10.16,-4.999999999999449,-2141.9999999999995,-316.0000000000052,-39.999999999995595,-449.9999999999948,574.0000000000078,144.99999999999514,-664.999999999992,-419.00000000000273,563.9999999999978,871.999999999995,2134.999999999998,3777.9999999999923,-1447.0000000000205,-2410.000000000001,-610.9999999999949,-887.9999999999999,506.0000000000064,,-819.000000000013
2019.10.16,-43.999999999999595,-2564.999999999995,-455.99999999998977,13.000000000018552,-378.00000000000057,508.00000000000847,238.0000000000049,-670.9999999999923,-391.9999999999924,519.9999999999983,1008.9999999999932,2571.9999999999964,4190.999999999989,-1582.0000000000168,-2568.0000000000146,-597.9999999999985,-902.0000000000028,500.00000000001154,,-604.9999999999811
2019.10.16,-112.99999999999643,-2451.000000000003,-523.9999999999911,63.000000000013046,-329.00000000000153,441.0000000000025,276.9999999999939,-676.9999999999925,-363.99999999999767,500.9999999999959,1031.9999999999995,2791.9999999999945,4197.999999999991,-1531.0000000000157,-2411.0000000000077,-499.000000000005,-781.0000000000094,506.0000000000064,,129.9999999999779
2019.10.16,-134.0000000000008,-2485.000000000004,-540.0000000000072,104.00000000001519,-263.0000000000021,389.000000000006,272.00000000000557,-714.9999999999892,-364.9999999999931,461.99999999999574,974.9999999999925,2729.0000000000036,4093.9999999999977,-1470.0000000000157,-2318.00000000002,-446.9999999999974,-708.0000000000086,419.9999999999982,,-2.3305801732931286e-11
2019.10.16,-134.0000000000008,-2347.00000000001,-497.99999999999847,84.0000000000174,-282.0000000000045,390.0000000000015,245.0000000000063,-722.999999999999,-373.00000000000114,468.00000000000176,990.000000000002,2715.000000000001,4089.000000000009,-1463.0000000000143,-2237.0,-465.9999999999998,-695.0000000000011,422.00000000001125,,185.00000000002035
2019.10.16,-145.9999999999906,-2490.9999999999986,-465.0000000000043,42.0000000000087,-320.9999999999935,398.00000000000944,150.00000000000568,-742.999999999995,-419.9999999999982,473.0000000000012,834.0000000000014,2256.9999999999977,3668.0000000000045,-1450.000000000018,-2216.0000000000177,-487.0000000000041,-689.0000000000063,392.9999999999989,,-1212.9999999999989
2019.10.16,-159.9999999999935,-2181.000000000011,-411.99999999999017,52.000000000007596,-302.0000000000023,406.00000000000637,146.00000000000168,-774.9999999999915,-412.00000000000125,498.9999999999939,927.9999999999955,2540.000000000009,3896.999999999995,-1392.9999999999998,-2168.9999999999986,-455.0000000000054,-678.0000000000008,392.00000000001455,,-76.99999999997027
2019.10.16,-154.99999999999403,-2201.0000000000086,-438.00000000000506,59.000000000009045,-285.00000000000193,383.0,153.9999999999875,-808.9999999999975,-387.99999999999943,470.9999999999992,909.9999999999997,2523.9999999999927,3832.9999999999977,-1392.0000000000155,-2156.0000000000023,-444.9999999999954,-678.0000000000008,409.0000000000149,,-204.00000000001944
2019.10.16,-143.9999999999997,-2210.000000000001,-453.99999999999886,43.00000000001525,-271.9999999999945,359.0000000000093,201.00000000000674,-786.9999999999919,-391.9999999999924,454.9999999999943,919.9999999999986,2632.9999999999964,3862.00000000001,-1379.000000000019,-2084.000000000019,-405.9999999999952,-613.000000000008,375.9999999999986,,108.00000000000995
2019.10.16,-134.99999999999625,-2144.999999999997,-449.9999999999948,-14.999999999987246,-271.9999999999945,348.00000000000387,214.00000000000307,-786.0000000000014,-373.99999999999653,436.9999999999985,870.9999999999995,2605.9999999999973,3800.9999999999877,-1395.000000000013,-2043.000000000017,-383.99999999999545,-564.000000000009,338.0000000000161,,52.000000000003695
2019.10.16,-139.00000000000023,-2059.000000000011,-436.9999999999985,-39.999999999995595,-278.00000000000045,352.00000000000784,201.00000000000674,-807.9999999999927,-383.0,441.0000000000025,873.999999999997,2635.999999999994,3788.9999999999977,-1398.0000000000105,-2040.0000000000196,-375.9999999999986,-538.0000000000051,311.0000000000168,,107.9999999999913
2019.10.16,-147.99999999999258,-2088.000000000001,-435.9999999999919,-12.999999999996348,-315.9999999999941,330.0000000000081,167.00000000000603,-796.999999999997,-407.0000000000018,431.0000000000036,883.9999999999959,2595.999999999998,3770.000000000007,-1383.000000000001,-1988.000000000012,-424.9999999999976,-539.0000000000006,283.000000000011,,-78.99999999995646
2019.10.17,-175.99999999999838,-2115.0,-415.0000000000098,-54.99999999998284,-356.9999999999962,365.0000000000042,102.99999999998644,-784.9999999999966,-456.00000000000085,436.00000000000307,932.999999999995,2495.0000000000027,3716.9999999999927,-1416.0000000000173,-2144.0000000000127,-477.0000000000052,-648.0000000000041,192.99999999999872,,-802.0000000000415
2019.10.17,-166.99999999999494,-2055.000000000007,-418.0000000000073,-10.999999999983245,-359.99999999999363,350.00000000000585,143.99999999998857,-734.9999999999994,-480.99999999999807,432.9999999999945,863.9999999999981,2461.0000000000023,3773.9999999999886,-1527.0000000000116,-2121.0000000000173,-480.0000000000027,-633.0000000000058,219.00000000001364,,-743.0000000000293
2019.10.17,-165.9999999999995,-2038.999999999991,-442.00000000000904,-5.999999999994898,-324.9999999999975,346.0000000000019,177.00000000000495,-793.9999999999969,-458.00000000000284,424.00000000000216,868.000000000002,2507.999999999999,3793.000000000002,-1500.0000000000125,-2043.000000000017,-434.9999999999965,-562.0000000000069,228.00000000000597,,-426.0000000000063
2019.10.17,-193.99999999999417,-2027.000000000001,-448.9999999999883,-10.999999999983245,-329.00000000000153,346.0000000000019,146.00000000000168,-798.9999999999924,-468.9999999999972,448.9999999999994,835.9999999999923,2530.00000000001,3780.99999999999,-1532.0,-2054.0000000000005,-431.99999999999903,-558.000000000003,262.00000000000665,,-503.99999999995765
2019.10.17,-226.99999999999943,-2031.9999999999893,-458.00000000000284,-15.999999999993797,-343.00000000000443,352.00000000000784,129.99999999998568,-845.9999999999894,-483.0000000000001,463.0000000000023,841.0000000000028,2561.9999999999977,3838.000000000008,-1568.0000000000139,-2080.9999999999995,-463.0000000000023,-568.0000000000018,272.00000000000557,,-626.9999999999872
2019.10.17,-195.00000000000074,-2034.0000000000025,-459.0000000000094,-37.99999999998249,-322.00000000000006,345.0000000000064,153.00000000000313,-803.9999999999878,-458.00000000000284,463.0000000000023,856.9999999999967,2604.0000000000064,3828.000000000009,-1513.0000000000089,-2075.0000000000045,-414.9999999999987,-556.0000000000009,284.00000000001756,,-334.9999999999574
2019.10.17,-217.0000000000005,-2082.000000000006,-475.0000000000032,-57.99999999998029,-336.00000000000296,336.00000000000296,133.00000000000534,-846.9999999999942,-507.0000000000019,466.9999999999952,844.9999999999958,2602.9999999999995,3787.000000000007,-1541.0000000000146,-2141.000000000015,-436.00000000000307,-585.0000000000022,171.00000000001003,,-883.000000000008
2019.10.17,-313.99999999999204,-2130.999999999994,-533.0000000000057,-9.999999999998899,-317.9999999999961,255.00000000000523,99.00000000000463,-951.9999999999982,-483.99999999999557,395.0000000000009,802.9999999999982,2570.0000000000055,3052.9999999999945,-1468.0000000000027,-2107.9999999999986,-400.00000000000034,-542.0000000000091,205.00000000001074,,-1879.999999999972
2019.10.17,-334.00000000000097,-2099.999999999991,-529.0000000000017,-28.999999999990145,-102.00000000000209,280.00000000000244,58.99999999998684,-1021.0000000000008,-334.9999999999964,480.0000000000027,824.999999999998,2632.9999999999964,3066.9999999999977,-1080.0000000000143,-2234.0000000000027,-126.0000000000039,-581.0000000000093,639.0000000000118,,-488.00000000001796
2019.10.17,-329.999999999997,-2042.0000000000105,-493.99999999999443,-41.99999999998649,-76.99999999999375,373.00000000000114,36.999999999998145,-1051.9999999999925,-309.99999999999915,561.9999999999958,830.9999999999928,2624.000000000004,3027.000000000002,-1002.000000000014,-2173.0000000000027,-89.00000000000574,-572.0000000000058,702.0000000000026,,-27.000000000005798
2019.10.17,-314.99999999999864,-2049.9999999999964,-485.0000000000021,-39.999999999995595,-49.99999999999449,321.0000000000046,34.99999999998504,-1036.9999999999918,-270.99999999999903,493.99999999999443,839.9999999999964,2620.0,3065.000000000007,-874.0000000000192,-2118.00000000002,-48.99999999999905,-564.000000000009,703.0000000000092,,224.99999999997118
2019.10.17,-291.99999999999227,-2048.9999999999895,-473.99999999999665,-36.999999999998145,-26.999999999999247,280.00000000000244,66.99999999999484,-980.9999999999945,-247.99999999999267,439.0000000000005,844.9999999999958,2642.9999999999955,3044.0000000000023,-845.0000000000068,-1901.0000000000193,-34.000000000000696,-460.00000000000483,630.0000000000194,,600.0000000000159
2019.10.17,-312.00000000000114,-2025.9999999999945,-458.00000000000284,-40.99999999997994,-46.00000000000159,300.0000000000003,34.000000000000696,-995.9999999999951,-261.99999999999557,471.99999999999466,839.9999999999964,2597.999999999989,3075.0000000000055,-877.0000000000166,-1887.0000000000164,-51.000000000001044,-459.0000000000094,618.0000000000074,,521.9999999999807
2019.10.17,-309.99999999999915,-2024.0000000000036,-470.9999999999992,-32.999999999994145,-46.999999999997044,281.00000000000904,53.999999999998494,-995.9999999999951,-275.99999999999847,463.9999999999977,837.9999999999943,2610.0000000000014,3098.000000000001,-887.0000000000156,-1896.0000000000089,-58.000000000002494,-457.0000000000074,591.0000000000082,,480.9999999999899
2019.10.17,-298.9999999999937,-2011.0000000000073,-459.99999999999375,-45.99999999999049,-44.99999999999504,287.0000000000039,48.99999999998794,-983.9999999999947,-261.99999999999557,453.0000000000034,839.0000000000009,2604.9999999999905,3065.000000000007,-871.0000000000217,-1862.0000000000082,-48.000000000003595,-439.0000000000005,585.9999999999976,,556.9999999999872
2019.10.17,-271.9999999999945,-2008.0000000000098,-452.99999999999227,-84.99999999997954,-34.000000000000696,300.0000000000003,65.00000000000395,-942.9999999999978,-234.99999999999633,463.0000000000023,837.9999999999943,2621.999999999991,3072.000000000008,-830.0000000000196,-1970.000000000005,-38.0000000000047,-491.0000000000081,624.0000000000023,,624.9999999999941
2019.10.17,-259.9999999999936,-1974.9999999999934,-452.99999999999227,-92.99999999998754,-41.000000000002146,340.00000000000693,80.99999999999774,-926.9999999999925,-234.99999999999633,490.999999999997,773.9999999999969,2519.999999999989,2842.9999999999955,-846.0000000000134,-1994.0000000000068,-11.00000000000545,-473.0000000000012,675.0000000000034,,416.00000000000085
2019.10.17,-261.0000000000001,-1880.9999999999993,-443.99999999999994,-84.99999999997954,-46.999999999997044,341.0000000000024,34.000000000000696,-925.9999999999877,-222.99999999999542,478.9999999999961,422.9999999999956,1757.999999999993,2063.999999999999,-812.0000000000127,-2012.0000000000139,-12.999999999996348,-524.0000000000023,699.0000000000052,,-1429.999999999993
2019.10.17,-265.99999999999955,-1591.9999999999934,-435.9999999999919,-110.99999999999443,-83.9999999999952,370.9999999999991,17.000000000000348,-944.9999999999932,-287.9999999999994,504.9999999999999,449.9999999999948,1835.0000000000089,2228.0000000000077,-892.0000000000039,-2034.0000000000025,-73.00000000000084,-519.0000000000028,693.0000000000102,,-1140.9999999999561
2019.10.17,-312.9999999999966,-1503.9999999999943,-408.00000000000836,-85.99999999998609,-115.99999999999389,362.00000000000676,-49.99999999999449,-978.9999999999992,-351.0000000000013,531.9999999999991,447.99999999999284,1817.000000000002,2280.9999999999995,-960.0000000000053,-2065.000000000006,-119.00000000000244,-558.000000000003,633.0000000000168,,-1435.9999999999736
2019.10.17,-413.99999999999216,-1700.999999999997,-510.99999999999477,-78.00000000000028,-114.00000000000298,263.0000000000021,-59.99999999999339,-1140.0000000000005,-344.99999999999534,470.9999999999992,530.9999999999926,1964.9999999999945,2516.9999999999914,-972.0000000000173,-1937.000000000011,-105.99999999999498,-530.0000000000082,524.0000000000133,,-1637.000000000014
2019.10.17,-464.9999999999932,-1768.9999999999984,-550.000000000006,6.000000000017103,-53.999999999998494,211.00000000000563,-70.99999999999883,-1188.999999999993,-363.99999999999767,405.9999999999952,546.9999999999975,2012.9999999999982,2383.000000000002,-992.0000000000151,-1896.0000000000089,-94.00000000000519,-435.0000000000076,528.0000000000174,,-1784.9999999999895
2019.10.17,-363.99999999999767,-1703.9999999999943,-472.9999999999901,67.00000000001705,17.999999999995797,102.00000000000209,-53.00000000001415,-1098.9999999999895,-210.99999999999451,285.00000000000193,541.0000000000026,1807.000000000003,2123.000000000008,-734.0000000000124,-1611.0000000000068,-36.999999999998145,-378.00000000000057,434.000000000001,,-1286.999999999966
2019.10.17,-373.00000000000114,-2116.999999999991,-614.0000000000034,103.00000000000864,62.000000000006494,14.000000000002899,-32.999999999994145,-1149.000000000001,-195.9999999999962,232.99999999999432,564.9999999999933,1892.0000000000048,2136.0000000000045,-652.0000000000082,-1427.0000000000005,4.999999999999449,-299.00000000000483,399.00000000001603,,-1450.99999999997
2019.10.17,-339.99999999999585,-2459.9999999999955,-692.9999999999881,226.00000000001506,153.00000000000313,43.00000000000415,168.99999999999693,-1059.9999999999882,-70.99999999999883,227.99999999999488,581.9999999999936,1974.9999999999934,2187.99999999999,-658.0000000000031,-1544.000000000012,36.999999999998145,-317.0000000000006,530.0000000000082,,-1011.9999999999848
2019.10.17,-415.99999999999415,-3679.00000000001,-1083.9999999999961,287.9999999999994,287.9999999999994,-57.99999999999139,251.00000000000122,-1227.9999999999945,60.99999999999994,115.99999999999389,903.9999999999937,2672.0000000000077,2706.9999999999927,-694.0000000000168,-1863.999999999999,177.00000000000495,-309.0000000000037,669.0000000000085,,-1199.0000000000055
2019.10.17,-461.0000000000003,-3119.000000000005,-937.00000000001,306.00000000000625,358.0000000000028,-47.9999999999925,292.9999999999877,-1213.9999999999986,63.99999999999739,154.99999999999403,978.0000000000011,3041.999999999989,2939.0000000000027,-546.000000000002,-1747.0000000000095,224.000000000002,-259.0000000000092,691.0000000000193,,718.9999999999741
2019.10.17,-486.999999999993,-2794.999999999992,-882.9999999999893,253.00000000001432,368.00000000000165,-69.9999999999923,160.99999999998892,-1228.999999999999,24.000000000001798,226.00000000000398,883.0000000000005,2817.0000000000027,2496.000000000009,-455.0000000000054,-1653.0000000000155,261.99999999999557,-263.0000000000021,724.0000000000135,,379.0000000000438
2019.10.17,-634.9999999999967,-2658.000000000005,-923.9999999999915,206.00000000001728,382.00000000000455,-74.99999999999174,58.99999999998684,-1330.9999999999889,-49.99999999999449,271.9999999999945,742.9999999999936,2604.0000000000064,2210.000000000001,-497.0000000000141,-1580.0000000000036,310.9999999999946,-202.0000000000022,684.000000000018,,-480.99999999997203
2019.10.17,-674.9999999999923,-2625.0000000000105,-941.9999999999984,250.00000000001688,392.9999999999989,-84.99999999999064,65.00000000000395,-1403.9999999999964,-54.999999999993946,302.0000000000023,714.999999999999,2594.0000000000073,2300.9999999999973,-479.0000000000072,-1601.000000000008,317.9999999999961,-201.00000000000674,666.000000000011,,-462.9999999999694
2019.10.17,-731.9999999999993,-2367.000000000008,-917.9999999999966,189.00000000001694,265.0000000000041,-75.9999999999983,-130.0000000000079,-1417.9999999999923,-222.99999999999542,353.99999999999875,212.00000000000108,1509.0000000000048,1357.0000000000082,-549.0000000000217,-1591.000000000009,202.0000000000022,-243.00000000000432,569.0000000000194,,-3589.999999999977
2019.10.17,-761.999999999996,-1910.9999999999961,-885.0000000000025,303.0000000000088,316.0000000000052,-106.99999999999044,-99.00000000000463,-1448.9999999999982,-207.99999999999707,351.99999999999676,298.9999999999937,1557.0000000000084,1458.0000000000036,-578.0000000000118,-1544.000000000012,143.00000000000423,-290.00000000000136,569.0000000000194,,-2835.9999999999714
2019.10.17,-854.9999999999947,-2198.9999999999955,-927.9999999999955,342.00000000002007,307.0000000000017,-161.00000000000003,-141.99999999999767,-1490.9999999999995,-263.0000000000021,314.99999999999864,317.9999999999961,1635.0000000000086,1614.9999999999886,-595.0000000000122,-1531.0000000000157,148.99999999999915,-245.0000000000063,511.000000000017,,-3217.9999999999886
2019.10.17,-868.9999999999975,-2188.9999999999964,-988.9999999999955,369.0000000000193,353.0000000000033,-193.99999999999417,-83.00000000001084,-1420.9999999999923,-207.99999999999707,324.00000000000205,353.99999999999875,1841.0000000000036,1724.9999999999989,-613.0000000000191,-1441.0000000000034,175.99999999999838,-171.00000000001003,502.00000000000244,,-2533.9999999999895
2019.10.17,-878.000000000001,-2533.999999999992,-960.9999999999897,501.0000000000181,348.9999999999993,-213.99999999999199,-146.00000000000168,-1476.9999999999895,-239.0000000000003,319.99999999999807,542.9999999999935,1960.0000000000061,2082.000000000006,-582.0000000000158,-1366.0000000000005,80.99999999999774,-239.0000000000003,441.0000000000025,,-2358.999999999962
2019.10.17,-918.999999999992,-2459.9999999999955,-902.0000000000028,546.000000000002,304.00000000000426,-181.9999999999933,-215.99999999999397,-1507.9999999999955,-315.9999999999941,339.0000000000004,680.0000000000028,2044.0000000000014,2411.999999999992,-626.9999999999998,-1355.0000000000173,-41.9999999999976,-306.00000000000625,394.00000000000546,,-2113.9999999999814
2019.10.17,-875.999999999999,-2441.000000000004,-909.9999999999886,597.0000000000031,280.9999999999979,-213.99999999999199,-201.00000000000674,-1506.999999999991,-309.99999999999915,309.0000000000037,534.0000000000011,1699.0000000000061,2098.0,-652.0000000000082,-1250.0000000000177,-55.000000000005045,-267.00000000000614,362.00000000001785,,-2802.9999999999877
2019.10.17,-931.9999999999995,-2516.0000000000073,-974.9999999999925,620.0000000000206,355.0000000000053,-242.99999999999324,-148.99999999999915,-1452.9999999999886,-285.9999999999974,309.0000000000037,602.999999999998,1988.9999999999964,2300.9999999999973,-654.0000000000213,-1246.9999999999982,-4.999999999999449,-232.00000000000998,327.00000000001063,,-2187.999999999975
2019.10.17,-949.9999999999953,-2390.000000000003,-1000.0000000000009,634.0000000000013,358.9999999999982,-265.99999999999955,-158.99999999999804,-1476.9999999999895,-287.9999999999994,321.0000000000046,581.9999999999936,1941.9999999999993,2228.9999999999923,-666.000000000011,-1179.0000000000189,21.00000000000435,-190.00000000000128,310.0000000000103,,-2167.0000000000127
2019.10.17,-949.9999999999953,-2455.0000000000073,-1007.0000000000024,626.9999999999998,365.0000000000042,-281.99999999999335,-153.00000000000313,-1474.9999999999943,-278.9999999999959,297.9999999999983,639.9999999999961,2136.0000000000045,2404.000000000006,-651.0000000000016,-1175.000000000015,34.000000000000696,-153.00000000000313,311.0000000000168,,-1764.9999999999845
2019.10.17,-925.9999999999935,-2385.999999999999,-967.9999999999911,579.0000000000184,322.00000000000006,-223.99999999999088,-181.9999999999933,-1443.9999999999884,-308.9999999999926,356.9999999999962,625.9999999999932,2109.9999999999895,2415.999999999996,-670.000000000015,-1280.9999999999989,7.9999999999968985,-218.00000000000708,350.00000000000585,,-1839.9999999999745
2019.10.17,-934.0000000000015,-2490.9999999999986,-967.9999999999911,605.0000000000111,343.00000000000443,-218.99999999999142,-165.00000000001512,-1518.9999999999914,-292.9999999999988,358.0000000000028,646.9999999999976,2116.000000000007,2394.0000000000073,-654.0000000000213,-1240.0000000000189,2.000000000002,-215.00000000000963,341.00000000001353,,-1891.9999999999918
2019.10.17,-930.999999999993,-2515.0000000000005,-968.9999999999976,623.000000000018,350.00000000000585,-228.99999999999034,-171.00000000001003,-1518.9999999999914,-287.9999999999994,324.9999999999975,739.9999999999962,2271.000000000001,2566.000000000002,-641.0000000000027,-1211.0000000000066,19.999999999997797,-187.00000000000384,330.0000000000081,,-1435.9999999999682
2019.10.17,-900.9999999999962,-2577.0000000000073,-973.0000000000016,622.0000000000115,360.0000000000048,-244.99999999999523,-110.00000000001009,-1497.9999999999905,-244.99999999999523,287.9999999999994,756.9999999999966,2339.0000000000023,2598.999999999996,-588.0000000000107,-1170.0000000000043,36.0000000000027,-178.00000000000037,345.0000000000175,,-1138.9999999999825
2019.10.17,-840.9999999999917,-2600.0000000000023,-953.0000000000039,581.0000000000093,368.9999999999971,-231.99999999999886,-100.99999999999554,-1475.999999999999,-220.99999999999343,290.00000000000136,817.000000000001,2448.000000000006,2679.000000000009,-576.0000000000209,-1192.0000000000152,56.99999999999594,-168.00000000000148,357.00000000000733,,-761.9999999999968
2019.10.17,-853.9999999999992,-2584.9999999999927,-954.9999999999948,561.0000000000115,360.0000000000048,-234.00000000000088,-87.99999999999919,-1453.9999999999936,-222.99999999999542,300.99999999999574,805.9999999999956,2519.999999999989,2689.000000000008,-585.0000000000133,-1175.000000000015,75.00000000000284,-135.00000000000733,361.0000000000113,,-614.9999999999923
2019.10.17,-827.9999999999955,-2516.9999999999914,-943.9999999999893,548.0000000000151,348.00000000000387,-217.0000000000005,-70.99999999999883,-1437.9999999999882,-234.99999999999633,309.0000000000037,792.9999999999993,2493.9999999999964,2695.0000000000027,-623.000000000018,-1239.0000000000123,53.999999999998494,-170.00000000000347,327.00000000001063,,-713.9999999999636
2019.10.17,-854.9999999999947,-2715.000000000001,-953.9999999999882,580.0000000000027,339.0000000000004,-221.99999999999997,-104.99999999999955,-1461.999999999989,-258.0000000000027,307.99999999999716,824.0000000000025,2516.9999999999914,2767.9999999999927,-596.0000000000188,-1233.0000000000175,5.999999999994898,-194.0000000000053,346.0000000000019,,-906.0000000000325
2019.10.18,-941.9999999999984,-2695.0000000000027,-939.0000000000009,585.0000000000133,338.00000000000495,-212.99999999999653,-194.0000000000053,-1464.999999999989,-317.9999999999961,331.0000000000035,922.0000000000006,2523.0000000000086,2812.9999999999986,-576.0000000000209,-1246.0000000000139,0.0,-198.00000000000927,331.999999999999,,-942.0000000000042
2019.10.18,-908.9999999999932,-2693.9999999999964,-957.0000000000078,595.0000000000122,348.9999999999993,-187.9999999999993,-154.0000000000097,-1438.999999999993,-298.9999999999937,358.0000000000028,910.9999999999951,2682.999999999991,2895.000000000003,-619.000000000014,-1276.0000000000105,31.000000000003247,-221.00000000000452,401.00000000000693,,-533.0000000000074
2019.10.18,-883.9999999999959,-2698.0000000000005,-970.0000000000042,624.0000000000023,378.999999999996,-234.00000000000088,-127.00000000001043,-1487.9999999999995,-227.99999999999488,312.9999999999966,886.9999999999934,2554.9999999999964,2797.9999999999895,-558.0000000000141,-1240.0000000000189,53.00000000000304,-204.99999999999963,409.0000000000149,,-614.000000000047
2019.10.18,-874.9999999999925,-2614.000000000005,-946.0000000000024,620.0000000000206,372.0000000000057,-215.99999999999397,-110.00000000001009,-1457.9999999999984,-227.99999999999488,312.00000000000114,817.9999999999965,2463.9999999999995,2696.9999999999936,-582.0000000000158,-1245.0000000000073,46.00000000000159,-199.00000000000472,389.0000000000171,,-754.9999999999895
2019.10.18,-878.9999999999965,-2532.000000000001,-943.000000000005,609.0000000000151,360.0000000000048,-225.99999999999287,-117.99999999999588,-1446.9999999999886,-249.99999999999466,319.99999999999807,792.9999999999993,2394.0000000000073,2651.000000000003,-602.0000000000136,-1218.000000000008,41.9999999999976,-182.00000000000438,364.00000000000875,,-863.9999999999656
2019.10.18,-872.9999999999905,-2523.0000000000086,-940.0000000000075,617.0000000000009,339.0000000000004,-273.9999999999965,-124.00000000001299,-1444.9999999999932,-263.0000000000021,271.9999999999945,773.0000000000015,2350.999999999992,2648.000000000006,-644.0000000000001,-1118.0000000000189,16.0000000000049,-143.9999999999997,256.00000000001177,,-1076.000000000017
2019.10.18,-883.0000000000005,-2513.999999999994,-957.9999999999922,629.0000000000128,370.9999999999991,-365.99999999999966,-116.00000000000499,-1498.9999999999952,-234.99999999999633,178.99999999999582,763.9999999999981,2344.9999999999973,2496.9999999999936,-583.0000000000002,-1036.0000000000148,46.00000000000159,-107.00000000000153,182.99999999999983,,-1283.0000000000016
2019.10.18,-872.9999999999905,-2463.9999999999995,-973.0000000000016,626.9999999999998,351.99999999999676,-436.9999999999985,-95.00000000000064,-1531.9999999999964,-236.99999999999832,119.00000000000244,734.0000000000014,2269.999999999994,2442.999999999995,-622.0000000000115,-844.0000000000003,24.000000000001798,-18.0000000000069,111.00000000001664,,-1414.9999999999966
2019.10.18,-872.9999999999905,-2458.999999999989,-994.9999999999903,649.0000000000107,407.0000000000018,-492.999999999999,-83.9999999999952,-1536.0000000000014,-203.99999999999307,65.99999999999939,727.9999999999953,2276.999999999996,2265.9999999999905,-532.0000000000214,-722.0000000000005,77.00000000000485,49.99999999999449,104.99999999999955,,-1272.9999999999875
2019.10.18,-863.9999999999981,-2454.0000000000005,-954.9999999999948,616.0000000000165,365.99999999999966,-458.9999999999983,-129.00000000000134,-1494.9999999999905,-236.99999999999832,78.00000000000028,739.0000000000008,2279.0000000000086,2341.9999999999995,-552.0000000000191,-711.0000000000172,34.99999999999615,45.99999999999049,93.00000000000975,,-1261.9999999999964
2019.10.18,-861.9999999999961,-2424.000000000004,-941.9999999999984,625.0000000000089,368.00000000000165,-459.99999999999375,-110.00000000001009,-1491.9999999999902,-234.00000000000088,78.00000000000028,683.9999999999957,2166.0000000000014,2130.999999999994,-487.0000000000152,-612.0000000000125,29.999999999996696,67.9999999999903,82.00000000000429,,-1391.0000000000275
2019.10.18,-863.9999999999981,-2350.999999999992,-950.9999999999908,614.0000000000034,395.99999999999636,-450.9999999999903,-124.00000000001299,-1433.9999999999975,-217.0000000000005,90.0000000000012,624.9999999999977,2051.0000000000027,2137.9999999999955,-498.00000000002063,-704.0000000000157,83.9999999999952,51.99999999999649,114.0000000000141,,-1430.000000000016
2019.10.18,-902.9999999999983,-2324.999999999999,-963.0000000000027,616.0000000000165,411.0000000000058,-450.9999999999903,-126.0000000000039,-1444.9999999999932,-208.99999999999253,109.99999999999899,644.9999999999956,2099.999999999991,2167.9999999999923,-484.00000000001774,-645.0000000000067,85.00000000000173,79.99999999999119,78.00000000000028,,-1258.0000000000118
2019.10.18,-903.9999999999937,-2320.9999999999955,-960.0000000000053,632.0000000000103,407.99999999999727,-448.9999999999994,-129.00000000000134,-1454.9999999999982,-221.99999999999997,110.99999999999443,664.9999999999934,2143.9999999999905,2242.999999999995,-500.00000000001154,-616.0000000000165,85.00000000000173,100.99999999999554,73.00000000001194,,-1094.000000000031
2019.10.18,-902.9999999999983,-2330.00000000001,-961.9999999999961,624.0000000000023,422.00000000000017,-480.99999999999807,-126.0000000000039,-1460.9999999999986,-208.99999999999253,82.99999999999974,663.0000000000025,2134.999999999998,2215.999999999996,-489.0000000000061,-614.0000000000034,100.99999999999554,108.99999999999244,45.000000000006146,,-1177.000000000015
2019.10.18,-900.0000000000008,-2290.9999999999986,-940.9999999999918,606.0000000000176,404.0000000000044,-430.9999999999925,-158.0000000000137,-1464.999999999989,-224.9999999999974,127.99999999999478,629.9999999999973,2075.0000000000045,2177.000000000007,-476.0000000000098,-631.0000000000038,92.99999999999864,88.99999999999464,90.00000000001229,,-1225.999999999966
2019.10.18,-909.9999999999997,-2320.9999999999955,-943.9999999999893,620.0000000000206,426.00000000000415,-437.999999999994,-156.00000000000057,-1460.9999999999986,-205.99999999999508,121.99999999999989,663.999999999998,2123.9999999999927,2171.9999999999964,-424.00000000000216,-588.0000000000107,121.00000000000443,98.99999999999353,82.00000000000429,,-1017.9999999999711
2019.10.18,-918.999999999992,-2326.000000000006,-941.9999999999984,560.0000000000049,407.0000000000018,-446.9999999999974,-200.00000000000017,-1458.999999999989,-230.99999999999233,127.99999999999478,619.9999999999983,2066.999999999997,2092.999999999989,-433.0000000000167,-592.9999999999991,127.99999999999478,110.99999999999443,84.0000000000174,,-1352.0
2019.10.18,-944.9999999999958,-2475.000000000005,-930.0000000000086,561.0000000000115,409.99999999999926,-431.99999999999903,-215.99999999999397,-1489.999999999995,-239.0000000000003,134.0000000000008,653.999999999999,2156.0000000000023,2187.0000000000055,-440.00000000001813,-589.0000000000173,139.99999999999568,78.99999999999574,102.00000000000209,,-1333.0000000000216
2019.10.18,-836.9999999999989,-2502.000000000004,-909.9999999999886,590.0000000000016,404.99999999999983,-431.99999999999903,-151.00000000001222,-1408.9999999999918,-156.99999999999602,87.99999999999919,744.9999999999957,2218.999999999993,2312.0000000000027,-374.0000000000077,-630.0000000000194,132.99999999999423,60.99999999999994,157.00000000000713,,-692.0000000000244
2019.10.18,-802.9999999999982,-2621.000000000007,-919.0000000000032,579.0000000000184,404.99999999999983,-371.99999999999454,-93.00000000000975,-1352.9999999999945,-139.00000000000023,102.00000000000209,795.0000000000013,2363.000000000004,2482.0000000000064,-429.00000000001273,-762.0000000000182,127.99999999999478,17.999999999995797,192.00000000001438,,-427.0000000000019
2019.10.18,-841.9999999999983,-2637.0000000000005,-973.0000000000016,630.0000000000194,424.00000000000216,-444.9999999999954,-82.00000000000429,-1470.9999999999895,-146.00000000000168,65.00000000000395,698.9999999999941,2238.000000000007,2263.9999999999995,-485.0000000000021,-769.0000000000197,105.99999999999498,25.999999999992696,141.99999999999767,,-1256.000000000001
2019.10.18,-929.9999999999975,-2855.999999999992,-981.999999999994,626.9999999999998,465.0000000000043,-471.99999999999466,-154.99999999999403,-1576.9999999999982,-151.9999999999966,80.99999999999774,780.9999999999984,2395.999999999998,2381.9999999999955,-349.0000000000215,-602.0000000000136,165.9999999999995,86.99999999999264,136.00000000000279,,-954.0000000000109
2019.10.18,-963.9999999999982,-2991.0000000000105,-998.9999999999943,634.0000000000013,468.00000000000176,-502.9999999999979,-177.00000000000495,-1622.9999999999905,-159.9999999999935,63.99999999999739,918.999999999992,2678.0000000000027,2668.999999999988,-405.0000000000109,-699.0000000000052,180.99999999999784,90.99999999999665,150.00000000000568,,-667.0000000000223
2019.10.18,-849.9999999999952,-2797.000000000005,-1011.9999999999907,626.0000000000155,470.9999999999992,-456.9999999999963,-41.000000000002146,-1509.0000000000005,-109.99999999999899,58.000000000002494,800.0000000000007,2515.0000000000005,2461.0000000000023,-401.00000000000693,-687.0000000000153,180.99999999999784,93.99999999999409,171.00000000001003,,-486.9999999999885
2019.10.18,-822.9999999999959,-2915.000000000001,-1012.9999999999973,622.0000000000115,455.0000000000054,-436.9999999999985,-21.00000000000435,-1481.9999999999993,-119.99999999999788,73.99999999999629,852.9999999999926,2587.000000000006,2580.999999999989,-445.0000000000065,-728.0000000000175,165.00000000000404,82.99999999999974,170.00000000000347,,-394.00000000000995
2019.10.18,-813.9999999999925,-2846.9999999999995,-998.00000000001,602.0000000000136,461.99999999999574,-430.9999999999925,-15.999999999993797,-1431.999999999988,-108.99999999999244,21.00000000000435,914.9999999999991,2730.9999999999945,2781.9999999999955,-441.0000000000025,-694.0000000000168,177.00000000000495,101.99999999999099,163.00000000000205,,173.00000000001322
2019.10.18,-871.999999999995,-2825.999999999995,-1035.0000000000082,602.0000000000136,483.99999999999557,-483.0000000000001,-29.00000000001235,-1442.9999999999977,-87.99999999999919,21.999999999999797,868.9999999999975,2644.000000000002,2591.999999999994,-397.0000000000029,-752.0000000000193,202.0000000000022,82.99999999999974,165.00000000001512,,-262.00000000001114
2019.10.18,-947.9999999999933,-2730.00000000001,-1119.0000000000034,604.0000000000045,507.0000000000019,-439.0000000000005,-21.00000000000435,-1546.999999999997,-131.99999999999878,65.99999999999939,657.9999999999919,2473.9999999999986,2279.0000000000086,-465.0000000000043,-916.0000000000057,212.99999999999653,68.99999999999685,251.00000000000122,,-1196.000000000019
2019.10.18,-1037.9999999999945,-2787.9999999999905,-1150.999999999991,616.0000000000165,536.0000000000032,-454.9999999999943,-113.00000000000753,-1629.9999999999955,-168.99999999999693,171.99999999999437,670.9999999999993,2488.0000000000014,2272.999999999992,-464.00000000001995,-930.0000000000086,271.9999999999945,87.99999999999919,290.00000000001245,,-1331.9999999999866
2019.10.18,-995.0000000000015,-2829.999999999999,-1143.0000000000052,560.0000000000049,546.9999999999975,-459.99999999999375,-49.99999999999449,-1557.9999999999927,-122.99999999999534,136.00000000000279,758.9999999999985,2590.0000000000036,2316.000000000007,-433.0000000000167,-983.0000000000006,305.99999999999517,89.99999999999008,310.0000000000103,,-960.9999999999905
2019.10.18,-986.9999999999934,-2686.0000000000105,-1185.9999999999982,556.0000000000009,561.9999999999958,-454.9999999999943,-58.000000000002494,-1524.9999999999914,-122.99999999999534,109.00000000000354,685.0000000000023,2618.000000000009,2256.9999999999977,-493.0000000000101,-964.0000000000093,307.0000000000017,107.99999999999699,279.00000000000705,,-995.9999999999886
2019.10.18,-997.9999999999989,-2712.000000000003,-1211.0000000000066,573.0000000000013,567.0000000000064,-496.99999999999187,-19.999999999997797,-1458.999999999989,-108.99999999999244,60.00000000000449,609.9999999999994,2400.0000000000023,2075.0000000000045,-453.0000000000145,-907.0000000000133,322.00000000000006,152.99999999999204,273.0000000000121,,-1332.999999999986
2019.10.18,-918.999999999992,-2689.000000000008,-1140.999999999992,578.0000000000118,578.9999999999961,-524.9999999999977,17.000000000000348,-1378.0,-44.99999999999504,27.999999999994696,612.0000000000015,2306.9999999999923,1917.9999999999975,-354.0000000000099,-788.0000000000109,356.00000000000074,178.00000000000037,243.99999999999977,,-1022.0000000000109
2019.10.18,-931.9999999999995,-2827.000000000002,-1127.9999999999957,601.000000000007,575.0000000000033,-520.9999999999936,-26.999999999999247,-1408.9999999999918,-63.99999999999739,26.000000000003798,761.0000000000006,2604.0000000000064,2296.9999999999936,-349.0000000000215,-711.0000000000172,322.9999999999955,200.00000000000017,208.00000000000819,,-372.9999999999984
2019.10.18,-995.9999999999969,-2858.9999999999895,-1131.9999999999998,644.0000000000001,551.0000000000015,-526.9999999999997,-100.99999999999554,-1488.99999999999,-132.99999999999423,63.00000000000195,834.9999999999968,2700.9999999999977,2424.999999999988,-402.0000000000135,-765.0000000000157,280.9999999999979,151.9999999999966,202.9999999999976,,-549.0000000000165
2019.10.18,-1031.9999999999995,-2854.000000000001,-1117.9999999999968,619.000000000014,583.0000000000002,-539.999999999996,-140.0000000000068,-1544.9999999999875,-134.0000000000008,56.0000000000005,696.999999999992,2415.999999999996,2157.999999999993,-303.0000000000088,-660.0000000000161,304.00000000000426,178.00000000000037,205.00000000001074,,-1110.0000000000023
2019.10.18,-1115.9999999999948,-2828.000000000008,-1276.9999999999948,654.0000000000213,577.0000000000052,-561.9999999999958,-150.00000000000568,-1585.9999999999986,-171.99999999999437,126.99999999999933,658.9999999999985,2387.99999999999,2096.000000000009,-530.0000000000082,-999.0000000000166,309.0000000000037,127.99999999999478,198.00000000000927,,-2083.999999999986
2019.10.18,-1083.9999999999961,-2831.000000000006,-1238.99999999999,550.000000000006,512.0000000000014,-453.99999999999886,-126.0000000000039,-1541.9999999999873,-232.99999999999432,219.00000000000253,737.9999999999942,2663.9999999999995,2476.999999999996,-591.0000000000082,-1069.0000000000089,253.0000000000032,75.9999999999983,278.00000000000045,,-1401.9999999999905
2019.10.18,-1158.9999999999989,-3106.0000000000086,-1282.0000000000055,634.0000000000013,531.0000000000036,-475.99999999999864,-112.000000000001,-1615.9999999999995,-230.99999999999233,236.00000000000287,749.9999999999951,2672.0000000000077,2560.000000000007,-572.0000000000169,-1043.0000000000161,244.99999999999523,85.99999999999719,272.00000000000557,,-1611.0000000000218
2019.10.18,-1156.9999999999968,-3428.0000000000086,-1316.0000000000061,699.0000000000052,592.9999999999991,-484.999999999991,-93.99999999999409,-1603.999999999999,-212.00000000000108,212.00000000000108,942.9999999999939,3078.0000000000027,2967.9999999999927,-551.0000000000126,-1052.0000000000084,275.99999999999847,82.99999999999974,297.9999999999983,,-749.0000000000272
2019.10.18,-1090.9999999999975,-3309.0000000000064,-1292.9999999999886,687.0000000000153,602.999999999998,-480.99999999999807,-34.000000000000696,-1561.9999999999977,-156.00000000000057,170.99999999999892,995.9999999999969,3227.0000000000023,3028.9999999999927,-528.0000000000174,-1082.0000000000052,300.99999999999574,80.99999999999774,309.0000000000037,,-132.0000000000113
2019.10.18,-1074.9999999999927,-3407.0000000000045,-1302.0000000000032,741.0000000000139,614.9999999999989,-506.9999999999908,-4.000000000004,-1550.9999999999877,-127.99999999999478,171.99999999999437,1053.9999999999993,3275.99999999999,3096.999999999994,-506.0000000000064,-1019.9999999999986,282.99999999999994,93.99999999999409,294.0000000000165,,126.00000000001961
2019.10.18,-1106.9999999999914,-3293.999999999997,-1305.0000000000007,742.0000000000205,634.0000000000013,-514.9999999999987,-26.0000000000149,-1552.9999999999973,-136.99999999999824,178.00000000000037,1022.0000000000007,3203.0000000000005,3004.999999999991,-452.00000000000796,-966.0000000000002,305.99999999999517,110.99999999999443,313.00000000000773,,159.00000000000415
2019.10.18,-1175.9999999999993,-3272.000000000008,-1346.0000000000027,771.0000000000106,644.9999999999956,-605.9999999999955,-53.999999999998494,-1596.999999999994,-146.00000000000168,132.99999999999423,985.0000000000025,3143.9999999999914,2913.9999999999945,-453.0000000000145,-926.0000000000045,300.99999999999574,111.99999999998988,207.00000000000162,,-364.0000000000415
2019.10.18,-1175.9999999999993,-3272.000000000008,-1326.000000000005,734.0000000000124,658.0000000000031,-632.9999999999947,-87.99999999999919,-1622.9999999999905,-164.99999999999292,114.99999999999844,983.999999999996,3176.000000000001,2916.999999999992,-435.0000000000076,-775.0000000000146,326.0000000000041,209.9999999999991,148.99999999999915,,-224.0000000000071
2019.10.18,-1200.0000000000011,-3319.9999999999895,-1329.0000000000025,747.0000000000088,656.000000000001,-633.9999999999901,-103.00000000000864,-1625.0,-166.99999999999494,121.00000000000443,1000.0000000000009,3173.0000000000036,2923.999999999993,-441.0000000000025,-795.0000000000124,321.0000000000046,193.99999999999417,148.00000000001478,,-329.99999999997533
2019.10.18,-1210.0,-3516.9999999999923,-1387.9999999999893,748.0000000000153,665.0000000000044,-602.999999999998,-96.00000000000719,-1632.9999999999955,-175.00000000000293,143.9999999999997,961.9999999999961,3116.0000000000077,2842.9999999999955,-492.0000000000035,-813.0000000000192,314.0000000000032,192.99999999999872,157.00000000000713,,-784.9999999999795
