date,USDCHF,GBPUSD,AUDUSD,NZDUSD,GBPCHF,EURCHF,CHFJPY,CADCHF,AUDCHF,NZDCHF,EURGBP,GBPJPY,GBPCAD,EURNZD,CADJPY,NZDJPY,AUDNZD,empty,sum
2015.04.13,-214.99999999999852,0.0,-120.99999999999334,0.0,-156.00000000000057,-73.99999999999629,-164.99999999999204,-21.00000000000435,-72.99999999998974,-41.9999999999976,-96.99999999999153,-118.99999999999977,-85.00000000000173,-26.999999999999247,-73.99999999999807,0.0,0.0,,-1268.9999999999632
2015.04.13,-141.00000000000225,22.0000000000109,-117.99999999999588,104.99999999999955,-48.99999999998794,-43.999999999999595,-111.99999999999477,42.999999999993044,20.0000000000089,60.00000000000449,-86.99999999999264,-111.99999999999477,100.0000000000112,21.00000000000435,-3.9999999999906777,74.99999999998863,12.000000000012001,,-208.99999999992536
2015.04.13,-107.00000000000153,-37.99999999998249,-96.99999999999153,47.9999999999925,-119.99999999998678,-62.99999999999084,-75.9999999999934,24.000000000001798,-43.999999999999595,4.999999999999449,-62.99999999999084,-219.99999999999886,121.00000000001555,-9.999999999998899,-93.99999999999409,-2.0000000000095497,24.000000000001798,,-711.9999999999272
2015.04.13,-87.99999999999919,-130.99999999999224,-104.99999999999955,48.99999999999905,-99.00000000000463,-104.99999999999955,-79.9999999999983,20.999999999993246,7.0000000000014495,21.999999999999797,-12.000000000000899,-212.99999999999386,124.00000000001299,100.99999999999554,-79.9999999999983,-5.000000000009663,27.00000000002145,,-566.9999999999726
2015.04.13,-17.000000000000348,-130.99999999999224,-100.00000000000009,56.0000000000005,-92.00000000000318,-112.000000000001,-26.999999999986812,19.00000000000235,45.000000000006146,43.999999999999595,-3.999999999992898,-215.99999999997976,111.00000000001664,262.00000000000665,-69.99999999999318,66.99999999999307,23.00000000001745,,-141.99999999990706
2015.04.13,-70.99999999999883,-130.99999999999224,-159.9999999999935,2.999999999997449,-96.99999999999153,-95.00000000000064,-66.99999999999307,34.99999999999615,64.0000000000085,-22.999999999995246,-10.999999999994348,-192.99999999998363,195.00000000001182,103.00000000000864,-36.000000000001364,-18.000000000000682,-141.99999999999767,,-643.9999999999202
2015.04.13,-77.00000000000485,-177.99999999998929,-219.99999999999798,8.999999999992347,-143.00000000000423,-82.99999999998863,-101.99999999998965,17.000000000000348,57.00000000000705,-44.99999999999504,-22.999999999995246,-155.00000000000114,200.00000000000017,141.00000000001333,-15.000000000000568,39.99999999999204,-156.99999999998494,,-733.9999999999463
2015.04.13,-2.999999999997449,-119.99999999998678,-279.99999999999136,12.999999999996348,-29.999999999996696,-45.99999999999049,10.000000000005116,90.0000000000012,199.00000000000472,52.000000000007596,-12.999999999996348,-153.99999999999636,209.00000000001472,167.00000000000603,14.000000000010004,22.999999999996135,-189.99999999997908,,-58.99999999989268
2015.04.13,20.999999999993246,-157.99999999999147,-219.99999999999798,12.000000000000899,-2.999999999997449,-27.999999999983594,56.000000000011596,178.00000000000037,216.0000000000051,62.000000000006494,-5.999999999994898,-177.99999999999727,380.00000000000256,195.00000000001182,64.00000000000716,33.999999999991815,-184.99999999999073,,440.0000000000776
2015.04.13,9.999999999998899,-119.00000000000244,-234.00000000000088,14.999999999998348,-14.999999999987246,-45.99999999999049,83.00000000001262,178.99999999999582,134.0000000000008,41.000000000002146,-14.999999999998348,-223.99999999998954,418.0000000000073,148.00000000001478,67.00000000000728,-20.000000000010232,-176.99999999998272,,245.000000000076
2015.04.13,-167.00000000000603,-95.00000000000064,-812.0000000000016,34.99999999999615,-82.99999999998863,-49.99999999999449,-18.000000000000682,191.99999999999218,175.00000000000293,58.000000000002494,-42.999999999993044,-239.99999999998067,468.00000000000176,148.99999999999915,112.99999999999955,31.999999999996476,-343.99999999998875,,-629.9999999999638
2015.04.13,-168.00000000000148,62.000000000006494,-854.9999999999947,475.99999999999864,-7.0000000000014495,3.0000000000196536,1.0000000000047748,213.99999999999199,660.000000000005,414.00000000000324,-36.999999999998145,-118.99999999999977,493.0000000000101,753.0000000000036,174.99999999999716,474.9999999999943,-345.99999999997965,,2194.0000000000596
2015.04.13,-100.00000000000009,110.00000000001009,-822.0000000000005,488.999999999995,77.00000000001594,-3.999999999981796,59.00000000001171,259.9999999999936,683.0000000000002,412.9999999999967,11.00000000000545,-82.99999999999841,499.000000000005,825.0000000000091,182.00000000000216,476.99999999998965,-338.99999999997823,,2737.0000000000755
2015.04.13,-112.000000000001,114.99999999999844,-853.9999999999992,554.9999999999944,80.00000000001339,-17.999999999984695,100.99999999999909,270.99999999999903,682.0000000000048,500.00000000000045,30.000000000007798,-141.9999999999959,490.0000000000126,1001.0000000000074,147.00000000000557,549.9999999999972,-228.99999999999034,,3167.0000000000687
2015.04.13,-131.00000000000333,162.00000000001768,-981.999999999994,719.9999999999984,62.000000000006494,-10.999999999983245,106.00000000000875,269.9999999999925,764.0000000000091,653.999999999999,23.00000000000635,-151.9999999999868,517.0000000000119,1246.0000000000139,139.00000000001,704.9999999999983,-131.99999999999878,,3960.000000000106
2015.04.13,-158.0000000000026,190.00000000000128,-974.9999999999925,806.999999999991,83.9999999999952,-23.999999999979593,143.00000000000068,251.00000000000122,789.0000000000064,702.9999999999981,19.00000000000235,-203.9999999999793,462.0000000000068,1375.000000000015,88.00000000000807,743.9999999999998,-99.99999999998899,,4194.000000000083
2015.04.13,-168.00000000000148,241.00000000000233,-946.9999999999978,764.9999999999934,78.00000000000028,-44.99999999998394,81.00000000000307,230.99999999999233,758.0000000000031,653.0000000000035,31.000000000003247,-156.99999999998226,320.00000000000915,1330.0000000000089,88.00000000000807,732.9999999999899,-150.99999999999002,,3841.000000000062
2015.04.13,-261.0000000000001,380.00000000000256,-990.9999999999974,751.9999999999972,192.00000000001438,-39.999999999995595,-46.999999999997044,180.99999999999784,721.000000000005,602.0000000000025,87.99999999999919,61.00000000000705,60.000000000015596,1229.0000000000134,144.99999999999602,737.9999999999995,-131.99999999999878,,3678.0000000000614
2015.04.13,-136.00000000000279,334.9999999999964,-845.9999999999912,640.9999999999916,304.9999999999997,-15.999999999993797,42.00000000000159,229.00000000000142,705.0000000000001,604.0000000000045,138.00000000000477,138.00000000000523,19.00000000001345,1175.000000000015,88.00000000000807,637.999999999991,-139.9999999999846,,3919.000000000061
2015.04.13,-129.00000000000134,330.0000000000081,-892.9999999999993,653.999999999999,306.00000000000625,-43.999999999999595,91.00000000000819,269.9999999999925,714.0000000000035,624.0000000000023,130.0000000000079,88.99999999999864,182.0000000000155,1249.9999999999955,118.99999999999977,635.9999999999957,-81.9999999999821,,4247.00000000005
2015.04.13,-126.0000000000039,9.000000000014552,-866.0000000000001,535.999999999992,-14.999999999987246,-166.99999999998383,103.9999999999992,170.99999999999892,630.0000000000083,467.0000000000063,80.00000000000229,-324.99999999998863,228.00000000000597,1110.000000000011,13.00000000000523,503.9999999999907,-213.99999999998087,,2139.00000000009
2015.04.13,-434.000000000001,111.00000000001664,-1112.9999999999973,687.9999999999998,-286.99999999999284,-206.99999999997942,-61.99999999999761,90.99999999999665,674.000000000008,531.0000000000036,-128.99999999999022,-431.99999999998795,462.0000000000068,1187.0000000000048,5.000000000009663,582.9999999999984,-216.99999999997831,,1451.0000000001196
2015.04.13,-504.9999999999999,229.00000000001253,-1159.9999999999943,823.9999999999914,-323.99999999999096,-143.99999999998857,-78.99999999999352,34.99999999999615,674.000000000008,518.0000000000074,-143.9999999999997,-390.99999999999113,337.0000000000095,1100.000000000012,-15.000000000000568,663.9999999999873,-227.99999999998377,,1391.0000000000816
2015.04.13,-504.9999999999999,290.9999999999968,-1263.9999999999984,918.999999999992,-323.99999999999096,-81.9999999999821,-40.99999999999682,68.00000000000139,767.0000000000066,583.0000000000002,-180.99999999999784,-487.99999999999955,438.00000000000506,1212.9999999999975,-9.000000000000341,717.9999999999893,-249.99999999999466,,1853.000000000029
2015.04.13,-550.000000000006,177.00000000000495,-1235.9999999999927,923.9999999999915,-397.99999999998727,-70.99999999999883,-29.999999999986926,68.00000000000139,770.000000000004,580.9999999999982,-230.99999999999233,-692.9999999999836,565.0000000000155,1198.9999999999945,-28.999999999996362,652.9999999999916,-223.99999999997976,,1475.0000000000775
2015.04.13,-695.9999999999966,296.0000000000074,-1208.9999999999934,931.9999999999995,-600.9999999999849,-84.99999999997954,-224.99999999999432,-117.00000000000044,548.0000000000041,414.00000000000324,-296.9999999999917,-547.9999999999734,500.00000000001154,946.0000000000024,-48.99999999999238,690.9999999999883,-172.99999999997874,,327.00000000013097
2015.04.13,-734.0000000000014,187.00000000000384,-1098.9999999999943,883.0000000000005,-766.0,-137.9999999999937,-373.9999999999952,-114.00000000000298,477.0000000000052,396.00000000000745,-410.9999999999947,-595.9999999999752,493.0000000000101,893.9999999999948,-46.999999999997044,671.999999999997,-74.99999999998064,,-351.9999999999163
2015.04.13,-748.0000000000042,175.00000000001404,-1105.0000000000005,1012.0000000000018,-802.9999999999982,-34.99999999998504,-393.0000000000007,-75.9999999999983,463.0000000000023,451.9999999999969,-425.99999999999307,-501.9999999999811,686.0000000000089,883.0000000000116,124.00000000000944,848.9999999999895,-38.99999999998904,,517.0000000000842
2015.04.13,-746.9999999999976,194.0000000000053,-1225.9999999999939,1046.999999999998,-747.9999999999931,-27.999999999983594,-387.999999999991,-79.00000000000685,513.0000000000078,502.9999999999979,-404.99999999999983,-473.99999999998954,682.0000000000048,1009.9999999999998,100.99999999999909,903.9999999999964,-30.999999999981043,,828.0000000000726
2015.04.13,-621.0000000000049,103.00000000000864,-1185.9999999999982,1005.0000000000003,-679.9999999999917,59.000000000009045,-231.99999999999932,2.000000000002,620.0000000000094,614.9999999999989,-401.99999999999125,-583.9999999999748,660.0000000000161,1110.9999999999952,94.99999999999886,925.9999999999877,-39.999999999995595,,1451.0000000000705
2015.04.13,-523.0000000000068,-120.99999999999334,-1053.9999999999993,947.9999999999933,-682.9999999999892,-34.000000000000696,-259.00000000000034,-9.999999999998899,569.0000000000084,589.0000000000061,-367.99999999999056,-629.9999999999955,646.9999999999976,1141.0000000000143,85.99999999999852,908.9999999999918,-3.999999999981796,,1203.0000000000537
2015.04.13,-475.0000000000032,-141.99999999999767,-1073.9999999999973,912.9999999999972,-622.9999999999958,43.999999999999595,-808.9999999999975,-14.999999999998348,614.0000000000034,646.0000000000022,-390.99999999999693,-452.99999999997453,700.0000000000117,1194.0000000000061,168.00000000000637,996.9999999999999,52.000000000007596,,1346.000000000073
2015.04.13,-380.00000000000256,-360.9999999999891,-1001.9999999999918,857.9999999999922,-568.9999999999973,-29.999999999996696,-531.9999999999965,-13.00000000000745,667.0000000000065,685.0000000000023,-390.99999999999693,-230.99999999999454,510.99999999999477,1181.0000000000098,115.0000000000091,1147.9999999999961,75.00000000000284,,1731.000000000041
2015.04.13,-119.00000000000244,-437.99999999998283,-922.999999999996,873.999999999997,-445.99999999999085,99.00000000000463,-150.99999999999625,74.99999999999174,786.0000000000089,831.000000000004,-352.9999999999922,-469.99999999999886,494.00000000001666,1417.0000000000016,9.000000000000341,1078.9999999999936,47.00000000001925,,2811.000000000078
2015.04.13,-43.999999999999595,-295.99999999998516,-1049.0,878.9999999999965,-214.00000000000307,120.00000000000898,-46.999999999997044,127.99999999999478,850.0000000000063,867.0000000000067,-291.99999999999227,-317.99999999998363,472.00000000000574,1327.999999999996,73.99999999999807,1080.9999999999889,-26.999999999999247,,3512.000000000042
2015.04.13,-29.000000000001247,-248.99999999998812,-1139.0000000000011,900.9999999999962,-93.99999999999409,260.0000000000158,-15.000000000000568,197.99999999999818,941.000000000003,909.9999999999997,-302.9999999999977,-433.9999999999975,531.0000000000148,1327.999999999996,52.99999999999727,1041.9999999999873,-156.99999999998494,,3744.0000000000427
2015.04.13,-31.000000000003247,-295.0000000000008,-1197.999999999999,914.9999999999991,-246.99999999999721,190.00000000000128,209.00000000000318,180.0000000000024,982.0000000000051,851.9999999999972,-276.9999999999939,-620.9999999999809,653.0000000000147,1400.0000000000011,22.999999999996135,960.9999999999985,-193.99999999998306,,3502.000000000061
2015.04.13,36.0000000000027,-327.99999999999494,-1107.999999999998,841.9999999999983,-119.99999999998678,263.00000000001324,252.00000000000955,249.99999999999466,1054.0000000000105,911.0000000000063,-262.999999999991,-582.9999999999984,710.0000000000106,1381.00000000001,16.999999999995907,914.999999999992,-172.99999999997874,,4056.000000000096
2015.04.13,78.00000000000028,-492.9999999999879,-1049.0,861.9999999999961,-157.99999999999147,311.0000000000168,269.00000000000546,326.9999999999995,1060.0000000000055,939.0000000000009,-361.0000000000002,-669.9999999999875,876.0000000000101,1442.9999999999943,111.0000000000042,977.9999999999944,-128.99999999997914,,4394.000000000081
2015.04.13,173.00000000000094,-498.9999999999828,-1056.9999999999968,892.9999999999993,-134.99999999999625,376.00000000002075,308.00000000000693,371.99999999999454,1094.0000000000061,1022.0000000000007,-365.99999999999966,-673.9999999999782,929.000000000002,1442.9999999999943,123.00000000000466,1044.9999999999875,-96.99999999999153,,4950.000000000073
2015.04.13,227.99999999999488,-454.9999999999832,-1012.9999999999973,901.9999999999917,-14.000000000002899,491.0000000000192,249.00000000000944,410.9999999999947,1139.0000000000011,1070.9999999999998,-404.99999999999983,-566.9999999999789,912.0000000000017,1415.999999999995,131.00000000000023,1057.9999999999927,-51.99999999998539,,5502.000000000053
2015.04.13,68.00000000000139,-437.99999999998283,-1025.9999999999936,944.0000000000003,-164.99999999999292,485.0000000000021,43.00000000000637,288.9999999999948,1052.0000000000084,1031.000000000004,-463.9999999999977,-444.9999999999932,906.0000000000068,1353.000000000004,222.0000000000084,1177.9999999999973,-17.999999999984695,,5015.000000000089
2015.04.13,10.999999999994348,-453.99999999999886,-1017.0000000000013,922.999999999996,-258.99999999998704,443.0000000000156,-10.99999999999568,231.99999999999886,1009.9999999999998,985.0000000000025,-462.9999999999912,-399.99999999997726,878.000000000001,1293.9999999999952,212.0000000000033,1200.9999999999934,2.0000000000131024,,4587.000000000061
2015.04.13,76.99999999999375,-458.9999999999872,-991.9999999999928,891.9999999999928,-265.99999999998846,474.0000000000189,-19.99999999999602,285.9999999999974,1000.0000000000009,958.0000000000033,-487.99999999999955,-381.9999999999766,968.9999999999976,1239.9999999999966,277.000000000001,1170.9999999999923,-7.999999999985796,,4729.000000000067
2015.04.13,104.99999999999955,-478.0000000000006,-944.9999999999958,861.0000000000007,-226.99999999999943,453.0000000000145,34.000000000006025,300.99999999999574,1001.0000000000074,944.0000000000003,-458.9999999999983,-417.0000000000016,936.0000000000035,1219.9999999999989,227.00000000000387,1099.9999999999943,-45.99999999999049,,4610.000000000038
2015.04.13,146.99999999999713,-473.99999999999665,-912.0000000000017,795.9999999999967,-178.99999999999582,466.00000000001086,81.00000000000307,304.9999999999997,993.0000000000106,931.0000000000041,-431.99999999999903,-391.9999999999959,903.0000000000093,1214.0000000000039,230.00000000000398,1060.9999999999927,-47.99999999998139,,4690.00000000006
2015.04.13,104.99999999999955,-473.99999999999665,-900.9999999999962,783.0000000000003,-229.99999999999687,445.0000000000065,52.00000000000671,285.9999999999974,964.0000000000093,872.0000000000061,-454.9999999999943,-457.9999999999984,954.0000000000103,1078.0000000000011,215.0000000000034,993.9999999999998,-102.99999999998644,,4127.000000000072
2015.04.13,68.00000000000139,-481.99999999998244,-912.9999999999972,787.9999999999998,-262.999999999991,420.00000000002035,49.000000000006594,251.99999999999667,926.0000000000045,858.9999999999986,-473.99999999999665,-555.9999999999832,968.9999999999976,1095.0000000000016,176.00000000000193,1010.9999999999957,-66.99999999999484,,3858.0000000000787
2015.04.14,112.99999999999643,-466.9999999999952,-951.9999999999973,792.9999999999993,-251.00000000000122,452.00000000000796,54.000000000002046,298.9999999999937,944.0000000000003,873.0000000000016,-469.99999999999267,-479.99999999998977,910.9999999999951,1027.0000000000002,210.00000000000796,1003.0000000000001,-165.9999999999995,,3893.0000000000286
2015.04.14,70.0000000000034,-434.000000000001,-971.9999999999951,825.9999999999934,-235.99999999999176,442.00000000000904,26.00000000001046,273.000000000001,979.0000000000076,882.000000000005,-471.99999999999466,-474.9999999999943,920.0000000000097,1083.9999999999961,185.00000000000227,1033.9999999999918,-153.9999999999875,,3978.0000000000655
2015.04.14,51.99999999999649,-407.99999999998613,-973.999999999997,853.9999999999992,-256.99999999999613,430.00000000001927,-15.999999999991132,258.0000000000027,975.0000000000036,900.0000000000008,-451.9999999999969,-463.99999999999864,909.0000000000042,1131.9999999999998,191.0000000000025,1057.9999999999927,-82.99999999998863,,4105.000000000067
2015.04.14,88.99999999999464,-390.0000000000015,-956.9999999999967,827.0,-167.00000000000603,446.0000000000131,50.00000000001137,268.99999999999704,1000.0000000000009,919.0000000000032,-420.9999999999936,-412.9999999999825,863.0000000000138,1161.9999999999964,191.0000000000025,1065.9999999999882,-93.99999999999409,,4440.000000000047
2015.04.14,126.0000000000039,-428.9999999999905,-928.9999999999909,768.9999999999975,-144.99999999999514,452.00000000000796,42.00000000000159,313.99999999999204,1004.0000000000049,883.0000000000005,-410.9999999999947,-339.999999999975,923.0000000000072,1075.0000000000036,257.000000000005,1026.9999999999868,-150.99999999999002,,4467.000000000075
2015.04.14,119.99999999999788,-419.9999999999982,-957.9999999999922,712.0000000000015,-112.99999999998533,466.00000000001086,46.00000000000648,302.9999999999977,985.0000000000025,839.0000000000009,-415.99999999999415,-349.9999999999943,785.0000000000134,981.999999999994,230.00000000000398,944.9999999999932,-196.99999999998053,,3959.0000000000778
2015.04.14,100.99999999999554,-482.999999999989,-941.9999999999984,662.9999999999914,-211.00000000000563,413.00000000001893,-0.999999999990564,263.0000000000021,898.0000000000099,746.9999999999976,-406.9999999999907,-365.99999999998545,856.9999999999967,956.0000000000013,216.99999999999875,930.9999999999974,-171.99999999999437,,3464.000000000055
2015.04.14,185.99999999999727,-604.9999999999889,-883.9999999999959,663.999999999998,-217.0000000000005,352.000000000019,-98.99999999998954,293.99999999999426,819.0000000000031,819.9999999999985,-375.9999999999986,-271.99999999999136,893.9999999999948,1117.0000000000125,284.9999999999966,1059.9999999999882,-100.99999999999554,,3937.000000000042
2015.04.14,170.99999999999892,-567.9999999999907,-788.9999999999952,651.999999999997,-197.99999999998707,395.000000000012,-52.99999999999727,280.9999999999979,855.0000000000058,818.0000000000076,-403.99999999999324,-272.99999999999613,902.0000000000028,1069.0000000000089,287.00000000000614,1030.9999999999918,-60.99999999999994,,4115.00000000007
2015.04.14,121.99999999999989,-580.0000000000027,-751.9999999999972,653.999999999999,-241.00000000000233,420.00000000002035,-67.99999999999784,268.0000000000016,741.0000000000027,773.0000000000015,-468.9999999999972,-314.9999999999977,794.0000000000058,903.0000000000093,272.99999999999613,966.9999999999987,-4.999999999988347,,3485.0000000000523
2015.04.14,168.99999999999693,-517.9999999999962,-688.9999999999952,558.9999999999984,-95.00000000000064,502.00000000000244,-103.9999999999992,265.99999999999955,758.0000000000031,762.0000000000072,-424.9999999999976,-121.99999999998568,712.0000000000015,771.9999999999949,301.00000000000193,952.9999999999887,5.000000000010552,,3806.0000000000305
2015.04.14,249.99999999999466,-526.0000000000042,-652.9999999999925,526.9999999999997,-60.99999999999994,533.0000000000057,-44.999999999987494,298.9999999999937,786.0000000000089,731.9999999999993,-424.9999999999976,-112.99999999999955,763.0000000000026,713.0000000000081,302.99999999999727,918.9999999999969,-49.99999999999449,,3952.000000000031
2015.04.14,214.99999999999852,-490.999999999997,-722.9999999999959,558.9999999999984,-68.99999999998573,492.0000000000035,-39.99999999999204,286.99999999999284,799.0000000000052,726.9999999999999,-415.99999999999415,-125.0,731.9999999999993,757.0000000000076,277.000000000001,923.9999999999924,-74.99999999998064,,3830.000000000053
2015.04.14,124.99999999999733,-434.000000000001,-767.9999999999909,634.0000000000013,-104.99999999999955,510.00000000001046,-134.00000000000034,246.00000000000176,834.0000000000014,773.9999999999969,-429.99999999999704,-78.99999999997931,670.9999999999993,825.0000000000091,296.0000000000065,985.99999999999,-52.99999999999194,,3898.0000000000537
2015.04.14,24.999999999997247,-348.9999999999993,-839.0000000000009,665.9999999999999,-160.99999999998892,524.0000000000133,-259.00000000000034,209.9999999999991,799.0000000000052,744.0000000000002,-464.9999999999932,-6.000000000000227,646.9999999999976,731.9999999999993,281.9999999999965,1038.9999999999873,-74.99999999998064,,3514.0000000000323
2015.04.14,46.00000000000159,-322.00000000000006,-932.999999999995,676.9999999999943,-99.00000000000463,584.0000000000067,-163.99999999998727,187.9999999999993,871.0000000000107,775.0000000000034,-490.999999999997,-37.99999999998249,567.0000000000064,709.0000000000041,243.0000000000092,1009.9999999999909,-162.99999999997982,,3460.00000000008
2015.04.14,-9.999999999998899,-309.99999999998806,-909.9999999999997,691.9999999999926,-198.99999999999363,570.0000000000039,-361.99999999999477,115.99999999999389,847.0000000000089,712.0000000000015,-539.0000000000006,60.000000000002274,534.9999999999966,588.0000000000107,266.00000000000534,1071.9999999999886,-157.99999999999147,,2970.0000000000373
2015.04.14,-14.000000000002899,-364.9999999999931,-917.9999999999966,673.0000000000014,-248.00000000000378,612.0000000000125,-422.9999999999876,134.99999999999625,834.0000000000014,718.0000000000075,-578.0000000000007,156.0000000000059,564.000000000009,563.0000000000024,310.0000000000023,1089.999999999989,-146.99999999998602,,2962.000000000057
2015.04.14,-4.000000000004,-385.99999999999744,-1034.0000000000016,707.000000000002,-270.99999999999903,636.0000000000143,-419.9999999999875,149.99999999999457,881.0000000000095,729.9999999999973,-646.9999999999976,75.00000000001705,635.0000000000077,571.0000000000103,382.000000000005,1172.9999999999877,-183.99999999998417,,2994.0000000000746
2015.04.14,9.999999999998899,-492.0000000000035,-1034.0000000000016,700.0000000000006,-316.99999999998954,592.9999999999991,-454.9999999999983,152.99999999999204,891.0000000000084,792.0000000000039,-607.9999999999974,37.00000000000614,626.9999999999998,655.0000000000056,356.00000000000875,1186.9999999999977,-185.99999999999727,,2909.000000000033
2015.04.14,-9.00000000000345,-486.999999999993,-957.9999999999922,670.9999999999993,-350.9999999999902,568.000000000013,-429.9999999999926,120.99999999999334,871.0000000000107,809.0000000000042,-619.9999999999983,70.0000000000216,536.0000000000032,761.0000000000117,320.0000000000074,1144.999999999996,-160.99999999998892,,2856.0000000001014
2015.04.14,109.00000000000354,-254.999999999983,-1054.9999999999948,774.9999999999924,29.00000000001235,650.0000000000173,-203.99999999999352,280.9999999999979,1060.0000000000055,931.9999999999995,-475.99999999999864,217.00000000001296,497.99999999999847,832.0000000000105,331.00000000000307,1250.9999999999905,-166.99999999998383,,4808.000000000091
2015.04.14,73.00000000000084,-268.9999999999859,-1149.9999999999955,847.9999999999932,43.00000000001525,605.0000000000111,-213.99999999999864,258.9999999999981,1132.0000000000107,946.9999999999978,-493.99999999999443,230.0000000000182,446.9999999999974,890.9999999999974,335.00000000000796,1250.0,-244.9999999999841,,4688.000000000089
2015.04.14,39.999999999995595,-97.9999999999981,-1236.9999999999993,868.000000000002,63.99999999999739,592.9999999999991,-359.99999999999943,241.99999999999778,1197.0000000000036,960.0000000000053,-459.99999999999375,453.00000000000296,97.9999999999981,1045.000000000007,472.999999999999,1370.999999999995,-304.9999999999997,,4944.000000000013
2015.04.14,37.99999999999359,-126.0000000000039,-1240.999999999992,853.9999999999992,171.99999999999437,475.0000000000032,-415.9999999999968,265.99999999999955,1105.0000000000005,916.0000000000057,-287.9999999999994,577.0000000000266,276.00000000000955,1097.0000000000146,493.0000000000092,1341.9999999999986,-288.99999999998374,,5251.00000000008
2015.04.14,41.000000000002146,-119.99999999998678,-1081.999999999994,858.9999999999986,90.00000000001229,476.0000000000098,-483.99999999999466,225.99999999999287,1071.000000000011,914.0000000000038,-330.9999999999924,682.0000000000164,400.00000000000034,1136.0000000000036,543.9999999999969,1443.9999999999884,-177.99999999998929,,5688.000000000079
2015.04.14,14.999999999998348,-114.99999999999844,-1188.9999999999957,900.9999999999962,-14.999999999987246,460.000000000016,-484.99999999999943,171.99999999999437,1086.000000000009,907.0000000000023,-340.9999999999913,618.9999999999998,304.00000000001535,1137.9999999999945,490.99999999999966,1468.999999999994,-246.99999999999721,,5170.00000000005
2015.04.14,48.000000000003595,-209.9999999999991,-1109.9999999999998,881.9999999999939,11.00000000000545,484.00000000001774,-424.99999999999716,203.99999999999307,1118.000000000008,934.0000000000015,-358.9999999999982,496.0000000000093,409.0000000000149,1204.000000000005,448.0000000000075,1458.999999999989,-192.99999999999872,,5400.0000000000555
2015.04.14,39.999999999995595,-266.999999999995,-1109.9999999999998,797.9999999999987,-51.99999999998539,416.00000000001637,-362.99999999999955,188.9999999999947,1037.0000000000102,848.9999999999998,-339.99999999999585,-31.999999999982265,382.0000000000157,1096.0000000000082,156.99999999999648,1167.9999999999923,-222.99999999999542,,3745.000000000075
2015.04.14,27.999999999994696,-401.99999999999125,-1000.9999999999964,684.9999999999911,-224.000000000002,413.00000000001893,-248.99999999999523,146.99999999999713,945.0000000000069,756.9999999999966,-423.9999999999911,-62.99999999998818,504.0000000000156,910.0000000000108,234.00000000000887,1053.9999999999877,-242.99999999999324,,3071.000000000071
2015.04.14,-65.99999999999939,-324.9999999999975,-1032.999999999995,774.9999999999924,-234.00000000000088,358.00000000001387,-375.0,100.99999999999554,934.0000000000015,782.0000000000049,-396.9999999999918,-1.999999999981128,377.0000000000051,1031.000000000004,258.0000000000098,1144.999999999996,-191.99999999999218,,3137.0000000000655
2015.04.14,-33.000000000005244,-1073.9999999999973,-1014.9999999999992,256.0000000000007,-493.99999999999443,19.00000000001345,-413.99999999998727,81.9999999999932,890.0000000000019,490.999999999997,-406.9999999999907,-429.9999999999784,402.0000000000135,690.0000000000128,224.00000000000375,785.9999999999872,-548.9999999999995,,-575.9999999999286
2015.04.14,419.00000000000273,-1569.9999999999825,-726.9999999999999,-36.0000000000027,-397.0000000000029,-10.999999999983245,-44.999999999987494,24.999999999997247,1030.0000000000086,551.9999999999969,-252.99999999999213,-775.999999999982,448.000000000004,947.000000000009,-122.99999999999045,594.9999999999989,-649.999999999995,,-571.9999999999003
2015.04.14,592.0000000000036,-1519.999999999988,-651.999999999997,15.999999999993797,-404.9999999999887,60.000000000015596,52.00000000000671,-14.999999999998348,1037.0000000000102,543.0000000000045,-304.9999999999997,-714.999999999975,392.00000000001455,958.9999999999987,-210.99999999999852,586.9999999999891,-644.0000000000001,,-228.99999999990825
2015.04.14,685.0000000000023,-1632.9999999999955,-636.9999999999986,9.999999999998899,-412.9999999999967,69.00000000000794,-1.9999999999953388,29.999999999996696,1031.000000000004,558.9999999999984,-312.9999999999966,-607.9999999999757,310.9999999999946,1015.0000000000103,-118.99999999999977,666.9999999999874,-605.9999999999955,,46.000000000047066
2015.04.14,946.9999999999978,-1700.999999999997,-517.9999999999962,-153.99999999999858,-124.99999999999733,155.00000000001623,200.00000000000284,107.00000000000153,1066.0000000000002,616.0000000000055,-209.9999999999991,-561.9999999999834,334.00000000001205,995.9999999999969,-150.99999999999625,603.9999999999992,-621.9999999999892,,982.0000000000751
2015.04.14,661.0000000000005,-1656.9999999999973,-400.00000000000034,-150.00000000000568,-343.99999999998875,53.00000000001415,-69.99999999999318,-12.000000000000899,880.000000000003,448.000000000004,-264.999999999993,-464.999999999975,348.9999999999993,781.0000000000094,-63.00000000000239,572.9999999999933,-603.9999999999824,,-284.99999999991564
2015.04.14,641.9999999999982,-1573.0000000000023,-466.9999999999952,-60.99999999999994,-388.9999999999949,46.0000000000127,-65.99999999998829,-19.00000000000235,908.0000000000088,465.9999999999998,-300.99999999999574,-542.999999999978,439.0000000000116,861.0000000000007,-63.99999999999295,625.0,-560.9999999999893,,-56.999999999907004
2015.04.14,644.0000000000001,-1624.9999999999875,-544.9999999999955,29.999999999996696,-468.00000000000176,109.00000000000354,-12.999999999991019,61.999999999995396,983.0000000000006,561.0000000000003,-342.9999999999933,-637.9999999999768,699.0000000000052,964.9999999999936,-7.999999999995566,699.9999999999886,-540.9999999999915,,572.0000000000513
2015.04.14,620.9999999999937,-1569.9999999999825,-514.9999999999987,49.99999999999449,-472.9999999999901,121.00000000001555,1.0000000000047748,102.00000000000209,963.0000000000027,551.0000000000015,-378.00000000000057,-669.9999999999875,713.0000000000081,919.0000000000032,19.000000000005457,680.9999999999974,-537.9999999999941,,597.0000000000753
2015.04.14,653.0000000000035,-1641.0000000000036,-465.9999999999998,59.99999999999339,-466.9999999999952,135.00000000001845,1.0000000000047748,92.99999999999864,956.0000000000013,584.0000000000067,-379.9999999999915,-664.999999999992,811.0000000000061,926.0000000000045,31.00000000000591,729.9999999999898,-474.999999999981,,886.0000000000699
2015.04.14,659.999999999994,-1685.0000000000032,-490.999999999997,73.99999999999629,-557.9999999999918,113.00000000000753,-9.999999999990905,93.99999999999409,986.0000000000091,607.9999999999974,-375.9999999999986,-770.9999999999866,831.000000000004,1042.0000000000095,11.00000000000989,748.9999999999952,-468.9999999999861,,808.000000000063
2015.04.14,627.9999999999952,-1671.9999999999845,-485.99999999999756,76.99999999999375,-557.9999999999918,137.00000000000932,-69.99999999999318,51.000000000001044,950.0000000000064,587.0000000000042,-389.99999999999034,-698.9999999999839,770.000000000004,961.0000000000118,45.000000000001705,774.0000000000009,-445.99999999999085,,659.0000000000962
2015.04.14,559.9999999999939,-1534.9999999999975,-551.0000000000015,88.99999999999464,-568.9999999999973,100.0000000000112,-104.99999999998977,35.999999999991594,927.0,536.9999999999986,-407.99999999999727,-663.9999999999873,773.0000000000015,961.9999999999961,34.99999999999659,728.9999999999992,-481.99999999998244,,434.0000000000303
2015.04.14,575.0000000000033,-1527.9999999999961,-523.9999999999911,86.99999999999264,-547.999999999993,98.0000000000203,-64.99999999999773,32.999999999994145,920.0000000000097,558.9999999999984,-419.9999999999982,-651.9999999999868,765.0000000000157,902.0000000000028,16.999999999995907,729.9999999999898,-485.99999999998647,,463.0000000000732
2015.04.14,571.9999999999948,-1480.999999999999,-544.9999999999955,169.99999999999238,-533.0000000000057,170.00000000000347,-40.99999999999682,34.99999999999615,945.0000000000069,611.000000000006,-418.9999999999916,-693.9999999999884,733.0000000000059,951.9999999999973,-30.9999999999917,766.9999999999959,-446.9999999999974,,764.0000000000326
2015.04.14,593.9999999999945,-1489.9999999999914,-559.9999999999939,195.00000000000074,-503.99999999999335,199.00000000001583,16.000000000005343,48.99999999999905,1000.0000000000009,650.0000000000061,-422.9999999999956,-731.9999999999993,710.0000000000106,988.9999999999955,-33.999999999991815,780.9999999999917,-446.9999999999974,,993.0000000000574
2015.04.14,607.0000000000019,-1508.9999999999825,-552.9999999999924,178.99999999999582,-503.99999999999335,175.00000000001404,-9.000000000000341,-11.00000000000545,953.0000000000039,626.9999999999998,-401.99999999999125,-684.9999999999739,635.0000000000077,981.999999999994,-69.99999999999318,791.9999999999874,-509.99999999998823,,697.0000000000841
2015.04.15,614.0000000000034,-1508.9999999999825,-562.9999999999912,164.99999999999292,-475.99999999998755,173.00000000000094,-32.99999999998704,24.000000000001798,970.0000000000042,633.0000000000058,-412.9999999999967,-631.9999999999766,622.9999999999958,917.9999999999966,-30.9999999999917,792.9999999999922,-524.9999999999977,,731.0000000000823
2015.04.15,602.0000000000025,-1492.9999999999889,-561.9999999999958,158.99999999999804,-485.0000000000021,164.00000000000858,-61.99999999999761,34.99999999999615,1008.0000000000089,628.0000000000064,-395.99999999999636,-631.0000000000002,661.0000000000005,968.9999999999976,-13.999999999995794,796.999999999997,-507.9999999999973,,872.0000000000414
2015.04.15,620.9999999999937,-1452.9999999999932,-610.9999999999949,185.00000000000182,-435.9999999999919,194.0000000000053,-42.999999999992156,41.9999999999976,1048.0000000000045,679.0000000000074,-385.99999999999744,-598.9999999999895,644.0000000000001,1022.0000000000118,-21.000000000000796,850.9999999999991,-473.99999999999665,,1263.0000000000648
2015.04.15,617.9999999999964,-1453.9999999999998,-651.0000000000016,254.99999999999412,-443.99999999999994,200.00000000000017,-33.999999999991815,44.99999999999504,1074.0000000000082,726.0000000000044,-388.9999999999949,-591.9999999999845,659.0000000000095,1124.9999999999982,-18.000000000000682,901.9999999999868,-486.999999999993,,1535.0000000000266
2015.04.15,615.9999999999943,-1441.9999999999877,-637.9999999999941,237.99999999999378,-435.9999999999919,221.00000000000452,-44.999999999987494,32.999999999994145,1097.0000000000036,711.000000000006,-389.99999999999034,-618.9999999999998,624.0000000000023,1072.0000000000064,-51.9999999999925,859.9999999999994,-491.99999999998136,,1358.0000000000796
2015.04.15,588.9999999999951,-1422.9999999999966,-689.9999999999907,239.99999999999577,-446.9999999999974,218.00000000000708,1.0000000000047748,-1.0000000000065512,1069.0000000000089,709.9999999999995,-403.99999999999324,-651.9999999999868,573.0000000000013,1068.0000000000023,-82.99999999999841,858.9999999999947,-504.9999999999999,,1122.0000000000396
2015.04.15,492.0000000000035,-1402.9999999999986,-722.0000000000005,276.9999999999939,-466.9999999999952,251.00000000000122,-13.999999999995794,-19.00000000000235,1041.000000000003,695.9999999999966,-459.99999999999375,-721.99999999998,500.00000000001154,980.0000000000031,-137.99999999999102,826.9999999999982,-497.99999999999847,,621.0000000000557
2015.04.15,451.0000000000014,-1347.9999999999936,-847.9999999999932,351.0000000000013,-519.0000000000028,247.00000000001944,-47.99999999998761,-28.000000000005798,1060.0000000000055,711.000000000006,-467.9999999999906,-741.9999999999902,551.9999999999969,1017.0000000000013,-129.99999999999545,884.0000000000003,-491.99999999998136,,650.0000000000914
2015.04.15,475.99999999999864,-1316.9999999999905,-820.999999999994,204.99999999999963,-459.99999999999375,254.00000000002086,32.00000000001069,-35.00000000000725,1042.0000000000095,595.0000000000011,-435.9999999999919,-701.9999999999982,500.9999999999959,824.0000000000025,-158.00000000000125,703.9999999999935,-581.9999999999936,,122.00000000006207
2015.04.15,481.9999999999935,-1310.9999999999955,-749.9999999999951,68.00000000000139,-483.99999999999557,265.0000000000041,37.00000000000614,-53.999999999998494,854.0000000000103,458.00000000000284,-463.9999999999977,-788.9999999999873,408.00000000000836,636.9999999999986,-212.0000000000033,495.9999999999951,-731.9999999999993,,-1090.9999999999518
2015.04.15,456.00000000000085,-1336.9999999999882,-939.9999999999964,-30.000000000007798,-502.9999999999868,245.0000000000063,44.00000000001114,-94.00000000000519,931.0000000000041,363.99999999999767,-435.9999999999919,-753.9999999999907,412.00000000001234,417.0000000000007,-225.9999999999991,415.9999999999968,-1006.9999999999801,,-2041.9999999999159
2015.04.15,475.99999999999864,-1339.0000000000014,-834.0000000000014,-18.0000000000069,-529.0000000000017,209.00000000001472,17.000000000010118,-92.00000000000318,1089.0000000000066,365.99999999999966,-440.9999999999914,-759.9999999999909,408.00000000000836,414.00000000000324,-227.00000000000387,426.9999999999925,-974.9999999999925,,-1808.9999999999593
2015.04.15,475.99999999999864,-1349.9999999999845,-813.9999999999925,24.000000000001798,-543.999999999989,223.00000000001762,40.00000000000625,-111.00000000000554,1100.000000000001,402.00000000000233,-445.99999999999085,-809.9999999999739,405.0000000000109,517.9999999999962,-251.99999999999534,475.9999999999991,-931.9999999999995,,-1594.999999999897
2015.04.15,388.9999999999949,-1332.999999999984,-920.9999999999941,95.99999999999609,-570.0000000000039,215.00000000000963,11.00000000000989,-121.99999999999989,1120.0000000000098,463.0000000000023,-453.99999999999886,-801.9999999999925,382.0000000000157,614.0000000000034,-260.9999999999957,528.9999999999964,-934.9999999999969,,-1578.9999999999277
2015.04.15,339.0000000000004,-1222.9999999999964,-993.9999999999949,192.99999999999872,-600.0000000000006,193.00000000002092,-33.999999999991815,-124.99999999999733,1157.000000000008,463.9999999999977,-459.99999999999375,-794.9999999999875,463.9999999999977,645.0000000000067,-237.99999999999955,577.9999999999887,-954.9999999999948,,-1390.9999999999377
2015.04.15,436.00000000000307,-1256.999999999997,-951.9999999999973,137.9999999999937,-502.9999999999868,253.00000000001432,11.00000000000989,-60.00000000000449,1199.0000000000057,480.0000000000027,-446.9999999999974,-719.9999999999989,458.00000000000284,618.0000000000074,-192.99999999999784,575.9999999999934,-943.9999999999893,,-906.9999999999364
2015.04.15,436.9999999999985,-1231.9999999999886,-929.9999999999975,134.0000000000008,-461.0000000000003,262.00000000000665,13.00000000000523,-56.0000000000005,1214.0000000000039,487.99999999999955,-437.999999999994,-706.9999999999936,439.99999999999596,619.000000000014,-212.0000000000033,546.999999999997,-963.999999999987,,-845.9999999999434
2015.04.15,463.9999999999977,-1285.9999999999873,-879.9999999999919,-9.00000000000345,-492.0000000000035,219.00000000001364,64.00000000000716,-75.00000000000284,1166.0000000000005,365.0000000000042,-418.9999999999916,-809.9999999999739,380.00000000000256,448.000000000004,-274.9999999999915,382.99999999999557,-1058.9999999999877,,-1815.9999999999081
2015.04.15,402.9999999999978,-1360.99999999999,-886.9999999999934,-26.999999999999247,-548.9999999999995,142.0000000000199,-21.000000000000796,-99.00000000000463,1141.0000000000032,341.0000000000024,-432.9999999999945,-762.9999999999768,466.00000000001086,459.0000000000094,-218.00000000000352,425.9999999999877,-1064.9999999999827,,-2044.9999999999136
2015.04.15,558.9999999999984,-1461.0000000000011,-800.9999999999961,-107.00000000000153,-439.99999999999596,145.00000000001734,120.00000000000455,-4.999999999999449,1192.000000000004,394.00000000000546,-400.9999999999958,-828.9999999999793,494.00000000001666,475.0000000000032,-200.9999999999934,360.99999999999,-1058.9999999999877,,-1563.9999999999109
2015.04.15,334.9999999999964,-1384.9999999999918,-1015.9999999999947,18.999999999991246,-539.0000000000006,204.00000000000418,-114.99999999999488,-72.0000000000054,1193.0000000000107,436.9999999999985,-504.9999999999999,-805.9999999999832,417.0000000000007,567.0000000000064,-185.99999999999284,479.99999999998977,-998.9999999999943,,-1970.9999999999595
2015.04.15,331.0000000000035,-1082.9999999999895,-1010.9999999999952,134.99999999999625,-402.9999999999978,321.0000000000157,-163.99999999998727,-48.99999999999905,1221.0000000000055,490.00000000000153,-478.9999999999961,-432.9999999999927,297.0000000000139,446.0000000000131,-60.99999999999284,674.9999999999972,-997.9999999999878,,-764.9999999998918
2015.04.15,388.9999999999949,-1173.0000000000018,-1078.0000000000011,176.99999999999383,-358.9999999999982,416.00000000001637,-174.99999999999716,12.000000000000899,1242.0000000000098,512.9999999999968,-581.9999999999936,-413.99999999998727,395.000000000012,419.9999999999982,52.00000000000671,736.9999999999948,-962.9999999999806,,-390.9999999999354
2015.04.15,249.99999999999466,-991.9999999999928,-1069.9999999999932,287.9999999999994,-333.9999999999899,518.0000000000184,-300.9999999999877,-13.00000000000745,1146.0000000000025,534.9999999999966,-612.9999999999969,-241.99999999999022,360.0000000000048,273.9999999999965,97.00000000000841,805.9999999999974,-940.9999999999918,,-231.99999999993145
2015.04.15,170.00000000000347,-887.9999999999999,-961.9999999999961,342.9999999999933,-404.9999999999887,474.0000000000189,-400.99999999999625,-65.99999999999939,1066.0000000000002,526.0000000000042,-561.9999999999958,-98.99999999998954,293.0000000000099,409.99999999999926,120.00000000000455,902.9999999999916,-728.9999999999797,,193.00000000008038
2015.04.15,253.99999999999866,-974.9999999999925,-905.0000000000002,335.99999999999187,-368.9999999999971,430.00000000001927,-370.9999999999951,24.000000000001798,1043.000000000005,587.9999999999997,-524.9999999999977,-64.99999999999773,466.9999999999952,554.9999999999944,186.9999999999976,972.999999999999,-656.9999999999965,,990.0000000000258
2015.04.15,368.00000000000165,-1099.9999999999898,-812.999999999997,237.99999999999378,-363.9999999999866,389.0000000000171,-319.9999999999932,52.99999999999194,1070.0000000000043,568.9999999999973,-497.99999999999847,-149.99999999997726,453.99999999999886,561.9999999999958,194.00000000000261,894.999999999996,-647.9999999999819,,899.0000000000754
2015.04.15,263.99999999999756,-1185.9999999999982,-845.9999999999912,190.00000000000128,-568.9999999999973,435.0000000000076,-364.9999999999949,-2.999999999997449,1013.0000000000083,504.9999999999999,-651.999999999997,-276.9999999999868,656.0000000000122,354.9999999999942,204.00000000000773,843.9999999999941,-662.9999999999914,,-94.99999999993133
2015.04.15,275.000000000003,-1279.9999999999923,-876.9999999999944,307.0000000000017,-744.9999999999957,439.0000000000116,-366.9999999999902,10.999999999994348,1033.0000000000061,539.0000000000006,-700.0000000000006,-510.9999999999957,778.000000000012,438.00000000000506,186.9999999999976,894.999999999996,-646.9999999999976,,-224.9999999999378
2015.04.15,283.99999999999534,-1300.9999999999966,-930.999999999993,305.99999999999517,-712.9999999999859,453.99999999999886,-235.99999999999,108.99999999999244,1055.000000000006,546.000000000002,-732.9999999999948,-617.999999999995,1089.0000000000066,421.0000000000047,240.0000000000091,848.9999999999895,-703.9999999999935,,117.00000000005173
2015.04.15,253.0000000000032,-1393.999999999984,-986.9999999999934,261.99999999999557,-878.000000000001,408.00000000000836,-229.99999999998977,115.99999999999389,1027.0000000000002,445.0000000000065,-801.9999999999916,-756.0000000000002,1114.000000000015,348.9999999999993,261.0000000000099,768.0000000000007,-748.9999999999997,,-792.9999999999275
2015.04.15,251.99999999999667,-1574.9999999999932,-873.999999999997,97.9999999999981,-944.9999999999958,276.00000000000955,-302.99999999999727,185.99999999999727,1002.0000000000028,390.99999999999693,-783.0000000000003,-856.9999999999993,1346.0000000000027,209.9999999999991,377.00000000000955,680.9999999999974,-799.9999999999785,,-1317.9999999999516
2015.04.15,292.00000000000335,-1635.999999999993,-831.9999999999994,-36.999999999998145,-841.0000000000028,273.0000000000121,-229.99999999998977,242.99999999999324,995.0000000000015,382.00000000000455,-794.9999999999901,-819.9999999999932,1523.0000000000077,144.0000000000108,402.000000000001,607.9999999999899,-884.9999999999802,,-1213.999999999922
2015.04.15,683.0000000000002,-1814.9999999999889,-603.9999999999934,-82.00000000000429,-489.0000000000061,284.00000000001756,128.0000000000001,271.9999999999945,1062.0000000000073,451.0000000000014,-527.9999999999951,-836.9999999999891,1032.0000000000107,395.000000000012,161.00000000000136,518.0000000000007,-792.9999999999993,,-161.99999999992997
2015.04.15,592.9999999999991,-1635.999999999993,-612.9999999999969,-258.9999999999981,-516.0000000000053,405.0000000000109,-45.99999999999227,-277.000000000005,980.0000000000031,278.00000000000045,-591.9999999999925,-704.9999999999841,-52.99999999999194,-39.999999999995595,-388.9999999999958,352.99999999999443,-960.9999999999897,,-3477.999999999932
2015.04.15,512.0000000000014,-1539.999999999986,-713.9999999999924,-208.00000000000819,-443.99999999999994,568.000000000013,-110.99999999999,-507.0000000000019,1020.0000000000098,302.9999999999977,-693.9999999999947,-530.9999999999775,-722.9999999999848,-286.99999999999284,-560.0000000000023,436.9999999999976,-985.999999999998,,-4464.999999999909
2015.04.15,424.9999999999976,-1530.9999999999934,-779.9999999999918,-69.00000000000794,-659.999999999994,573.0000000000013,-274.9999999999915,-707.9999999999975,998.00000000001,300.0000000000003,-785.9999999999978,-469.99999999999886,-1019.9999999999986,-163.9999999999864,-807.9999999999927,602.9999999999944,-957.9999999999922,,-5329.999999999939
2015.04.15,612.9999999999969,-1603.9999999999832,-719.9999999999984,-112.000000000001,-499.9999999999893,698.0000000000208,-110.99999999999,-706.0000000000066,1083.0000000000007,404.0000000000044,-776.9999999999943,-466.99999999998454,-1070.9999999999998,-79.99999999999119,-819.0000000000026,632.9999999999956,-916.99999999999,,-4452.999999999912
2015.04.15,612.9999999999969,-1571.9999999999957,-712.0000000000015,-60.00000000000449,-512.0000000000014,714.0000000000147,-98.99999999998954,-656.000000000001,1083.0000000000007,419.00000000000273,-786.9999999999933,-461.9999999999891,-900.9999999999962,-36.999999999998145,-742.999999999995,668.9999999999969,-889.9999999999908,,-3932.999999999945
2015.04.15,651.0000000000016,-1688.0000000000007,-653.999999999999,-192.00000000000327,-492.9999999999879,667.0000000000176,-93.99999999999409,-662.000000000007,1067.0000000000068,360.0000000000048,-713.9999999999924,-450.9999999999934,-922.999999999985,-92.99999999998754,-789.999999999992,579.9999999999983,-918.9999999999809,,-4347.9999999998945
2015.04.15,775.0000000000034,-2055.9999999999914,-539.999999999996,-802.9999999999982,-479.99999999999153,555.0000000000166,-39.99999999999204,-697.9999999999986,873.0000000000016,255.00000000000523,-702.9999999999981,-612.9999999999995,-1637.9999999999839,-273.9999999999965,-1194.0000000000027,55.999999999997385,-950.9999999999908,,-7475.999999999915
2015.04.15,1268.999999999998,-2180.000000000004,9.999999999998899,-729.0000000000018,1.0000000000065512,616.0000000000165,376.0000000000048,-551.0000000000015,893.0000000000105,338.00000000000495,-514.9999999999987,-707.9999999999984,-1324.9999999999984,-109.99999999998789,-1019.999999999996,137.99999999999102,-766.9999999999843,,-4263.99999999994
2015.04.15,1290.0000000000023,-2185.999999999999,26.999999999999247,-680.9999999999983,-46.999999999997044,681.0000000000205,306.0000000000116,-594.0000000000057,879.0000000000075,370.9999999999991,-517.0000000000008,-631.9999999999766,-1380.0000000000034,-141.99999999999767,-1066.0000000000025,215.99999999999397,-690.9999999999972,,-4165.999999999944
2015.04.15,1324.000000000003,-2159.0,-51.000000000001044,-565.0000000000044,-25.999999999992696,729.0000000000018,410.0000000000108,-570.9999999999993,973.0000000000016,451.0000000000014,-564.9999999999933,-730.9999999999945,-1374.999999999993,9.999999999998899,-1045.0000000000018,315.9999999999883,-668.9999999999862,,-3543.9999999999604
2015.04.15,1305.0000000000007,-2211.999999999992,-91.99999999999208,-558.9999999999984,-75.00000000000284,731.9999999999993,555.0000000000068,-518.0000000000074,1044.0000000000005,538.0000000000051,-559.9999999999939,-1038.9999999999873,-1164.9999999999939,80.99999999999774,-1206.9999999999936,230.99999999999454,-698.999999999983,,-3639.999999999939
2015.04.15,1327.0000000000005,-2222.9999999999973,-71.99999999999429,-553.0000000000035,-102.99999999998644,694.0000000000168,709.0000000000032,-567.0000000000064,1048.0000000000045,512.9999999999968,-554.9999999999944,-1114.9999999999807,-1227.9999999999848,151.9999999999966,-1269.999999999996,135.99999999999568,-775.9999999999989,,-3882.999999999929
2015.04.15,1271.9999999999955,-2190.000000000003,-102.99999999999754,-579.0000000000073,-109.00000000000354,694.0000000000168,711.0000000000127,-557.0000000000075,1060.0000000000055,465.0000000000043,-545.9999999999909,-1118.9999999999998,-1326.000000000005,32.0000000000098,-1266.999999999996,103.9999999999992,-831.9999999999883,,-4289.999999999955
2015.04.15,1339.0000000000014,-2134.999999999998,-68.00000000000139,-572.0000000000058,28.000000000005798,692.0000000000038,704.0000000000077,-575.9999999999987,1052.0000000000084,470.9999999999992,-478.0000000000006,-1067.9999999999836,-1451.9999999999866,60.99999999999994,-1344.9999999999989,88.99999999999864,-807.9999999999865,,-4065.999999999935
2015.04.16,1402.9999999999986,-2119.9999999999886,-35.999999999991594,-570.9999999999993,83.9999999999952,730.0000000000084,608.0000000000041,-548.0000000000041,1029.000000000002,504.00000000000443,-522.0000000000002,-1024.9999999999773,-1459.9999999999945,25.00000000000835,-1334.0000000000032,92.99999999998931,-777.9999999999898,,-3917.999999999938
2015.04.16,1361.0000000000011,-2134.999999999998,-54.999999999993946,-511.0000000000059,63.99999999999739,751.0000000000127,565.0000000000119,-573.0000000000013,1023.0000000000073,546.9999999999975,-525.9999999999932,-942.9999999999836,-1527.9999999999961,-18.999999999991246,-1271.9999999999914,222.99999999999898,-720.9999999999939,,-3748.999999999922
2015.04.16,1291.9999999999932,-2029.9999999999984,-51.99999999999649,-587.9999999999997,48.000000000003595,739.0000000000008,596.0000000000036,-605.0,1001.0000000000074,419.9999999999982,-492.999999999999,-862.9999999999995,-1495.0000000000018,-140.99999999999113,-1298.0000000000018,86.99999999998909,-809.9999999999997,,-4191.999999999992
2015.04.16,1336.0000000000039,-1980.000000000004,-37.99999999999359,-600.0000000000006,117.00000000001154,746.0000000000023,658.0000000000013,-569.0000000000084,1003.0000000000094,434.000000000001,-483.0000000000001,-858.9999999999804,-1490.999999999998,-143.00000000000423,-1295.0000000000018,91.99999999999875,-793.9999999999836,,-3865.999999999947
2015.04.16,1339.9999999999968,-1960.9999999999905,-62.99999999999084,-556.0000000000009,119.00000000000244,774.000000000008,724.0000000000038,-541.0000000000026,1047.000000000009,496.00000000000756,-473.99999999999665,-859.9999999999852,-1436.9999999999993,-48.000000000003595,-1256.0000000000002,117.999999999995,-760.9999999999894,,-3338.999999999937
2015.04.16,1341.0000000000034,-1974.9999999999934,-61.999999999995396,-539.0000000000006,124.99999999999733,772.0000000000172,724.0000000000038,-545.0000000000066,1049.0,502.9999999999979,-471.99999999999466,-856.9999999999993,-1502.0000000000034,0.0,-1274.9999999999914,143.00000000000068,-757.999999999992,,-3327.9999999999563
2015.04.16,1341.0000000000034,-2410.000000000001,-59.99999999999339,-857.0000000000077,127.00000000001043,430.00000000001927,690.0000000000119,-583.0000000000002,905.0000000000002,424.00000000000216,-485.99999999999756,-1036.0000000000014,-1766.000000000001,-69.9999999999923,-1483.9999999999945,-94.0000000000083,-742.9999999999826,,-5671.999999999933
2015.04.16,1627.0000000000007,-2482.999999999991,255.00000000000523,-870.9999999999995,182.0000000000155,555.0000000000166,903.0000000000058,-570.0000000000039,946.0000000000024,450.00000000000597,-327.99999999999494,-1167.0000000000016,-1587.000000000005,151.00000000001222,-1478.999999999999,-112.99999999999955,-710.999999999995,,-4239.999999999925
2015.04.16,1656.9999999999973,-2383.9999999999864,263.0000000000021,-891.0000000000084,256.99999999999613,653.999999999999,867.0000000000044,-506.0000000000064,923.0000000000072,417.0000000000007,-332.99999999999443,-1100.999999999999,-1546.9999999999873,-31.999999999987594,-1442.9999999999977,-166.00000000001103,-720.9999999999939,,-4085.9999999999654
2015.04.16,1661.9999999999968,-2411.999999999992,317.0000000000006,-1001.0000000000074,269.00000000000813,662.000000000007,871.9999999999999,-528.0000000000063,361.0000000000002,343.00000000000443,-341.99999999999784,-946.9999999999743,-1593.9999999999843,-234.99999999998522,-1369.9999999999905,-191.0000000000025,-651.9999999999859,,-4785.999999999909
2015.04.16,1580.999999999999,-2257.9999999999823,790.0000000000018,-714.0000000000035,262.00000000000665,739.0000000000008,848.0000000000132,-519.9999999999983,349.0000000000104,558.000000000003,-401.99999999999125,-928.9999999999736,-1568.9999999999982,167.00000000000603,-1352.0000000000039,93.99999999999409,227.00000000002163,,-2128.999999999894
2015.04.16,1488.0000000000005,-2234.999999999987,721.000000000005,-687.9999999999998,215.99999999999397,735.000000000019,892.0000000000101,-548.0000000000041,399.0000000000049,507.0000000000019,-417.0000000000007,-966.9999999999845,-1566.999999999985,63.000000000013046,-1387.999999999991,32.99999999998704,130.0000000000079,,-2625.9999999999086
2015.04.16,1471.9999999999955,-2168.9999999999986,699.0000000000052,-684.0000000000068,198.00000000000927,716.0000000000056,868.9999999999998,-584.0000000000067,391.000000000008,490.999999999997,-395.99999999999636,-998.9999999999952,-1669.9999999999936,52.000000000007596,-1465.0000000000034,3.0000000000001137,111.00000000001664,,-2964.999999999956
2015.04.16,1508.9999999999936,-2202.9999999999995,750.0000000000063,-682.0000000000048,214.00000000000307,696.0000000000077,871.9999999999999,-604.0000000000045,372.0000000000057,514.0000000000033,-386.9999999999929,-985.99999999999,-1722.9999999999857,116.00000000000499,-1456.9999999999936,25.99999999999625,182.0000000000155,,-2790.9999999999345
2015.04.16,1480.999999999999,-2173.0000000000027,731.9999999999993,-600.0000000000006,226.00000000001506,713.0000000000081,932.0000000000022,-605.0,387.000000000004,548.9999999999995,-389.99999999999034,-1176.9999999999925,-1699.9999999999905,178.99999999999582,-1597.999999999999,-13.00000000000523,223.00000000001762,,-2833.9999999999404
2015.04.16,1425.9999999999939,-2096.999999999993,726.9999999999999,-605.0,192.99999999999872,719.000000000003,970.0000000000131,-614.0000000000034,336.00000000000296,524.0000000000023,-426.9999999999996,-1230.9999999999945,-1747.999999999994,90.00000000001229,-1603.999999999999,-43.00000000000637,234.00000000000088,,-3149.999999999963
2015.04.16,1329.0000000000025,-2076.9999999999955,528.0000000000063,-592.0000000000036,90.99999999999665,731.9999999999993,929.000000000002,-639.0000000000007,331.0000000000035,496.00000000000756,-461.99999999999574,-1211.999999999989,-1639.999999999997,59.000000000009045,-1587.0000000000032,-44.00000000001114,60.99999999999994,,-3696.999999999969
2015.04.16,1337.9999999999948,-2027.9999999999854,556.0000000000009,-540.0000000000072,100.99999999999554,738.0000000000164,936.000000000007,-626.9999999999998,420.00000000000927,501.000000000007,-461.99999999999574,-1247.9999999999905,-1594.999999999991,21.00000000000435,-1548.0000000000018,-30.000000000001137,71.00000000002105,,-3395.9999999999163
2015.04.16,1275.0000000000039,-2096.999999999993,553.999999999999,-652.0000000000082,87.99999999999919,690.0000000000128,847.0000000000084,-644.0000000000001,401.00000000000693,446.9999999999974,-545.9999999999909,-1167.0000000000016,-1686.999999999994,-131.99999999999878,-1566.0000000000025,-91.00000000000819,67.00000000001705,,-4212.999999999953
2015.04.16,1219.0000000000034,-2041.0000000000039,528.0000000000063,-636.0000000000032,29.00000000001235,765.0000000000157,822.0000000000027,-661.0000000000005,367.0000000000062,370.00000000000364,-549.9999999999949,-1175.9999999999877,-1608.9999999999939,-265.99999999998846,-1515.9999999999911,-106.00000000000875,10.000000000021103,,-4450.999999999902
2015.04.16,1239.0000000000011,-2231.9999999999895,530.0000000000082,-692.0000000000038,-170.99999999998784,779.0000000000185,858.0000000000041,-634.0000000000013,323.0000000000066,338.00000000000495,-685.9999999999977,-1512.0000000000005,-1496.9999999999927,-568.9999999999973,-1554.9999999999927,-231.99999999999932,-53.999999999998494,,-5766.999999999917
2015.04.16,1112.9999999999973,-2149.9999999999854,657.0000000000076,-699.0000000000052,-306.9999999999906,933.000000000006,644.0000000000055,-605.0,176.0000000000095,228.00000000000597,-825.9999999999934,-1418.9999999999827,-1139.9999999999854,-827.0,-1393.0000000000007,-228.9999999999992,25.00000000000835,,-5818.999999999903
2015.04.16,863.0000000000026,-2072.9999999999914,626.0000000000043,-656.000000000001,-563.0000000000024,607.0000000000019,273.00000000001035,-826.0000000000045,-42.999999999993044,40.00000000000669,-745.9999999999911,-1167.0000000000016,-1339.9999999999857,-730.9999999999927,-1292.9999999999923,-97.00000000000841,95.00000000000064,,-7030.999999999936
2015.04.16,773.0000000000015,-2064.9999999999836,658.0000000000031,-696.0000000000077,-787.9999999999887,528.0000000000174,112.00000000000898,-1027.0000000000002,-206.99999999999054,-92.00000000000318,-800.0000000000007,-1165.9999999999968,-1432.9999999999955,-831.9999999999883,-1390.0000000000005,-150.00000000000568,42.0000000000087,,-8532.99999999992
2015.04.16,751.0000000000017,-2135.9999999999823,686.0000000000089,-675.9999999999989,-760.9999999999894,530.0000000000082,109.00000000000887,-1051.9999999999973,-145.9999999999906,-39.999999999995595,-781.9999999999939,-1170.9999999999923,-1495.0000000000018,-768.9999999999975,-1468.0000000000036,-75.00000000000284,116.00000000000499,,-8378.999999999915
2015.04.16,1027.9999999999957,-2275.999999999989,722.0000000000005,-778.0000000000009,-557.9999999999918,694.0000000000168,398.00000000001035,-901.0000000000074,62.000000000006494,135.00000000000733,-769.999999999993,-1344.9999999999989,-1510.9999999999957,-602.999999999998,-1557.0000000000023,-181.0000000000116,90.00000000001229,,-7350.999999999939
2015.04.16,1159.9999999999943,-2874.999999999983,846.0000000000023,-1007.0000000000024,-734.9999999999968,547.0000000000086,557.0000000000022,-819.9999999999985,30.000000000007798,60.99999999999994,-770.9999999999994,-1788.9999999999873,-1378.9999999999968,-551.9999999999969,-1507.9999999999955,-334.0000000000032,-3.999999999981796,,-8572.999999999927
2015.04.16,1388.999999999996,-3017.9999999999873,980.9999999999985,-1270.0000000000045,-675.0000000000034,499.000000000005,702.0000000000124,-702.9999999999981,53.00000000000304,-51.000000000001044,-769.999999999993,-1836.999999999989,-892.0000000000039,-712.0000000000015,-1480.9999999999945,-582.0000000000078,-146.99999999998602,,-8513.999999999955
2015.04.16,1447.9999999999936,-3083.9999999999977,986.0000000000091,-1202.9999999999984,-639.9999999999961,378.00000000001165,697.0000000000027,-643.0000000000047,108.00000000000809,14.000000000002899,-650.9999999999905,-1975.999999999999,-885.9999999999868,-487.99999999999955,-1414.0000000000014,-533.0000000000013,-155.99999999997837,,-8042.999999999926
2015.04.16,1522.0000000000011,-3025.9999999999955,985.0000000000025,-1197.999999999999,-519.9999999999872,451.0000000000014,835.000000000008,-541.9999999999981,126.0000000000039,24.999999999997247,-607.9999999999974,-1870.999999999981,-604.9999999999889,-522.9999999999845,-1372.9999999999905,-525.0000000000057,-132.99999999998312,,-6979.999999999895
2015.04.16,1419.0000000000036,-2824.9999999999886,770.000000000004,-1043.000000000005,-476.9999999999941,464.00000000001995,865.9999999999997,-458.9999999999983,237.00000000000944,165.00000000000404,-593.9999999999945,-1812.9999999999882,-566.9999999999842,-297.9999999999983,-1289.0000000000014,-399.0000000000009,-170.99999999998784,,-6013.9999999999
2015.04.16,1558.0000000000039,-3082.9999999999914,836.0000000000034,-1104.000000000005,-370.999999999988,360.0000000000048,897.0000000000056,-536.0000000000032,298.0000000000094,207.99999999999707,-528.9999999999906,-1939.9999999999977,-868.9999999999865,-226.99999999999943,-1503.9999999999907,-470.0000000000131,-187.99999999998818,,-6663.999999999929
2015.04.16,1593.0,-3041.999999999989,979.0000000000076,-1202.000000000003,-426.9999999999996,486.00000000000864,957.0000000000078,-774.000000000008,129.00000000000134,50.0000000000056,-558.9999999999984,-1942.9999999999836,-1340.9999999999923,-463.9999999999977,-1747.9999999999905,-576.0000000000076,-150.99999999999002,,-8032.999999999928
2015.04.16,1556.0000000000018,-2925.999999999984,1035.0000000000082,-1196.0000000000082,-418.9999999999916,496.00000000000756,962.0000000000033,-880.000000000003,141.00000000000225,68.00000000000139,-578.9999999999961,-1845.9999999999752,-1614.0000000000043,-499.9999999999893,-1863.99999999999,-573.0000000000075,-105.99999999998388,,-8244.999999999909
2015.04.16,1359.9999999999945,-2855.999999999992,872.0000000000061,-1117.0000000000014,-424.00000000000216,523.0000000000068,839.0000000000128,-941.000000000003,115.00000000000954,38.0000000000047,-666.9999999999953,-1861.9999999999948,-1729.0000000000027,-655.9999999999899,-1881.0000000000002,-581.0000000000031,-154.99999999999403,,-9121.999999999945
2015.04.16,1473.000000000002,-2686.999999999995,879.0000000000075,-1105.0000000000005,-316.99999999998954,668.0000000000019,1013.0000000000052,-821.000000000005,174.00000000000747,87.00000000000374,-683.9999999999957,-1993.9999999999998,-1750.9999999999914,-739.0000000000008,-1998.9999999999952,-655.0000000000011,-147.99999999999258,,-8605.99999999994
2015.04.16,1729.0000000000027,-2988.9999999999973,869.0000000000086,-1213.0000000000084,4.000000000004,836.0000000000146,1408.0000000000014,-691.0000000000083,384.00000000000654,278.00000000000045,-663.999999999998,-2087.9999999999936,-1637.9999999999839,-564.9999999999933,-2034.9999999999966,-670.0000000000017,-139.00000000000023,,-7183.999999999943
2015.04.16,1874.9999999999934,-2910.999999999997,1052.0000000000084,-1241.9999999999986,85.00000000000173,844.0000000000003,1471.0000000000036,-653.0000000000035,383.0,275.000000000003,-558.9999999999984,-2000.9999999999764,-1705.000000000001,-527.9999999999951,-2042.9999999999923,-719.0000000000083,-120.99999999999334,,-6496.999999999953
2015.04.16,1895.0000000000023,-2974.9999999999945,1068.0000000000023,-1273.0000000000018,123.00000000000644,831.000000000004,1547.0000000000114,-679.0000000000074,401.00000000000693,261.0000000000001,-527.9999999999951,-2099.9999999999945,-1774.9999999999932,-571.9999999999948,-2079.999999999998,-759.0000000000003,-189.99999999997908,,-6804.999999999925
2015.04.16,1888.9999999999961,-2910.999999999997,1023.0000000000073,-1200.0000000000011,124.00000000001299,858.0000000000032,1587.0000000000032,-648.0000000000041,419.00000000000273,292.00000000000335,-570.9999999999993,-2115.9999999999854,-1695.000000000002,-522.9999999999845,-2099.9999999999945,-752.0000000000095,-164.99999999999292,,-6488.999999999942
2015.04.16,1971.0000000000005,-3088.000000000002,1034.0000000000016,-1340.000000000008,153.00000000000313,906.0000000000068,1597.0000000000084,-622.0000000000003,489.0000000000061,318.00000000000716,-556.0000000000009,-2099.9999999999945,-1897.9999999999998,-526.0000000000042,-2185.0000000000023,-770.0000000000102,-201.99999999999108,,-6818.999999999979
2015.04.16,2125.9999999999945,-3179.9999999999827,1111.0000000000064,-1529.999999999998,330.0000000000081,771.0000000000106,1697.0000000000027,-678.0000000000008,504.9999999999999,317.0000000000006,-475.99999999999864,-2043.9999999999827,-2164.9999999999945,-424.00000000000216,-2292.000000000002,-889.00000000001,-224.99999999998633,,-7045.9999999999345
2015.04.16,2273.999999999998,-3354.999999999997,1269.000000000009,-1599.000000000006,358.9999999999982,743.0000000000048,1757.000000000005,-694.0000000000057,473.0000000000012,268.99999999999704,-378.999999999996,-2149.9999999999773,-2156.0000000000023,-415.99999999999415,-2325.9999999999936,-922.0000000000113,-261.9999999999845,,-7114.999999999954
2015.04.16,2318.999999999993,-3379.999999999983,1286.0000000000093,-1507.9999999999982,287.9999999999994,563.0000000000024,1740.000000000009,-687.0000000000043,472.00000000000574,341.99999999999784,-356.00000000000074,-2159.9999999999964,-2048.0000000000055,-255.99999999998957,-2251.9999999999955,-849.0000000000038,-184.99999999999073,,-6670.999999999951
2015.04.16,2271.000000000001,-3332.999999999986,1224.9999999999984,-1428.000000000007,319.0000000000026,634.0000000000013,1692.0000000000073,-656.000000000001,495.000000000001,401.00000000000693,-374.999999999992,-2045.9999999999923,-1932.0000000000005,-123.99999999999079,-2156.9999999999964,-678.0000000000115,-134.99999999999625,,-5826.999999999955
2015.04.16,2205.999999999997,-3269.999999999995,1140.0000000000077,-1382.0000000000055,287.9999999999994,772.0000000000172,1727.0000000000039,-643.0000000000047,550.000000000006,397.99999999999835,-406.9999999999907,-2185.9999999999786,-1923.9999999999923,-221.00000000000452,-2206.9999999999936,-736.0000000000042,-216.99999999997831,,-6111.999999999918
2015.04.16,2202.9999999999995,-3088.9999999999864,1078.0000000000011,-1302.0000000000032,368.00000000001273,815.0000000000101,1723.0000000000132,-595.0000000000011,612.0000000000015,423.0000000000067,-407.99999999999727,-2018.999999999977,-1876.9999999999955,-262.999999999991,-2114.999999999995,-682.0000000000022,-238.99999999998923,,-5366.999999999893
2015.04.16,2193.0000000000005,-3034.000000000003,1088.0,-1334.0000000000018,367.0000000000062,848.0000000000043,1678.0000000000114,-573.0000000000013,575.0000000000033,406.00000000000637,-424.9999999999976,-1996.9999999999857,-1869.9999999999939,-418.9999999999916,-2091.9999999999986,-702.0000000000124,-242.99999999999324,,-5533.999999999948
2015.04.17,2235.9999999999936,-3051.999999999988,1167.0000000000068,-1340.000000000008,407.0000000000018,866.0000000000113,1679.000000000002,-555.0000000000055,526.0000000000042,424.9999999999976,-419.9999999999982,-1954.999999999984,-1951.9999999999982,-449.9999999999948,-2117.999999999995,-710.000000000008,-283.99999999999534,,-5529.999999999958
2015.04.17,2251.000000000003,-3047.999999999984,1106.000000000007,-1277.000000000006,417.0000000000007,872.0000000000061,1632.000000000005,-521.0000000000048,554.00000000001,463.9999999999977,-428.9999999999905,-1911.0000000000014,-1775.9999999999998,-289.9999999999903,-2018.9999999999914,-636.0000000000099,-228.99999999999034,,-4839.999999999938
2015.04.17,2222.9999999999973,-3042.999999999996,1075.999999999999,-1268.999999999998,422.00000000001125,900.0000000000119,1658.0000000000014,-528.0000000000063,641.0000000000027,487.0000000000041,-422.9999999999956,-1934.9999999999739,-1812.999999999998,-241.00000000000233,-2028.9999999999964,-597.0000000000084,-202.9999999999976,,-4673.999999999944
2015.04.17,2225.9999999999945,-3034.000000000003,1079.0000000000077,-1185.0000000000027,453.0000000000145,911.0000000000174,1728.999999999999,-463.9999999999977,641.0000000000027,555.0000000000055,-417.0000000000007,-1938.999999999993,-1688.0000000000007,-106.00000000000608,-1972.999999999999,-536.0000000000014,-108.99999999998133,,-3856.9999999999445
2015.04.17,2239.9999999999977,-3034.9999999999877,1095.0000000000016,-1227.0000000000002,422.9999999999956,856.0000000000123,1705.0000000000125,-497.000000000003,620.0000000000094,500.00000000000045,-393.9999999999944,-1894.9999999999818,-1726.9999999999895,-106.00000000000608,-1980.9999999999945,-566.0000000000025,-139.9999999999846,,-4128.999999999915
2015.04.17,2176.9999999999955,-3021.9999999999914,1050.0000000000066,-1180.0000000000032,443.0000000000156,863.0000000000138,1695.0000000000073,-502.9999999999979,621.0000000000049,536.9999999999986,-401.99999999999125,-1867.999999999995,-1742.9999999999834,-89.99999999999008,-1972.999999999999,-521.0000000000008,-103.99999999999298,,-4019.999999999903
2015.04.17,2202.9999999999995,-3139.9999999999873,1049.0,-1273.0000000000018,429.99999999999704,833.000000000017,1706.0000000000032,-513.0000000000078,644.0000000000001,540.0000000000072,-402.9999999999978,-1922.9999999999734,-1807.9999999999875,-55.99999999998939,-2016.999999999996,-561.000000000007,-171.99999999999437,,-4460.999999999918
2015.04.17,2322.9999999999973,-3143.9999999999914,1092.000000000004,-1324.9999999999984,490.0000000000126,811.0000000000061,1760.000000000005,-512.0000000000014,661.0000000000005,485.0000000000021,-348.9999999999993,-2051.9999999999927,-1844.9999999999854,-87.99999999999919,-2128.999999999991,-677.0000000000067,-235.99999999999176,,-4734.999999999929
2015.04.17,2224.0000000000036,-3160.999999999992,1107.0000000000025,-1355.0000000000061,384.00000000000654,818.0000000000076,1757.000000000005,-534.0000000000011,630.0000000000083,461.0000000000003,-381.99999999999346,-2026.9999999999868,-1798.999999999995,-171.99999999999437,-2088.9999999999986,-705.0000000000125,-236.99999999999832,,-5079.999999999944
2015.04.17,2203.999999999995,-3082.9999999999914,927.0,-1297.999999999999,383.0,819.0000000000142,1731.0000000000086,-524.0000000000023,605.0,431.99999999999903,-397.99999999999835,-2049.9999999999827,-1729.0000000000027,-177.00000000000495,-2064.9999999999977,-689.0000000000072,-207.99999999998596,,-5119.999999999955
2015.04.17,2185.999999999999,-2996.999999999983,930.0000000000086,-1161.000000000001,398.9999999999938,817.000000000001,1709.0000000000032,-546.9999999999975,760.0000000000051,541.0000000000026,-380.999999999998,-2003.9999999999907,-1793.0000000000002,12.999999999996348,-2076.999999999998,-540.0000000000063,-268.9999999999859,,-4413.999999999951
2015.04.17,2179.999999999993,-3007.000000000004,909.9999999999997,-1153.000000000004,395.99999999999636,787.0000000000043,1678.0000000000114,-544.0,771.0000000000106,551.9999999999969,-361.9999999999957,-1917.999999999978,-1797.9999999999884,68.00000000000139,-2012.999999999991,-489.0000000000043,-286.99999999999284,,-4228.9999999999445
2015.04.17,2185.999999999999,-3029.9999999999995,906.0000000000068,-1211.0000000000066,411.0000000000058,775.9999999999989,1688.0000000000023,-548.9999999999995,764.0000000000091,514.0000000000033,-342.9999999999933,-1911.0000000000014,-1808.9999999999939,29.00000000001235,-2039.0000000000014,-554.000000000002,-322.9999999999844,,-4494.9999999999445
2015.04.17,2173.999999999998,-3030.9999999999836,929.000000000002,-1230.0000000000089,402.0000000000135,761.0000000000117,1605.000000000004,-555.0000000000055,761.0000000000006,487.99999999999955,-329.999999999997,-1862.9999999999995,-1825.9999999999943,2.0000000000131024,-2010.9999999999957,-545.0000000000017,-324.9999999999975,,-4593.999999999941
2015.04.17,2171.000000000001,-2974.9999999999945,908.0000000000088,-1202.000000000003,398.00000000000944,760.0000000000051,1609.9999999999995,-569.0000000000084,732.0000000000105,485.0000000000021,-334.9999999999964,-1825.9999999999934,-1827.000000000001,-24.000000000001798,-2019.999999999996,-542.0000000000016,-329.99999999998585,,-4585.999999999945
2015.04.17,2176.9999999999955,-3011.9999999999923,938.0000000000055,-1245.0000000000073,383.0,734.0000000000124,1645.0000000000102,-563.9999999999978,695.0000000000011,463.0000000000023,-346.9999999999973,-1859.9999999999852,-1808.9999999999939,-53.999999999998494,-2030.0000000000011,-577.0000000000124,-347.9999999999928,,-4810.999999999951
2015.04.17,2168.000000000003,-3041.999999999989,996.000000000008,-1282.0000000000055,334.9999999999964,722.0000000000005,1609.0000000000089,-580.0000000000027,677.0000000000053,400.00000000000034,-337.99999999999386,-1884.999999999991,-1775.9999999999998,-126.0000000000039,-2024.9999999999914,-629.0000000000049,-354.9999999999942,,-5130.999999999954
2015.04.17,2151.999999999998,-3084.9999999999823,1033.0000000000061,-1333.0000000000064,290.9999999999968,686.0000000000089,1600.0000000000086,-587.9999999999997,581.0000000000093,353.99999999999875,-384.9999999999909,-1954.999999999984,-1753.0000000000045,-275.9999999999874,-2036.0000000000014,-676.0000000000019,-316.99999999998954,,-5706.999999999922
2015.04.17,2056.9999999999977,-3166.0000000000023,1055.000000000006,-1451.0000000000023,185.99999999999727,625.0000000000089,1516.0000000000055,-673.0000000000014,501.000000000007,224.9999999999974,-412.9999999999967,-1920.9999999999923,-1810.9999999999848,-415.99999999999415,-2064.9999999999977,-775.0000000000057,-420.9999999999825,,-6946.99999999994
2015.04.17,2017.000000000002,-3064.0,1025.0000000000093,-1429.999999999998,173.00000000000094,667.0000000000176,1407.0000000000107,-672.0000000000059,520.0000000000093,224.000000000002,-512.9999999999968,-1846.99999999998,-1892.0000000000048,-611.000000000006,-2009.0000000000005,-760.0000000000051,-420.9999999999825,,-7185.999999999928
2015.04.17,2115.0,-3495.999999999988,1094.0000000000061,-1600.0000000000014,-38.99999999998904,542.0000000000202,1493.000000000009,-724.0000000000024,404.0000000000044,131.00000000000333,-501.99999999999136,-2161.0000000000014,-1719.0000000000039,-556.0000000000009,-2091.9999999999986,-871.0000000000093,-413.99999999998107,,-8394.999999999925
2015.04.17,2202.000000000004,-3428.999999999993,1269.000000000009,-1687.0000000000052,55.000000000005045,569.0000000000194,1523.0000000000105,-680.9999999999983,412.00000000000125,119.00000000000244,-417.0000000000007,-2097.9999999999845,-1730.9999999999936,-604.9999999999889,-2081.9999999999936,-951.0000000000076,-460.9999999999781,,-7992.999999999892
2015.04.17,2317.9999999999977,-3427.0000000000023,1248.0000000000045,-1641.999999999999,195.9999999999962,712.0000000000015,1655.0000000000011,-569.0000000000084,543.0000000000045,216.0000000000051,-411.99999999999017,-2116.99999999999,-1676.9999999999952,-529.999999999986,-2046.999999999997,-912.0000000000061,-466.9999999999952,,-6911.999999999959
2015.04.17,2349.9999999999964,-3867.9999999999827,1270.0000000000045,-1671.0000000000002,-7.999999999985796,544.0000000000111,1710.000000000008,-526.0000000000042,541.0000000000026,235.00000000000742,-500.9999999999959,-2653.9999999999964,-1607.000000000003,-468.9999999999861,-2066.0000000000027,-970.0000000000131,-444.9999999999843,,-8134.9999999999245
2015.04.17,2415.0000000000005,-4040.9999999999836,1305.0000000000007,-1683.0000000000011,-163.00000000000205,544.0000000000111,1788.000000000011,-524.9999999999977,545.0000000000066,258.9999999999981,-551.9999999999969,-2863.999999999976,-1063.9999999999982,-326.9999999999884,-2110.99999999999,-1003.0000000000001,-409.99999999999926,,-7886.9999999999045
2015.04.17,2413.999999999994,-4111.999999999983,1369.000000000009,-1948.0000000000052,-184.99999999999073,623.000000000018,1757.000000000005,-611.000000000006,448.000000000004,39.00000000000014,-557.9999999999918,-2750.0,-1261.9999999999854,-746.9999999999866,-2183.9999999999973,-1215.0000000000034,-594.99999999999,,-9516.999999999909
2015.04.17,2527.999999999997,-4217.000000000004,1495.0000000000018,-2021.0000000000061,-116.00000000000499,612.0000000000125,1774.000000000001,-597.9999999999985,434.000000000001,72.0000000000054,-522.0000000000002,-2701.999999999998,-1296.9999999999925,-685.9999999999866,-2167.9999999999923,-1178.0000000000114,-549.9999999999839,,-9139.999999999958
2015.04.17,2700.0000000000023,-4112.999999999989,1341.0000000000034,-1882.000000000006,168.0000000000126,756.0000000000011,1951.0000000000077,-418.0000000000073,650.0000000000061,253.0000000000032,-468.9999999999972,-2566.999999999979,-1302.0000000000032,-462.9999999999912,-2108.9999999999945,-1049.0000000000066,-550.9999999999903,,-7103.999999999927
2015.04.17,2605.000000000002,-3961.9999999999986,1317.0000000000016,-1774.0000000000089,181.00000000000892,845.0000000000068,1909.000000000006,-413.0000000000078,682.0000000000048,314.99999999999864,-564.9999999999933,-2462.9999999999936,-1265.000000000005,-604.9999999999889,-2055.9999999999973,-966.0000000000082,-522.0000000000002,,-6736.999999999973
2015.04.17,2593.9999999999964,-4069.999999999996,1314.000000000004,-1770.000000000005,174.00000000000747,933.000000000006,1925.0000000000114,-360.0000000000048,719.000000000003,324.9999999999975,-590.999999999997,-2668.9999999999827,-1126.999999999989,-631.9999999999882,-2000.0,-996.9999999999999,-522.9999999999845,,-6754.999999999921
2015.04.17,2644.000000000002,-4162.999999999984,1282.0000000000055,-1779.0000000000084,126.0000000000039,835.000000000008,2011.00000000001,-322.00000000000006,756.0000000000011,343.00000000000443,-546.9999999999975,-2811.9999999999836,-1092.9999999999884,-448.9999999999883,-2072.0000000000027,-1036.0000000000014,-546.9999999999864,,-6822.999999999906
2015.04.17,2324.0000000000036,-4163.99999999999,953.0000000000039,-1853.0000000000045,26.999999999999247,808.0000000000088,2007.000000000005,-985.0000000000025,704.0000000000047,329.999999999997,-770.9999999999994,-2848.9999999999895,-2316.9999999999914,-590.999999999986,-2834.000000000003,-1076.0000000000077,-583.9999999999845,,-10870.999999999938
2015.04.17,2217.9999999999977,-3722.9999999999873,882.000000000005,-1432.0,19.999999999997797,984.000000000007,1912.0000000000061,-960.0000000000053,780.000000000003,426.9999999999996,-746.9999999999976,-2893.000000000001,-2346.999999999988,-519.0000000000028,-2769.999999999996,-904.0000000000106,-465.99999999998863,,-9537.999999999962
2015.04.17,2241.9999999999995,-3640.999999999983,925.0000000000091,-1422.0000000000011,42.0000000000087,939.0000000000009,1865.9999999999995,-848.9999999999998,808.0000000000088,414.9999999999987,-667.9999999999908,-2647.9999999999964,-2056.9999999999977,-434.9999999999854,-2585.9999999999986,-823.0000000000075,-606.9999999999798,,-8498.999999999915
2015.04.17,2354.999999999996,-3698.0000000000014,897.9999999999987,-1521.0000000000057,150.00000000000568,1009.0000000000155,1990.9999999999995,-602.0000000000025,921.0000000000051,463.9999999999977,-669.9999999999928,-2649.9999999999773,-1740.9999999999925,-512.0000000000014,-2343.0000000000036,-887.0000000000005,-653.999999999999,,-7489.999999999957
2015.04.17,2325.9999999999945,-3579.999999999983,853.0000000000038,-1467.0000000000073,165.9999999999995,1019.0000000000143,1950.0000000000027,-469.0000000000083,896.000000000008,448.9999999999994,-651.999999999997,-2583.9999999999745,-1476.999999999995,-493.99999999999443,-2206.9999999999936,-846.0000000000036,-602.999999999998,,-6719.999999999933
2015.04.17,2478.9999999999977,-3401.999999999994,797.9999999999987,-1463.9999999999986,507.000000000013,960.0000000000053,2082.0000000000077,-169.00000000000804,1036.0000000000036,531.9999999999991,-467.9999999999906,-2370.999999999981,-1282.9999999999898,-258.99999999998704,-1906.9999999999964,-859.0000000000089,-706.999999999991,,-4494.99999999992
2015.04.17,2510.9999999999964,-3156.000000000003,802.0000000000027,-1465.0000000000052,773.0000000000015,1067.000000000018,2125.0,-43.00000000000415,1032.0000000000107,521.0000000000048,-346.9999999999973,-2078.999999999979,-1236.9999999999993,-350.00000000000585,-1763.999999999996,-850.0000000000085,-712.9999999999859,,-3172.999999999951
2015.04.17,2500.0000000000023,-3149.9999999999864,862.0000000000072,-1490.0000000000025,818.0000000000076,1007.0000000000024,2089.0000000000127,-47.00000000000814,1041.000000000003,511.0000000000059,-325.99999999999295,-2058.9999999999973,-1177.9999999999902,-346.9999999999862,-1766.999999999996,-892.0000000000101,-716.9999999999899,,-3144.9999999999186
2015.04.17,2493.9999999999964,-3116.999999999992,853.9999999999992,-1453.0000000000043,753.0000000000036,961.0000000000118,2041.000000000011,-16.0000000000049,1064.0000000000093,504.00000000000443,-308.9999999999926,-1987.9999999999995,-1058.0000000000034,-320.9999999999935,-1662.9999999999968,-810.0000000000023,-717.9999999999964,,-2781.99999999995
2015.04.17,2530.9999999999945,-3244.0000000000023,899.0000000000053,-1522.0000000000011,802.9999999999982,1014.0000000000038,2057.0000000000023,56.0000000000005,1068.0000000000023,507.9999999999973,-320.9999999999935,-1957.9999999999984,-933.9999999999905,-319.0000000000026,-1608.9999999999945,-817.0000000000073,-734.9999999999968,,-2522.9999999999827
2015.04.17,2525.999999999995,-3296.9999999999945,874.0000000000081,-1478.0000000000016,644.0000000000001,920.0000000000097,1954.0000000000077,48.99999999999905,1051.0000000000018,494.00000000000557,-328.9999999999904,-2046.999999999997,-812.999999999997,-194.99999999998963,-1557.0000000000023,-781.0000000000059,-721.9999999999782,,-2706.9999999999295
2015.04.17,2539.9999999999977,-3345.9999999999823,897.9999999999987,-1516.0000000000061,626.0000000000155,942.0000000000206,1959.0000000000032,63.99999999999739,1056.0000000000014,478.0000000000006,-358.9999999999982,-1995.999999999981,-709.9999999999884,-304.9999999999997,-1463.9999999999986,-773.0000000000103,-751.9999999999972,,-2657.9999999999272
2015.04.17,2498.9999999999955,-3388.9999999999977,936.0000000000035,-1575.9999999999995,537.0000000000097,882.000000000005,1839.0000000000127,7.9999999999968985,965.0000000000048,402.9999999999978,-353.99999999999875,-1928.9999999999736,-726.0000000000044,-330.9999999999924,-1436.9999999999977,-788.0000000000109,-755.9999999999789,,-3216.999999999928
2015.04.17,2503.999999999995,-3471.9999999999864,966.0000000000002,-1617.0000000000018,563.0000000000024,868.000000000002,1830.0000000000125,15.999999999993797,966.0000000000002,401.00000000000693,-335.99999999999187,-2054.999999999978,-793.9999999999836,-330.9999999999924,-1548.9999999999923,-848.0000000000132,-744.9999999999957,,-3632.999999999922
2015.04.17,2657.9999999999936,-3468.9999999999886,1011.0000000000064,-1613.0000000000089,670.9999999999993,816.0000000000167,2085.000000000008,25.999999999992696,994.000000000006,480.99999999999807,-239.0000000000003,-2141.999999999996,-905.0000000000002,-110.99999999999443,-1622.9999999999905,-865.9999999999997,-701.9999999999804,,-2927.9999999999377
2015.04.17,2605.000000000002,-3379.999999999983,952.0000000000084,-1536.000000000004,736.0000000000033,844.0000000000003,2094.000000000008,-14.000000000002899,1011.0000000000064,541.0000000000026,-247.99999999999267,-2115.9999999999854,-1038.99999999999,-123.99999999999079,-1704.9999999999982,-874.0000000000094,-703.9999999999935,,-2956.9999999999195
2015.04.17,2671.999999999997,-3359.9999999999854,963.0000000000027,-1527.0000000000007,853.9999999999992,912.0000000000017,2001.0000000000048,32.999999999994145,1067.0000000000068,587.9999999999997,-282.99999999999994,-2088.9999999999986,-1014.9999999999882,-148.99999999999915,-1697.0000000000027,-856.9999999999993,-721.9999999999782,,-2608.9999999999463
