1993.04.25,0:00,1.276,1.281,1.2683,1.2711,4003
1993.05.02,0:00,1.2695,1.2766,1.2658,1.269,4765
1993.05.09,0:00,1.268,1.2785,1.266,1.2744,4045
1993.05.16,0:00,1.2738,1.2785,1.263,1.2643,4575
1993.05.23,0:00,1.2635,1.2723,1.2589,1.2723,4525
1993.05.30,0:00,1.2715,1.2803,1.269,1.2793,3575
1993.06.06,0:00,1.2788,1.286,1.2755,1.28,4885
1993.06.13,0:00,1.28,1.2833,1.2735,1.274,3895
1993.06.20,0:00,1.2734,1.2848,1.2723,1.2817,3025
1993.06.27,0:00,1.2821,1.2902,1.279,1.2875,5145
1993.07.04,0:00,1.2871,1.2885,1.2763,1.2785,4545
1993.07.11,0:00,1.278,1.285,1.2755,1.2779,4695
1993.07.18,0:00,1.277,1.282,1.273,1.2807,4035
1993.07.25,0:00,1.2802,1.2887,1.2795,1.2861,3365
1993.08.01,0:00,1.285,1.294,1.283,1.2916,4995
1993.08.08,0:00,1.291,1.319,1.289,1.3145,6465
1993.08.15,0:00,1.3145,1.3265,1.3105,1.318,6065
1993.08.22,0:00,1.3168,1.3239,1.3105,1.3205,5415
1993.08.29,0:00,1.3183,1.33,1.317,1.328,4895
1993.09.05,0:00,1.3278,1.3285,1.312,1.3141,6095
1993.09.12,0:00,1.3141,1.324,1.307,1.3135,6235
1993.09.19,0:00,1.313,1.3257,1.3125,1.32,5835
1993.09.26,0:00,1.3193,1.3396,1.3193,1.3383,6535
1993.10.03,0:00,1.3381,1.343,1.329,1.3301,4845
1993.10.10,0:00,1.329,1.3365,1.3225,1.3307,6225
1993.10.17,0:00,1.3307,1.334,1.298,1.305,8145
1993.10.24,0:00,1.3045,1.3265,1.3,1.3207,9725
1993.10.31,0:00,1.3202,1.3207,1.29,1.291,6385
1993.11.07,0:00,1.2912,1.3185,1.2912,1.313,7765
1993.11.14,0:00,1.3125,1.3305,1.31,1.3275,9225
1993.11.21,0:00,1.327,1.3326,1.323,1.3294,6105
1993.11.28,0:00,1.3285,1.3393,1.326,1.3288,6085
1993.12.05,0:00,1.3281,1.3327,1.3195,1.3293,5545
1993.12.12,0:00,1.3285,1.3412,1.3267,1.34,4555
1993.12.19,0:00,1.3395,1.3465,1.3369,1.3436,1511
1994.01.02,0:00,1.327,1.33,1.3105,1.3195,7995
1994.01.09,0:00,1.318,1.3276,1.3135,1.3242,6575
1994.01.16,0:00,1.324,1.3262,1.3075,1.3111,5735
1994.01.23,0:00,1.3112,1.3266,1.3085,1.3246,5375
1994.01.30,0:00,1.3244,1.345,1.321,1.3417,8125
1994.02.06,0:00,1.3374,1.3465,1.3374,1.3438,4465
1994.02.13,0:00,1.343,1.3565,1.3347,1.3395,6265
1994.02.20,0:00,1.3385,1.353,1.3335,1.3491,6175
1994.02.27,0:00,1.3475,1.3612,1.346,1.3571,7425
1994.03.06,0:00,1.3575,1.3626,1.3512,1.3622,5205
1994.03.13,0:00,1.3615,1.371,1.3583,1.3695,4775
1994.03.20,0:00,1.367,1.378,1.359,1.3755,7325
1994.03.27,0:00,1.3755,1.3905,1.3715,1.3885,4525
1994.04.03,0:00,1.3865,1.3993,1.378,1.385,7395
1994.04.10,0:00,1.3839,1.3904,1.372,1.3866,5865
1994.04.17,0:00,1.3861,1.392,1.3754,1.3788,6545
1994.04.24,0:00,1.3783,1.3855,1.37,1.3823,6455
1994.05.01,0:00,1.3818,1.3895,1.3785,1.3815,6295
1994.05.08,0:00,1.3811,1.385,1.3748,1.3776,5565
1994.05.15,0:00,1.3769,1.382,1.371,1.3795,5205
1994.05.22,0:00,1.3792,1.3882,1.375,1.387,3985
1994.05.29,0:00,1.386,1.388,1.3755,1.3775,5135
1994.06.05,0:00,1.3773,1.3795,1.3655,1.375,4525
1994.06.12,0:00,1.3744,1.3955,1.3743,1.3915,6885
1994.06.19,0:00,1.3907,1.3973,1.3825,1.3903,5895
1994.06.26,0:00,1.3899,1.3936,1.378,1.3823,5995
1994.07.03,0:00,1.3815,1.3926,1.3785,1.3897,5835
1994.07.10,0:00,1.389,1.3924,1.3756,1.3767,5455
1994.07.17,0:00,1.377,1.3863,1.375,1.3775,6615
1994.07.24,0:00,1.3772,1.39,1.376,1.3866,5465
1994.07.31,0:00,1.3856,1.3905,1.383,1.3868,3955
1994.08.07,0:00,1.3863,1.3868,1.371,1.3815,6135
1994.08.14,0:00,1.3807,1.3832,1.373,1.376,5135
1994.08.21,0:00,1.375,1.3795,1.3673,1.3707,5275
1994.08.28,0:00,1.37,1.374,1.364,1.3659,5665
1994.09.04,0:00,1.366,1.3722,1.363,1.367,4705
1994.09.11,0:00,1.3673,1.371,1.3465,1.3505,6695
1994.09.18,0:00,1.35,1.3533,1.3398,1.3437,3925
1994.09.25,0:00,1.3434,1.3518,1.3395,1.3441,4425
1994.10.02,0:00,1.3432,1.3508,1.342,1.3475,4395
1994.10.09,0:00,1.3467,1.3548,1.342,1.3548,3485
1994.10.16,0:00,1.3535,1.3595,1.3498,1.3515,4405
1994.10.23,0:00,1.3512,1.3541,1.346,1.3515,3295
1994.10.30,0:00,1.3513,1.3606,1.351,1.3562,4285
1994.11.06,0:00,1.3558,1.3625,1.3515,1.3585,4575
1994.11.13,0:00,1.3573,1.3693,1.354,1.3673,4085
1994.11.20,0:00,1.3665,1.3772,1.365,1.376,4325
1994.11.27,0:00,1.3755,1.381,1.3694,1.371,4635
1994.12.04,0:00,1.37,1.3856,1.3699,1.3841,3055
1994.12.11,0:00,1.383,1.3905,1.383,1.389,2463
1995.01.01,0:00,1.4013,1.4087,1.395,1.4006,6145
1995.01.08,0:00,1.3999,1.421,1.3985,1.4105,6495
1995.01.15,0:00,1.4105,1.4277,1.4075,1.4237,7525
1995.01.22,0:00,1.422,1.4235,1.41,1.415,5545
1995.01.29,0:00,1.4136,1.4225,1.3991,1.4015,6585
1995.02.05,0:00,1.4005,1.404,1.393,1.4018,5465
1995.02.12,0:00,1.4008,1.4156,1.397,1.4042,6305
1995.02.19,0:00,1.4037,1.4075,1.3892,1.3902,6645
1995.02.26,0:00,1.39,1.408,1.3855,1.407,8335
1995.03.05,0:00,1.406,1.4233,1.4035,1.4075,9725
1995.03.12,0:00,1.4068,1.4215,1.406,1.412,6625
1995.03.19,0:00,1.4115,1.4135,1.3995,1.401,5925
1995.03.26,0:00,1.398,1.4075,1.395,1.3995,5945
1995.04.02,0:00,1.399,1.4032,1.3868,1.3918,5625
1995.04.09,0:00,1.39,1.3915,1.3675,1.372,7315
1995.04.16,0:00,1.3685,1.375,1.364,1.3715,5235
1995.04.23,0:00,1.3719,1.3735,1.355,1.3555,5235
1995.04.30,0:00,1.355,1.3655,1.3518,1.3534,5285
1995.05.07,0:00,1.353,1.3616,1.349,1.3515,5605
1995.05.14,0:00,1.351,1.3632,1.351,1.356,6145
1995.05.21,0:00,1.356,1.3738,1.356,1.3707,5915
1995.05.28,0:00,1.3715,1.3792,1.367,1.3765,5265
1995.06.04,0:00,1.377,1.3828,1.3715,1.3775,4145
1995.06.11,0:00,1.377,1.3848,1.3738,1.3825,4755
1995.06.18,0:00,1.3817,1.3852,1.372,1.3748,5675
1995.06.25,0:00,1.3745,1.3788,1.3706,1.3725,4065
1995.07.02,0:00,1.3716,1.3738,1.358,1.3595,5365
1995.07.09,0:00,1.3585,1.3645,1.347,1.3585,7365
1995.07.16,0:00,1.3575,1.367,1.3545,1.3605,4585
1995.07.23,0:00,1.36,1.3676,1.3547,1.3676,3585
1995.07.30,0:00,1.3667,1.375,1.3542,1.359,6715
1995.08.06,0:00,1.3583,1.3626,1.352,1.3615,6445
1995.08.13,0:00,1.3597,1.3644,1.3548,1.359,5395
1995.08.20,0:00,1.3583,1.3607,1.3432,1.345,4415
1995.08.27,0:00,1.3441,1.3468,1.334,1.3445,5665
1995.09.03,0:00,1.3438,1.347,1.3338,1.338,6245
1995.09.10,0:00,1.3403,1.3741,1.3395,1.367,8395
1995.09.17,0:00,1.3657,1.3688,1.348,1.3508,7165
1995.09.24,0:00,1.3495,1.3541,1.3409,1.342,5885
1995.10.01,0:00,1.339,1.3422,1.327,1.332,6615
1995.10.08,0:00,1.3312,1.3422,1.331,1.339,5715
1995.10.15,0:00,1.3391,1.357,1.3345,1.356,5455
1995.10.22,0:00,1.3555,1.3796,1.3541,1.364,11435
1995.10.29,0:00,1.362,1.375,1.333,1.347,15325
1995.11.05,0:00,1.3462,1.3598,1.3453,1.3515,5815
1995.11.12,0:00,1.351,1.3595,1.347,1.3518,5515
1995.11.19,0:00,1.3517,1.3568,1.3467,1.354,4355
1995.11.26,0:00,1.353,1.3673,1.351,1.366,4495
1995.12.03,0:00,1.3647,1.378,1.363,1.377,4015
1995.12.10,0:00,1.3753,1.383,1.3734,1.377,3353
1995.12.31,0:00,1.3625,1.3658,1.351,1.3585,4764
1996.01.07,0:00,1.3554,1.3676,1.3554,1.3634,4425
1996.01.14,0:00,1.3637,1.3708,1.3612,1.3673,4335
1996.01.21,0:00,1.3628,1.3845,1.3628,1.382,5025
1996.01.28,0:00,1.3775,1.3845,1.371,1.376,5535
1996.02.04,0:00,1.3735,1.3791,1.3649,1.371,5165
1996.02.11,0:00,1.3724,1.3835,1.3692,1.3815,4015
1996.02.18,0:00,1.3801,1.3872,1.373,1.3765,4945
1996.02.25,0:00,1.3748,1.3793,1.3663,1.3705,4665
1996.03.03,0:00,1.3705,1.3745,1.3648,1.369,4845
1996.03.10,0:00,1.3662,1.3703,1.3615,1.3645,4475
1996.03.17,0:00,1.3637,1.3657,1.3553,1.363,4325
1996.03.24,0:00,1.3609,1.3662,1.3558,1.36,4865
1996.03.31,0:00,1.3568,1.359,1.353,1.357,2705
1996.04.07,0:00,1.3545,1.3606,1.3533,1.3568,3695
1996.04.14,0:00,1.3553,1.3655,1.3543,1.363,3665
1996.04.21,0:00,1.3607,1.3685,1.3552,1.3615,5175
1996.04.28,0:00,1.3604,1.3656,1.3572,1.3656,3075
1996.05.05,0:00,1.3652,1.3715,1.3632,1.3705,3705
1996.05.12,0:00,1.3695,1.3749,1.3635,1.3698,5055
1996.05.19,0:00,1.369,1.3776,1.3681,1.374,4375
1996.05.26,0:00,1.375,1.3775,1.367,1.369,4025
1996.06.02,0:00,1.3687,1.3703,1.3631,1.365,3385
1996.06.09,0:00,1.364,1.3716,1.362,1.3655,3475
1996.06.16,0:00,1.3643,1.37,1.3635,1.365,3005
1996.06.23,0:00,1.3637,1.3667,1.3565,1.3639,3845
1996.06.30,0:00,1.3635,1.3705,1.3575,1.3685,3775
1996.07.07,0:00,1.3679,1.3725,1.3665,1.3697,3495
1996.07.14,0:00,1.3676,1.375,1.3645,1.3668,4575
1996.07.21,0:00,1.3653,1.3765,1.365,1.3753,2835
1996.07.28,0:00,1.3726,1.377,1.3688,1.3748,3675
1996.08.04,0:00,1.3739,1.378,1.3685,1.3709,4165
1996.08.11,0:00,1.3693,1.3788,1.3682,1.374,3575
1996.08.18,0:00,1.373,1.376,1.3675,1.371,3315
1996.08.25,0:00,1.37,1.3718,1.3645,1.3684,3015
1996.09.01,0:00,1.3682,1.375,1.3673,1.3734,2785
1996.09.08,0:00,1.3725,1.3745,1.3683,1.3699,3645
1996.09.15,0:00,1.3698,1.3726,1.3665,1.3675,2405
1996.09.22,0:00,1.366,1.3691,1.3625,1.363,3485
1996.09.29,0:00,1.3623,1.3647,1.353,1.355,4455
1996.10.06,0:00,1.3546,1.3565,1.3483,1.353,4315
1996.10.13,0:00,1.3522,1.3573,1.3471,1.3493,3765
1996.10.20,0:00,1.3485,1.352,1.3423,1.346,4815
1996.10.27,0:00,1.3455,1.3475,1.3332,1.3339,3865
1996.11.03,0:00,1.3336,1.3376,1.326,1.3319,4835
1996.11.10,0:00,1.331,1.3411,1.331,1.3392,3285
1996.11.17,0:00,1.3381,1.3457,1.337,1.3415,4145
1996.11.24,0:00,1.3411,1.3515,1.339,1.3515,4025
1996.12.01,0:00,1.351,1.3647,1.346,1.3595,6075
1996.12.08,0:00,1.359,1.3652,1.3534,1.3636,4655
1996.12.29,0:00,1.3693,1.3787,1.3682,1.3705,2502
1997.01.05,0:00,1.3695,1.3737,1.3458,1.3485,7305
1997.01.12,0:00,1.3485,1.3527,1.3368,1.341,5645
1997.01.19,0:00,1.3404,1.3504,1.3338,1.3492,6185
1997.01.26,0:00,1.3488,1.3515,1.338,1.347,5475
1997.02.02,0:00,1.347,1.3535,1.3403,1.3507,4845
1997.02.09,0:00,1.3517,1.3585,1.3485,1.3496,4055
1997.02.16,0:00,1.3484,1.365,1.3483,1.3645,4725
1997.02.23,0:00,1.3642,1.3703,1.357,1.3683,4775
1997.03.02,0:00,1.3682,1.3713,1.3627,1.3698,4645
1997.03.09,0:00,1.3692,1.3728,1.3595,1.3655,5075
1997.03.16,0:00,1.365,1.3823,1.3631,1.3788,5715
1997.03.23,0:00,1.3787,1.3816,1.3711,1.3816,4345
1997.03.30,0:00,1.3806,1.3945,1.3792,1.3924,5875
1997.04.06,0:00,1.3915,1.3992,1.3828,1.3984,5415
1997.04.13,0:00,1.398,1.4035,1.393,1.3998,5035
1997.04.20,0:00,1.3993,1.4006,1.3904,1.3979,3905
1997.04.27,0:00,1.3974,1.4028,1.38,1.3805,5335
1997.05.04,0:00,1.3782,1.3935,1.3745,1.3927,5665
1997.05.11,0:00,1.3912,1.3941,1.3631,1.374,7275
1997.05.18,0:00,1.3727,1.378,1.3606,1.3758,6085
1997.05.25,0:00,1.375,1.387,1.374,1.3772,5605
1997.06.01,0:00,1.3762,1.3866,1.3711,1.3833,6435
1997.06.08,0:00,1.3834,1.3893,1.3769,1.3818,5025
1997.06.15,0:00,1.3809,1.3961,1.3766,1.3895,6905
1997.06.22,0:00,1.3891,1.3975,1.3763,1.381,7125
1997.06.29,0:00,1.3803,1.3832,1.3708,1.375,5995
1997.07.06,0:00,1.3742,1.3803,1.368,1.3702,4985
1997.07.13,0:00,1.3701,1.3796,1.3658,1.3747,4815
1997.07.20,0:00,1.3738,1.3862,1.3712,1.3847,5625
1997.07.27,0:00,1.3842,1.388,1.3765,1.3823,4505
1997.08.03,0:00,1.381,1.3936,1.378,1.3908,3955
1997.08.10,0:00,1.3905,1.3965,1.3865,1.39,5525
1997.08.17,0:00,1.3902,1.3968,1.385,1.3921,4805
1997.08.24,0:00,1.3906,1.3968,1.3865,1.3885,4425
1997.08.31,0:00,1.3883,1.39,1.3802,1.382,3935
1997.09.07,0:00,1.3812,1.395,1.38,1.3939,3545
1997.09.14,0:00,1.3925,1.3938,1.3863,1.3897,3825
1997.09.21,0:00,1.3885,1.3912,1.3819,1.3847,3615
1997.09.28,0:00,1.3845,1.3866,1.3689,1.3722,5195
1997.10.05,0:00,1.3719,1.3821,1.3687,1.3793,4915
1997.10.12,0:00,1.378,1.3906,1.3776,1.386,5135
1997.10.19,0:00,1.386,1.3937,1.3835,1.392,4475
1997.10.26,0:00,1.392,1.417,1.3917,1.4085,8475
1997.11.02,0:00,1.4078,1.4141,1.396,1.4094,6675
1997.11.09,0:00,1.4091,1.4146,1.4029,1.413,4285
1997.11.16,0:00,1.4125,1.4225,1.411,1.4181,5145
1997.11.23,0:00,1.4173,1.427,1.4145,1.4231,5355
1997.11.30,0:00,1.4229,1.4264,1.4161,1.4241,4435
1997.12.07,0:00,1.4235,1.4297,1.4123,1.4204,5675
1997.12.14,0:00,1.4197,1.4221,1.418,1.4217,621
1997.12.28,0:00,1.4293,1.4305,1.4224,1.4248,118
1998.01.04,0:00,1.4247,1.4363,1.4208,1.4305,714
1998.01.11,0:00,1.4301,1.4389,1.4285,1.4378,588
1998.01.18,0:00,1.437,1.4583,1.434,1.4528,578
1998.01.25,0:00,1.4529,1.4693,1.4453,1.4536,883
1998.02.01,0:00,1.4532,1.4562,1.4262,1.4323,834
1998.02.08,0:00,1.4321,1.4445,1.426,1.4436,606
1998.02.15,0:00,1.443,1.4462,1.4159,1.4195,640
1998.02.22,0:00,1.4199,1.4271,1.417,1.4237,513
1998.03.01,0:00,1.4235,1.4298,1.4155,1.4194,755
1998.03.08,0:00,1.4185,1.4195,1.4041,1.4125,644
1998.03.15,0:00,1.4111,1.4212,1.4101,1.4188,500
1998.03.22,0:00,1.4182,1.425,1.4083,1.4169,692
1998.03.29,0:00,1.4173,1.4248,1.4144,1.4197,550
1998.04.05,0:00,1.4191,1.4282,1.415,1.427,430
1998.04.12,0:00,1.4259,1.4413,1.424,1.4292,641
1998.04.19,0:00,1.4286,1.4377,1.4259,1.4355,451
1998.04.26,0:00,1.4337,1.4421,1.4289,1.4356,520
1998.05.03,0:00,1.433,1.4427,1.432,1.4372,522
1998.05.10,0:00,1.4353,1.4525,1.43,1.45,649
1998.05.17,0:00,1.4484,1.4553,1.4449,1.4508,595
1998.05.24,0:00,1.4489,1.4588,1.4478,1.4571,454
1998.05.31,0:00,1.4565,1.4613,1.449,1.4581,518
1998.06.07,0:00,1.4579,1.4723,1.4559,1.4667,544
1998.06.14,0:00,1.4671,1.4768,1.4597,1.4716,668
1998.06.21,0:00,1.472,1.476,1.4638,1.4691,593
1998.06.28,0:00,1.4701,1.4738,1.4602,1.4682,628
1998.07.05,0:00,1.4684,1.4803,1.4675,1.4785,525
1998.07.12,0:00,1.48,1.4923,1.4762,1.4886,527
1998.07.19,0:00,1.488,1.5005,1.4856,1.4995,442
1998.07.26,0:00,1.5,1.5135,1.4966,1.5129,590
1998.08.02,0:00,1.5125,1.535,1.5108,1.521,866
1998.08.09,0:00,1.5208,1.526,1.511,1.5175,793
1998.08.16,0:00,1.5164,1.5432,1.516,1.5425,694
1998.08.23,0:00,1.542,1.5855,1.54,1.5625,1354
1998.08.30,0:00,1.5625,1.5753,1.5198,1.521,1915
1998.09.06,0:00,1.521,1.5286,1.5082,1.514,994
1998.09.13,0:00,1.5145,1.538,1.4985,1.524,994
1998.09.20,0:00,1.5241,1.5337,1.506,1.5129,1001
1998.09.27,0:00,1.5131,1.558,1.499,1.5443,1197
1998.10.04,0:00,1.5444,1.562,1.498,1.5435,2128
1998.10.11,0:00,1.543,1.552,1.5285,1.5455,1285
1998.10.18,0:00,1.5445,1.5575,1.5354,1.545,1117
1998.10.25,0:00,1.5433,1.5545,1.5354,1.5435,976
1998.11.01,0:00,1.5438,1.5475,1.5164,1.533,975
1998.11.08,0:00,1.5332,1.5539,1.5307,1.5495,751
1998.11.15,0:00,1.551,1.5578,1.542,1.547,837
1998.11.22,0:00,1.546,1.553,1.5167,1.535,1083
1998.11.29,0:00,1.5328,1.54,1.519,1.5355,1258
1998.12.06,0:00,1.5334,1.5475,1.532,1.5416,716
1998.12.13,0:00,1.5395,1.5435,1.5365,1.542,173
1999.01.03,0:00,1.5323,1.5358,1.5017,1.511,9763
1999.01.10,0:00,1.512,1.547,1.5039,1.5245,11800
1999.01.17,0:00,1.5256,1.5337,1.5103,1.5184,10972
1999.01.24,0:00,1.5201,1.528,1.5067,1.5105,11218
1999.01.31,0:00,1.5111,1.5167,1.4822,1.491,12233
1999.02.07,0:00,1.4893,1.4969,1.4855,1.4917,10637
1999.02.14,0:00,1.4927,1.5065,1.485,1.4885,9182
1999.02.21,0:00,1.4867,1.518,1.4866,1.5101,12098
1999.02.28,0:00,1.509,1.5317,1.5058,1.5185,10985
1999.03.07,0:00,1.5192,1.5272,1.5115,1.5241,7760
1999.03.14,0:00,1.5233,1.5307,1.5145,1.515,7219
1999.03.21,0:00,1.5155,1.5157,1.502,1.5137,8409
1999.03.28,0:00,1.5135,1.516,1.4952,1.4976,6342
1999.04.04,0:00,1.496,1.5051,1.4942,1.5002,6585
1999.04.11,0:00,1.5001,1.5006,1.4782,1.4782,8978
1999.04.18,0:00,1.4786,1.4926,1.4743,1.476,9445
1999.04.25,0:00,1.4753,1.4833,1.4542,1.4565,9953
1999.05.02,0:00,1.4566,1.4621,1.4449,1.4585,12941
1999.05.09,0:00,1.4583,1.4655,1.45,1.4645,10329
1999.05.16,0:00,1.4652,1.4711,1.4562,1.4608,11694
1999.05.23,0:00,1.4597,1.4789,1.453,1.4715,10354
1999.05.30,0:00,1.4717,1.4862,1.4686,1.4701,9714
1999.06.06,0:00,1.4697,1.4768,1.4568,1.4642,12030
1999.06.13,0:00,1.4612,1.4671,1.4542,1.464,12629
1999.06.20,0:00,1.4637,1.4756,1.4615,1.466,13172
1999.06.27,0:00,1.4657,1.4825,1.4613,1.4627,14597
1999.07.04,0:00,1.464,1.474,1.4624,1.472,13092
1999.07.11,0:00,1.4722,1.485,1.4713,1.4828,13404
1999.07.18,0:00,1.4827,1.512,1.4818,1.5067,13347
1999.07.25,0:00,1.5075,1.5177,1.4985,1.5065,15889
1999.08.01,0:00,1.5061,1.5131,1.487,1.5034,16517
1999.08.08,0:00,1.5033,1.5048,1.4758,1.4766,12825
1999.08.15,0:00,1.4775,1.4981,1.4757,1.496,15529
1999.08.22,0:00,1.4962,1.5035,1.4881,1.489,13222
1999.08.29,0:00,1.4886,1.4993,1.4842,1.4906,15376
1999.09.05,0:00,1.491,1.4944,1.472,1.4745,13484
1999.09.12,0:00,1.4756,1.4799,1.4676,1.4714,16677
1999.09.19,0:00,1.4712,1.4807,1.4667,1.4715,15307
1999.09.26,0:00,1.4727,1.4787,1.4596,1.4765,15200
1999.10.03,0:00,1.4749,1.477,1.4634,1.471,16811
1999.10.10,0:00,1.4715,1.4905,1.47,1.488,14930
1999.10.17,0:00,1.4886,1.497,1.4745,1.4765,16965
1999.10.24,0:00,1.4769,1.4798,1.4678,1.4715,15464
1999.10.31,0:00,1.4706,1.4713,1.4549,1.4685,14993
1999.11.07,0:00,1.466,1.4765,1.4605,1.4629,14923
1999.11.14,0:00,1.4623,1.4717,1.4598,1.4618,14460
1999.11.21,0:00,1.4622,1.4705,1.46,1.4685,12118
1999.11.28,0:00,1.4677,1.483,1.4675,1.4787,15269
1999.12.05,0:00,1.4796,1.4834,1.4717,1.4771,12284
1999.12.12,0:00,1.4776,1.4853,1.4738,1.4788,11988
1999.12.19,0:00,1.4773,1.4831,1.4671,1.4675,12170
1999.12.26,0:00,1.4676,1.4695,1.4427,1.4461,12932
2000.01.02,0:00,1.4463,1.4617,1.4407,1.4561,15104
2000.01.09,0:00,1.4564,1.4593,1.4452,1.4491,15251
2000.01.16,0:00,1.4503,1.4534,1.4375,1.4411,14520
2000.01.23,0:00,1.4403,1.4509,1.432,1.4451,17766
2000.01.30,0:00,1.4454,1.4548,1.4354,1.4395,19370
2000.02.06,0:00,1.4405,1.4537,1.4366,1.4503,18557
2000.02.13,0:00,1.4493,1.4597,1.4472,1.449,15877
2000.02.20,0:00,1.4506,1.4668,1.4473,1.4495,16697
2000.02.27,0:00,1.449,1.459,1.4434,1.4504,18961
2000.03.05,0:00,1.4508,1.4622,1.4487,1.4573,17281
2000.03.12,0:00,1.4571,1.4773,1.4565,1.4696,17988
2000.03.19,0:00,1.4704,1.4767,1.4615,1.4622,18223
2000.03.26,0:00,1.4626,1.464,1.4485,1.4494,18708
2000.04.02,0:00,1.4494,1.4589,1.447,1.4575,15693
2000.04.09,0:00,1.4576,1.4775,1.4564,1.4766,15397
2000.04.16,0:00,1.4765,1.4894,1.4712,1.4751,14193
2000.04.23,0:00,1.4741,1.4842,1.4665,1.4819,15334
2000.04.30,0:00,1.4806,1.5003,1.4754,1.4902,15059
2000.05.07,0:00,1.4912,1.4983,1.4852,1.486,15552
2000.05.14,0:00,1.4863,1.5072,1.484,1.4967,15401
2000.05.21,0:00,1.4969,1.5145,1.4942,1.5025,18569
2000.05.28,0:00,1.5028,1.5074,1.4755,1.4764,15651
2000.06.04,0:00,1.477,1.4816,1.4705,1.4753,16976
2000.06.11,0:00,1.4745,1.478,1.4654,1.4667,17429
2000.06.18,0:00,1.4671,1.4837,1.4622,1.4821,16540
2000.06.25,0:00,1.4824,1.4901,1.4752,1.4794,17903
2000.07.02,0:00,1.4801,1.4923,1.4783,1.4801,17287
2000.07.09,0:00,1.481,1.486,1.476,1.4841,16427
2000.07.16,0:00,1.4843,1.4857,1.4696,1.4696,16765
2000.07.23,0:00,1.4712,1.4789,1.4629,1.4782,15810
2000.07.30,0:00,1.4777,1.491,1.4773,1.4887,16073
2000.08.06,0:00,1.4889,1.4947,1.4794,1.4838,14719
2000.08.13,0:00,1.4835,1.4891,1.4712,1.4765,17028
2000.08.20,0:00,1.4762,1.4885,1.4722,1.4836,16957
2000.08.27,0:00,1.4837,1.4885,1.4685,1.473,14490
2000.09.03,0:00,1.4737,1.4851,1.4716,1.4767,15227
2000.09.10,0:00,1.4769,1.4937,1.4757,1.4822,14841
2000.09.17,0:00,1.4829,1.4925,1.4796,1.488,14651
2000.09.24,0:00,1.4881,1.5081,1.4842,1.5025,16830
2000.10.01,0:00,1.5034,1.5115,1.492,1.5035,16862
2000.10.08,0:00,1.503,1.5207,1.4984,1.5065,16594
2000.10.15,0:00,1.5072,1.5238,1.5065,1.5114,21795
2000.10.22,0:00,1.5117,1.5297,1.5072,1.5292,22777
2000.10.29,0:00,1.5295,1.5393,1.5204,1.5328,24941
2000.11.05,0:00,1.532,1.5503,1.5283,1.5429,20936
2000.11.12,0:00,1.543,1.5629,1.5415,1.5565,20032
2000.11.19,0:00,1.5568,1.561,1.5372,1.5384,22999
2000.11.26,0:00,1.5389,1.5477,1.5282,1.5467,26854
2000.12.03,0:00,1.5465,1.5545,1.5131,1.5151,27011
2000.12.10,0:00,1.5187,1.5298,1.5126,1.52,22171
2000.12.17,0:00,1.5204,1.5288,1.5147,1.5167,23391
2000.12.24,0:00,1.5174,1.5195,1.4944,1.499,15774
2000.12.31,0:00,1.4995,1.505,1.4898,1.4984,19085
2001.01.07,0:00,1.498,1.5033,1.4922,1.5005,20317
2001.01.14,0:00,1.5003,1.5172,1.4985,1.511,19334
2001.01.21,0:00,1.5111,1.5165,1.5002,1.5053,18403
2001.01.28,0:00,1.5062,1.5062,1.4899,1.4966,18680
2001.02.04,0:00,1.4969,1.5147,1.4959,1.511,20583
2001.02.11,0:00,1.5108,1.5413,1.51,1.5392,20408
2001.02.18,0:00,1.539,1.5435,1.5328,1.5368,18396
2001.02.25,0:00,1.537,1.5497,1.5246,1.5445,21582
2001.03.04,0:00,1.5443,1.5523,1.5366,1.5472,22295
2001.03.11,0:00,1.5459,1.5695,1.5414,1.5685,30396
2001.03.18,0:00,1.5683,1.5773,1.558,1.5644,24793
2001.03.25,0:00,1.5643,1.5795,1.5532,1.5756,26570
2001.04.01,0:00,1.5766,1.5827,1.5605,1.5647,27164
2001.04.08,0:00,1.5637,1.566,1.5537,1.5613,20202
2001.04.15,0:00,1.5628,1.5743,1.5419,1.5437,23256
2001.04.22,0:00,1.545,1.5525,1.5392,1.5426,25902
2001.04.29,0:00,1.5425,1.5443,1.527,1.5353,20919
2001.05.06,0:00,1.5357,1.5523,1.5322,1.551,20262
2001.05.13,0:00,1.5503,1.5563,1.5314,1.5333,22563
2001.05.20,0:00,1.532,1.5539,1.5312,1.5456,21593
2001.05.27,0:00,1.5447,1.5513,1.5292,1.5364,22675
2001.06.03,0:00,1.5353,1.5388,1.5172,1.5185,18467
2001.06.10,0:00,1.519,1.5298,1.5141,1.5241,18418
2001.06.17,0:00,1.5242,1.5379,1.5217,1.5226,19520
2001.06.24,0:00,1.5225,1.5255,1.51,1.5156,22271
2001.07.01,0:00,1.5141,1.5236,1.5069,1.5227,16868
2001.07.08,0:00,1.523,1.5415,1.5171,1.5365,27676
2001.07.15,0:00,1.5366,1.5475,1.5323,1.5433,29132
2001.07.22,0:00,1.5428,1.547,1.5291,1.5313,26437
2001.07.29,0:00,1.5323,1.5417,1.5251,1.5288,25023
2001.08.05,0:00,1.5291,1.5438,1.5231,1.5392,21819
2001.08.12,0:00,1.5393,1.5446,1.525,1.5427,22578
2001.08.19,0:00,1.5429,1.5506,1.5373,1.5393,20533
2001.08.26,0:00,1.5395,1.552,1.5376,1.5512,21385
2001.09.02,0:00,1.5495,1.5685,1.5457,1.5656,21807
2001.09.09,0:00,1.5657,1.5727,1.5567,1.5643,24973
2001.09.16,0:00,1.5636,1.5742,1.5623,1.5713,25705
2001.09.23,0:00,1.5712,1.5812,1.5657,1.5792,20162
2001.09.30,0:00,1.5787,1.58,1.5607,1.562,19867
2001.10.07,0:00,1.5628,1.5703,1.5576,1.5628,20208
2001.10.14,0:00,1.5624,1.5801,1.5554,1.5745,21608
2001.10.21,0:00,1.5754,1.5806,1.5697,1.5765,21624
2001.10.28,0:00,1.5762,1.5973,1.5732,1.5908,22982
2001.11.04,0:00,1.5911,1.6052,1.5889,1.6032,19795
2001.11.11,0:00,1.6028,1.6049,1.5856,1.5901,18605
2001.11.18,0:00,1.5888,1.6029,1.5824,1.5992,19788
2001.11.25,0:00,1.5991,1.602,1.5702,1.5712,23408
2001.12.02,0:00,1.5734,1.578,1.5693,1.5751,21280
2001.12.09,0:00,1.575,1.5797,1.5583,1.5615,18454
2001.12.16,0:00,1.5589,1.5867,1.5584,1.586,23350
2001.12.23,0:00,1.5855,1.6055,1.5846,1.5905,19943
2001.12.30,0:00,1.5902,1.5995,1.5883,1.5955,16851
2002.01.06,0:00,1.5949,1.6049,1.5929,1.5958,22803
2002.01.13,0:00,1.5957,1.6168,1.5865,1.6137,24973
2002.01.20,0:00,1.6183,1.619,1.5991,1.608,24480
2002.01.27,0:00,1.6118,1.6137,1.5826,1.5913,25781
2002.02.03,0:00,1.59,1.6088,1.5895,1.5993,21320
2002.02.10,0:00,1.598,1.5994,1.5867,1.5902,18490
2002.02.17,0:00,1.5901,1.5981,1.5855,1.5964,20096
2002.02.24,0:00,1.597,1.6125,1.5911,1.5925,22979
2002.03.03,0:00,1.5926,1.5939,1.5771,1.5867,21893
2002.03.10,0:00,1.5861,1.5988,1.5813,1.5827,20850
2002.03.17,0:00,1.5835,1.5882,1.574,1.5772,24677
2002.03.24,0:00,1.5775,1.5978,1.5769,1.5949,21530
2002.03.31,0:00,1.5954,1.6025,1.5874,1.5883,22501
2002.04.07,0:00,1.5888,1.5988,1.585,1.5854,21559
2002.04.14,0:00,1.5852,1.5918,1.5704,1.5723,22853
2002.04.21,0:00,1.5718,1.5759,1.5607,1.5616,21031
2002.04.28,0:00,1.5615,1.5708,1.5562,1.5661,22285
2002.05.05,0:00,1.5634,1.5723,1.5556,1.559,21826
2002.05.12,0:00,1.5572,1.5629,1.5415,1.544,23764
2002.05.19,0:00,1.5464,1.5465,1.5311,1.5342,25317
2002.05.26,0:00,1.5325,1.5383,1.5258,1.5274,22389
2002.06.02,0:00,1.5367,1.5387,1.5245,1.5322,24538
2002.06.09,0:00,1.5327,1.5524,1.5325,1.5465,21854
2002.06.16,0:00,1.5462,1.5516,1.5176,1.5206,24145
2002.06.23,0:00,1.5208,1.5244,1.5029,1.5165,28971
2002.06.30,0:00,1.5174,1.5348,1.5136,1.5239,23215
2002.07.07,0:00,1.524,1.5346,1.5108,1.5338,28197
2002.07.14,0:00,1.5325,1.5461,1.5299,1.5436,30448
2002.07.21,0:00,1.5427,1.5965,1.5402,1.5855,44549
2002.07.28,0:00,1.585,1.5927,1.5661,1.5848,35169
2002.08.04,0:00,1.5855,1.6051,1.5699,1.5725,41970
2002.08.11,0:00,1.5723,1.5774,1.5556,1.5592,36153
2002.08.18,0:00,1.5591,1.5749,1.5512,1.5565,31415
2002.08.25,0:00,1.5567,1.5649,1.5492,1.5588,27394
2002.09.01,0:00,1.559,1.5743,1.5503,1.5597,28542
2002.09.08,0:00,1.5589,1.5885,1.5586,1.5824,32651
2002.09.15,0:00,1.5797,1.587,1.5697,1.5728,36973
2002.09.22,0:00,1.5738,1.5916,1.5716,1.5787,33929
2002.09.29,0:00,1.5786,1.5956,1.5753,1.5928,28150
2002.10.06,0:00,1.5916,1.5994,1.5853,1.5866,29816
2002.10.13,0:00,1.5871,1.5898,1.5682,1.5735,27980
2002.10.20,0:00,1.5742,1.5752,1.5595,1.5688,26482
2002.10.27,0:00,1.5671,1.5709,1.5542,1.5583,31232
2002.11.03,0:00,1.5574,1.567,1.5504,1.5657,31115
2002.11.10,0:00,1.5643,1.585,1.5636,1.5846,31329
2002.11.17,0:00,1.5832,1.592,1.5757,1.5775,26583
2002.11.24,0:00,1.5772,1.5787,1.5632,1.5654,24881
2002.12.01,0:00,1.5613,1.5695,1.5538,1.5647,26563
2002.12.08,0:00,1.5645,1.565,1.5514,1.5616,30731
2002.12.15,0:00,1.5615,1.5644,1.5451,1.551,31603
2002.12.22,0:00,1.5507,1.5721,1.5467,1.5685,21536
2002.12.29,0:00,1.5672,1.5803,1.5632,1.5634,23871
2003.01.05,0:00,1.5644,1.5659,1.5444,1.5478,27562
2003.01.12,0:00,1.5464,1.5465,1.5295,1.5352,28521
2003.01.19,0:00,1.5354,1.5385,1.518,1.5189,28022
2003.01.26,0:00,1.5184,1.5366,1.5172,1.5199,36183
2003.02.02,0:00,1.5202,1.5268,1.5128,1.5208,30501
2003.02.09,0:00,1.5211,1.5333,1.5133,1.5227,34965
2003.02.16,0:00,1.5232,1.5257,1.5031,1.5043,31710
2003.02.23,0:00,1.5039,1.5044,1.4829,1.4835,34748
2003.03.02,0:00,1.4833,1.4885,1.4604,1.4653,35667
2003.03.09,0:00,1.4666,1.49,1.4586,1.473,35267
2003.03.16,0:00,1.4734,1.4955,1.4662,1.4933,38936
2003.03.23,0:00,1.4881,1.4923,1.4612,1.4722,38997
2003.03.30,0:00,1.4713,1.4805,1.4639,1.4727,40034
2003.04.06,0:00,1.475,1.4945,1.4494,1.4532,42261
2003.04.13,0:00,1.4532,1.4595,1.4459,1.4505,31932
2003.04.20,0:00,1.4507,1.467,1.4428,1.4467,38369
2003.04.27,0:00,1.4466,1.4548,1.4158,1.4185,37541
2003.05.04,0:00,1.4186,1.4219,1.3815,1.3932,71166
2003.05.11,0:00,1.391,1.3951,1.3623,1.3694,43926
2003.05.18,0:00,1.3554,1.3831,1.3405,1.3735,45668
2003.05.25,0:00,1.3796,1.3926,1.3621,1.3667,43331
2003.06.01,0:00,1.3721,1.3789,1.3387,1.3587,49394
2003.06.08,0:00,1.3594,1.3685,1.3328,1.3336,42109
2003.06.15,0:00,1.3339,1.3634,1.3306,1.3605,44640
2003.06.22,0:00,1.3596,1.3673,1.3387,1.3475,44249
2003.06.29,0:00,1.3467,1.3624,1.3333,1.3396,37249
2003.07.06,0:00,1.3402,1.3885,1.3372,1.3767,42674
2003.07.13,0:00,1.3766,1.4143,1.3709,1.4067,41847
2003.07.20,0:00,1.408,1.4193,1.3776,1.3793,40542
2003.07.27,0:00,1.3811,1.4111,1.3771,1.399,42206
2003.08.03,0:00,1.3984,1.4117,1.3894,1.3915,37603
2003.08.10,0:00,1.3911,1.3998,1.376,1.3867,36964
2003.08.17,0:00,1.3865,1.4168,1.3848,1.4015,39208
2003.08.24,0:00,1.4014,1.4084,1.3841,1.3866,38631
2003.08.31,0:00,1.3853,1.398,1.3652,1.3687,39832
2003.09.07,0:00,1.3678,1.3774,1.3608,1.3654,39000
2003.09.14,0:00,1.3648,1.3743,1.346,1.3487,39051
2003.09.21,0:00,1.3425,1.359,1.3367,1.3525,41673
2003.09.28,0:00,1.3536,1.364,1.3371,1.3447,42267
2003.10.05,0:00,1.345,1.3497,1.3185,1.3211,38994
2003.10.12,0:00,1.32,1.3318,1.3111,1.3158,40321
2003.10.19,0:00,1.3138,1.3257,1.3018,1.3076,39767
2003.10.26,0:00,1.3071,1.3228,1.3052,1.3181,40023
2003.11.02,0:00,1.3202,1.3439,1.3199,1.3225,38789
2003.11.09,0:00,1.3234,1.3248,1.2952,1.3029,37053
2003.11.16,0:00,1.3021,1.3177,1.2965,1.3025,41294
2003.11.23,0:00,1.3029,1.3227,1.2931,1.2992,39247
2003.11.30,0:00,1.2981,1.315,1.2942,1.3048,40290
2003.12.07,0:00,1.3057,1.3303,1.2955,1.3145,42266
2003.12.14,0:00,1.3258,1.3424,1.3101,1.3355,44982
2003.12.21,0:00,1.3356,1.3386,1.3034,1.3076,25928
2003.12.28,0:00,1.3102,1.315,1.2839,1.2882,28759
2004.01.04,0:00,1.2876,1.2957,1.2681,1.2713,44451
2004.01.11,0:00,1.2705,1.3027,1.2687,1.3006,44647
2004.01.18,0:00,1.2995,1.3198,1.2852,1.3132,44693
2004.01.25,0:00,1.3133,1.3364,1.3036,1.3245,50026
2004.02.01,0:00,1.3259,1.3439,1.3204,1.3236,45372
2004.02.08,0:00,1.3283,1.3346,1.3066,1.3167,46630
2004.02.15,0:00,1.3172,1.3513,1.3075,1.3352,49615
2004.02.22,0:00,1.337,1.3507,1.3257,1.3355,54779
2004.02.29,0:00,1.3371,1.3589,1.3157,1.3219,54791
2004.03.07,0:00,1.3221,1.339,1.3161,1.3338,54588
2004.03.14,0:00,1.3353,1.3445,1.3242,1.334,49815
2004.03.21,0:00,1.3341,1.3435,1.3164,1.3188,51596
2004.03.28,0:00,1.3183,1.3219,1.3009,1.3148,53011
2004.04.04,0:00,1.3142,1.3301,1.3037,1.3282,46091
2004.04.11,0:00,1.3278,1.3504,1.3259,1.3449,52698
2004.04.18,0:00,1.3456,1.3656,1.3422,1.3614,51609
2004.04.25,0:00,1.3618,1.3795,1.3466,1.3723,49393
2004.05.02,0:00,1.372,1.387,1.3629,1.3845,52807
2004.05.09,0:00,1.3847,1.3991,1.3827,1.3902,50405
2004.05.16,0:00,1.3903,1.4005,1.3662,1.3736,54131
2004.05.23,0:00,1.372,1.3783,1.3553,1.3624,53257
2004.05.30,0:00,1.3614,1.3725,1.3477,1.3503,48685
2004.06.06,0:00,1.3495,1.3695,1.3393,1.3633,52150
2004.06.13,0:00,1.3644,1.3822,1.3619,1.3635,51423
2004.06.20,0:00,1.3629,1.3682,1.3406,1.3505,48073
2004.06.27,0:00,1.3497,1.3534,1.3224,1.3235,51158
2004.07.04,0:00,1.3235,1.3287,1.3135,1.3181,49983
2004.07.11,0:00,1.3177,1.3305,1.3058,1.3123,51569
2004.07.18,0:00,1.3096,1.3277,1.3053,1.3212,49692
2004.07.25,0:00,1.3215,1.3386,1.3152,1.3314,54789
2004.08.01,0:00,1.3274,1.3348,1.3074,1.3142,46968
2004.08.08,0:00,1.3108,1.3337,1.3074,1.3096,48700
2004.08.15,0:00,1.3089,1.3129,1.2952,1.2976,45361
2004.08.22,0:00,1.2982,1.3157,1.2971,1.3135,47524
2004.08.29,0:00,1.3133,1.325,1.2963,1.3001,45128
2004.09.05,0:00,1.3005,1.3013,1.284,1.2904,42896
2004.09.12,0:00,1.2906,1.3056,1.2881,1.2967,38427
2004.09.19,0:00,1.2978,1.3026,1.2719,1.2739,40168
2004.09.26,0:00,1.275,1.2779,1.2591,1.2606,39797
2004.10.03,0:00,1.2634,1.2757,1.2495,1.2515,42791
2004.10.10,0:00,1.2504,1.2693,1.2503,1.2525,40473
2004.10.17,0:00,1.2536,1.2619,1.2329,1.2339,40717
2004.10.24,0:00,1.2317,1.2355,1.2157,1.2175,46073
2004.10.31,0:00,1.2184,1.2284,1.196,1.1971,44576
2004.11.07,0:00,1.1949,1.2036,1.1898,1.1938,43733
2004.11.14,0:00,1.1936,1.209,1.1873,1.1941,42137
2004.11.21,0:00,1.1935,1.1976,1.1716,1.1783,39914
2004.11.28,0:00,1.1782,1.2011,1.1768,1.1899,45788
2004.12.05,0:00,1.1912,1.2351,1.1904,1.2255,47790
2004.12.12,0:00,1.227,1.2409,1.2186,1.229,46673
2004.12.19,0:00,1.2269,1.2468,1.2219,1.2296,41928
2004.12.26,0:00,1.2322,1.2332,1.1967,1.2008,42939
2005.01.02,0:00,1.2016,1.2399,1.1998,1.2327,49931
2005.01.09,0:00,1.2335,1.234,1.1947,1.2169,49103
2005.01.16,0:00,1.2174,1.2367,1.212,1.2223,47650
2005.01.23,0:00,1.2218,1.247,1.2141,1.2396,47226
2005.01.30,0:00,1.2406,1.2505,1.2308,1.2493,45123
2005.02.06,0:00,1.2493,1.2586,1.2356,1.2366,45031
2005.02.13,0:00,1.2358,1.2454,1.226,1.2317,47154
2005.02.20,0:00,1.2318,1.25,1.2233,1.2392,45696
2005.02.27,0:00,1.2393,1.2495,1.2275,1.2313,46274
2005.03.06,0:00,1.2315,1.2353,1.1993,1.2054,46586
2005.03.13,0:00,1.2034,1.21,1.1976,1.2018,45013
2005.03.20,0:00,1.203,1.2201,1.1984,1.2185,42723
2005.03.27,0:00,1.2183,1.2268,1.2056,1.2142,44667
2005.04.03,0:00,1.2168,1.2321,1.2151,1.2285,43529
2005.04.10,0:00,1.2287,1.2481,1.2237,1.2469,41842
2005.04.17,0:00,1.2457,1.25,1.2315,1.2358,42002
2005.04.24,0:00,1.2336,1.2619,1.2331,1.2578,41535
2005.05.01,0:00,1.2594,1.2638,1.2386,1.2417,42078
2005.05.08,0:00,1.242,1.2659,1.2358,1.2657,42486
2005.05.15,0:00,1.2653,1.2734,1.2554,1.2654,42897
2005.05.22,0:00,1.266,1.2695,1.2513,1.2548,39916
2005.05.29,0:00,1.2565,1.2633,1.2424,1.2471,46222
2005.06.05,0:00,1.247,1.2588,1.2423,1.2518,47074
2005.06.12,0:00,1.2506,1.2592,1.2284,1.2292,50427
2005.06.19,0:00,1.2315,1.2431,1.2273,1.2331,49051
2005.06.26,0:00,1.2342,1.2435,1.2231,1.2418,50833
2005.07.03,0:00,1.245,1.248,1.2174,1.2196,47681
2005.07.10,0:00,1.2195,1.222,1.2022,1.2203,50862
2005.07.17,0:00,1.2206,1.2249,1.2109,1.2193,50814
2005.07.24,0:00,1.2197,1.2429,1.2154,1.2232,47837
2005.07.31,0:00,1.2223,1.2263,1.2065,1.2163,49820
2005.08.07,0:00,1.2164,1.2194,1.1923,1.1973,47634
2005.08.14,0:00,1.1959,1.2222,1.1941,1.211,45158
2005.08.21,0:00,1.2104,1.2135,1.1861,1.1991,43177
2005.08.28,0:00,1.1976,1.2032,1.1805,1.1884,44453
2005.09.04,0:00,1.1884,1.1945,1.1726,1.1784,41670
2005.09.11,0:00,1.1762,1.19,1.176,1.1793,41432
2005.09.18,0:00,1.1819,1.1832,1.1623,1.1709,42570
2005.09.25,0:00,1.1736,1.1819,1.1586,1.1678,44085
2005.10.02,0:00,1.1622,1.1869,1.162,1.1739,43860
2005.10.09,0:00,1.1746,1.1896,1.1683,1.1854,42102
2005.10.16,0:00,1.1859,1.1886,1.1708,1.1878,46451
2005.10.23,0:00,1.1884,1.1928,1.1641,1.1767,43745
2005.10.30,0:00,1.178,1.1868,1.1716,1.185,44374
2005.11.06,0:00,1.1855,1.1977,1.1801,1.1898,43432
2005.11.13,0:00,1.1904,1.1978,1.1851,1.1885,43339
2005.11.20,0:00,1.1881,1.1914,1.1675,1.1704,41963
2005.11.27,0:00,1.1699,1.1736,1.1603,1.1616,42771
2005.12.04,0:00,1.162,1.1643,1.1531,1.1569,40826
2005.12.11,0:00,1.1586,1.1615,1.1425,1.1599,43279
2005.12.18,0:00,1.1597,1.1757,1.1579,1.1659,40448
2005.12.25,0:00,1.1668,1.1751,1.1606,1.1618,35449
2006.01.01,0:00,1.1632,1.1731,1.1453,1.1656,39978
2006.01.08,0:00,1.1658,1.1751,1.156,1.1614,45331
2006.01.15,0:00,1.1592,1.18,1.1516,1.1538,45591
2006.01.22,0:00,1.1549,1.1584,1.1453,1.149,45965
2006.01.29,0:00,1.1485,1.1505,1.137,1.1444,41501
2006.02.05,0:00,1.1426,1.1565,1.1422,1.1531,41783
2006.02.12,0:00,1.1536,1.1616,1.1499,1.1519,42359
2006.02.19,0:00,1.1503,1.156,1.145,1.1484,39520
2006.02.26,0:00,1.1498,1.151,1.1294,1.1332,40964
2006.03.05,0:00,1.1352,1.165,1.1338,1.161,41849
2006.03.12,0:00,1.1605,1.164,1.151,1.157,40682
2006.03.19,0:00,1.1593,1.1725,1.1571,1.1679,42305
2006.03.26,0:00,1.1679,1.175,1.1576,1.1685,42995
2006.04.02,0:00,1.1685,1.1774,1.1436,1.1494,43993
2006.04.09,0:00,1.1488,1.1538,1.1426,1.1516,38045
2006.04.16,0:00,1.1516,1.1537,1.1349,1.1373,40251
2006.04.23,0:00,1.1358,1.1404,1.1162,1.1171,40981
2006.04.30,0:00,1.1175,1.1191,1.1011,1.1061,40256
2006.05.07,0:00,1.1056,1.1168,1.0973,1.1091,42473
2006.05.14,0:00,1.1086,1.1276,1.1013,1.1191,44651
2006.05.21,0:00,1.1205,1.1271,1.1053,1.1072,42570
2006.05.28,0:00,1.1042,1.1103,1.093,1.101,41195
2006.06.04,0:00,1.1013,1.1247,1.0975,1.1072,43756
2006.06.11,0:00,1.1063,1.1255,1.0958,1.1228,43194
2006.06.18,0:00,1.1221,1.1291,1.1031,1.123,43219
2006.06.25,0:00,1.1205,1.1271,1.108,1.1164,42937
2006.07.02,0:00,1.1168,1.119,1.1041,1.1133,42127
2006.07.09,0:00,1.1143,1.1402,1.1132,1.1276,44905
2006.07.16,0:00,1.1279,1.1408,1.1261,1.1367,44253
2006.07.23,0:00,1.1376,1.1461,1.1282,1.1313,46464
2006.07.30,0:00,1.1301,1.1375,1.122,1.1269,44594
2006.08.06,0:00,1.1271,1.1286,1.1171,1.125,43222
2006.08.13,0:00,1.1257,1.1322,1.1142,1.1246,42967
2006.08.20,0:00,1.1256,1.1259,1.1047,1.1092,43323
2006.08.27,0:00,1.1091,1.1131,1.103,1.1045,42035
2006.09.03,0:00,1.1043,1.1213,1.1041,1.1202,44177
2006.09.10,0:00,1.121,1.1234,1.1118,1.119,32490
2006.09.17,0:00,1.1191,1.1294,1.1118,1.1174,30030
2006.09.24,0:00,1.1173,1.1189,1.1085,1.1178,26347
2006.10.01,0:00,1.1175,1.1304,1.1144,1.1253,26035
2006.10.08,0:00,1.1263,1.1384,1.1211,1.1377,18114
2006.10.15,0:00,1.1372,1.1413,1.1203,1.1252,21935
2006.10.22,0:00,1.1249,1.1321,1.1177,1.1193,18779
2006.10.29,0:00,1.1196,1.1372,1.1176,1.1297,22720
2006.11.05,0:00,1.1292,1.1363,1.1254,1.1321,18905
2006.11.12,0:00,1.1309,1.1473,1.1302,1.1465,19899
2006.11.19,0:00,1.1463,1.154,1.1304,1.1345,18545
2006.11.26,0:00,1.1323,1.1464,1.1285,1.1446,21780
2006.12.03,0:00,1.1436,1.1515,1.1375,1.1492,20900
2006.12.10,0:00,1.1491,1.1587,1.1451,1.1576,23209
2006.12.17,0:00,1.1575,1.1586,1.1429,1.1586,19811
2006.12.24,0:00,1.1583,1.1667,1.157,1.1659,14390
2006.12.31,0:00,1.1645,1.1786,1.1622,1.1728,18267
2007.01.07,0:00,1.173,1.1802,1.1681,1.1702,24619
2007.01.14,0:00,1.1701,1.1773,1.1644,1.1723,22875
2007.01.21,0:00,1.1722,1.1849,1.171,1.1795,24189
2007.01.28,0:00,1.1793,1.1869,1.1735,1.1842,17749
2007.02.04,0:00,1.1841,1.1874,1.1713,1.1721,13985
2007.02.11,0:00,1.1733,1.1767,1.1618,1.1632,16908
2007.02.18,0:00,1.1638,1.1714,1.1563,1.1594,13481
2007.02.25,0:00,1.159,1.1773,1.1573,1.177,18356
2007.03.04,0:00,1.1771,1.1824,1.1702,1.1723,18409
2007.03.11,0:00,1.1719,1.1779,1.1679,1.1755,16401
2007.03.18,0:00,1.1764,1.1787,1.1534,1.1604,17864
2007.03.25,0:00,1.1607,1.1634,1.1498,1.1538,17191
2007.04.01,0:00,1.152,1.1598,1.1485,1.1511,13176
2007.04.08,0:00,1.1503,1.153,1.1329,1.1376,15355
2007.04.15,0:00,1.1364,1.1367,1.1211,1.1236,16583
2007.04.22,0:00,1.1223,1.1246,1.1128,1.1162,17901
2007.04.29,0:00,1.1153,1.1195,1.1031,1.1076,18112
2007.05.06,0:00,1.107,1.1167,1.1004,1.1104,16779
2007.05.13,0:00,1.1108,1.1125,1.0875,1.0884,18405
2007.05.20,0:00,1.0887,1.0896,1.0775,1.0802,17902
2007.05.27,0:00,1.0796,1.0834,1.0598,1.0606,16912
2007.06.03,0:00,1.0611,1.0712,1.0547,1.0606,19158
2007.06.10,0:00,1.0609,1.0738,1.0588,1.0677,19560
2007.06.17,0:00,1.0679,1.0757,1.0614,1.0682,19485
2007.06.24,0:00,1.0686,1.0733,1.0468,1.0652,21859
2007.07.01,0:00,1.0625,1.0636,1.046,1.0493,17159
2007.07.08,0:00,1.0485,1.061,1.0444,1.0475,19761
2007.07.15,0:00,1.0478,1.0496,1.0399,1.0484,16391
2007.07.22,0:00,1.0486,1.0646,1.0339,1.064,24601
2007.07.29,0:00,1.0644,1.0698,1.05,1.0568,25944
2007.08.05,0:00,1.0565,1.0642,1.0461,1.053,24880
2007.08.12,0:00,1.0538,1.0866,1.0484,1.0597,36994
2007.08.19,0:00,1.0611,1.069,1.0474,1.0519,27144
2007.08.26,0:00,1.0521,1.0676,1.0469,1.0555,25196
2007.09.02,0:00,1.0555,1.058,1.0471,1.0549,20742
2007.09.09,0:00,1.0543,1.0589,1.0277,1.0298,29605
2007.09.16,0:00,1.0303,1.0311,0.9936,1.0006,29838
2007.09.23,0:00,0.9998,1.0094,0.9912,0.9921,26672
2007.09.30,0:00,0.9925,1.0015,0.9787,0.9805,26106
2007.10.07,0:00,0.9812,0.9894,0.9716,0.9717,21805
2007.10.14,0:00,0.9718,0.982,0.9632,0.9667,26537
2007.10.21,0:00,0.9663,0.9824,0.9588,0.9621,29192
2007.10.28,0:00,0.9613,0.9626,0.9325,0.9343,32641
2007.11.04,0:00,0.9358,0.9446,0.9056,0.9446,39270
2007.11.11,0:00,0.9466,0.9887,0.9432,0.9734,41813
2007.11.18,0:00,0.9753,0.9923,0.9703,0.988,31545
2007.11.25,0:00,0.9862,1.0017,0.9799,0.999,32332
2007.12.02,0:00,0.9993,1.0213,0.9974,1.0051,27932
2007.12.09,0:00,1.0042,1.0248,1.0004,1.017,27111
2007.12.16,0:00,1.0178,1.0225,0.991,0.9915,27152
2007.12.23,0:00,0.9919,0.9931,0.9756,0.9816,13799
2007.12.30,0:00,0.9801,1.0042,0.9765,1.0026,18469
2008.01.06,0:00,1.0023,1.0219,0.9965,1.0187,29585
2008.01.13,0:00,1.02,1.0307,1.0124,1.0271,27948
2008.01.20,0:00,1.0266,1.0378,1.0015,1.008,37057
2008.01.27,0:00,1.0079,1.0118,0.9871,0.9951,30406
2008.02.03,0:00,0.994,1.0126,0.9921,0.9989,27568
2008.02.10,0:00,0.9992,1.0112,0.9921,1.0066,23968
2008.02.17,0:00,1.0088,1.0198,1.0021,1.0125,23273
2008.02.24,0:00,1.013,1.013,0.9709,0.9877,31701
2008.03.02,0:00,0.9864,0.9976,0.9742,0.9906,32488
2008.03.09,0:00,0.9902,0.9981,0.9797,0.9888,31438
2008.03.16,0:00,0.9865,1.0293,0.986,1.0233,34504
2008.03.23,0:00,1.0261,1.0307,1.0094,1.0224,28078
2008.03.30,0:00,1.0225,1.0326,1.0018,1.0084,30723
2008.04.06,0:00,1.0094,1.0247,1.0038,1.0233,22705
2008.04.13,0:00,1.0268,1.0273,0.9987,1.004,26978
2008.04.20,0:00,1.0048,1.0214,0.9997,1.0135,25052
2008.04.27,0:00,1.0129,1.0242,1.0036,1.0193,27987
2008.05.04,0:00,1.0198,1.0198,0.9998,1.0051,26221
2008.05.11,0:00,1.0067,1.0105,0.9943,0.9991,26225
2008.05.18,0:00,0.9995,0.9998,0.9818,0.9897,26091
2008.05.25,0:00,0.9884,0.9978,0.9823,0.9933,27975
2008.06.01,0:00,0.9949,1.0219,0.9927,1.0195,29991
2008.06.08,0:00,1.0185,1.0322,1.015,1.0292,27249
2008.06.15,0:00,1.0289,1.0298,1.01,1.0162,23301
2008.06.22,0:00,1.0166,1.0191,1.0048,1.0108,22739
2008.06.29,0:00,1.0115,1.0238,1.0061,1.0195,26656
2008.07.06,0:00,1.0191,1.023,1.0067,1.0091,28102
2008.07.13,0:00,1.0072,1.0138,0.9974,1.0056,27791
2008.07.20,0:00,1.0066,1.0206,0.999,1.0196,31743
2008.07.27,0:00,1.0191,1.0295,1.0173,1.0271,27509
2008.08.03,0:00,1.0265,1.0696,1.0262,1.0665,31568
2008.08.10,0:00,1.0678,1.0727,1.0562,1.0591,34356
2008.08.17,0:00,1.0592,1.0668,1.0419,1.0469,26784
2008.08.24,0:00,1.0479,1.0641,1.041,1.0639,30480
2008.08.31,0:00,1.0616,1.0776,1.0543,1.0621,41394
2008.09.07,0:00,1.0559,1.0819,1.0551,1.0599,46281
2008.09.14,0:00,1.0639,1.0808,1.0429,1.046,58412
2008.09.21,0:00,1.0481,1.0514,1.0297,1.0334,38236
2008.09.28,0:00,1.0359,1.0842,1.0334,1.0825,51268
2008.10.05,0:00,1.0844,1.2123,1.0814,1.173,76794
2008.10.12,0:00,1.1684,1.1995,1.1304,1.1824,76112
2008.10.19,0:00,1.1826,1.2839,1.174,1.2773,75771
2008.10.26,0:00,1.2751,1.3015,1.1903,1.2123,106912
2008.11.02,0:00,1.211,1.2114,1.1464,1.1891,70396
2008.11.09,0:00,1.1817,1.2445,1.1659,1.2368,74957
2008.11.16,0:00,1.2381,1.2983,1.2109,1.2666,71620
2008.11.23,0:00,1.2664,1.2773,1.2125,1.2394,66201
2008.11.30,0:00,1.2368,1.3004,1.2304,1.2705,58966
2008.12.07,0:00,1.2737,1.2752,1.216,1.2482,53117
2008.12.14,0:00,1.2456,1.2463,1.1818,1.2152,65508
2008.12.21,0:00,1.2174,1.2251,1.1985,1.2218,32115
2008.12.28,0:00,1.2203,1.2342,1.2057,1.2058,37216
2009.01.04,0:00,1.2054,1.2223,1.1761,1.1851,81567
2009.01.11,0:00,1.1898,1.2672,1.1881,1.2429,104933
2009.01.18,0:00,1.2377,1.2765,1.2268,1.231,105174
2009.01.25,0:00,1.2339,1.2415,1.2024,1.2293,318099
2009.02.01,0:00,1.2273,1.2537,1.2187,1.2191,273536
2009.02.08,0:00,1.2187,1.2547,1.213,1.2352,97185
2009.02.15,0:00,1.24,1.2672,1.2389,1.2518,79345
2009.02.22,0:00,1.2511,1.2758,1.2356,1.2758,75287
2009.03.01,0:00,1.277,1.2973,1.2709,1.2871,80480
2009.03.08,0:00,1.2841,1.3063,1.2624,1.2716,86133
2009.03.15,0:00,1.2779,1.2782,1.2191,1.2405,106642
2009.03.22,0:00,1.2366,1.24435,1.22005,1.2419,132292
2009.03.29,0:00,1.2409,1.27135,1.22935,1.2296,124387
2009.04.05,0:00,1.22941,1.24828,1.22099,1.22563,129268
2009.04.12,0:00,1.22519,1.22978,1.1981,1.21313,130693
2009.04.19,0:00,1.21403,1.25038,1.20722,1.20941,151722
2009.04.26,0:00,1.21088,1.22651,1.18298,1.18556,163022
2009.05.03,0:00,1.18711,1.18981,1.149,1.14933,235098
2009.05.10,0:00,1.149,1.18049,1.14742,1.17748,229013
2009.05.17,0:00,1.17843,1.1814,1.11874,1.11934,202105
2009.05.24,0:00,1.12131,1.1354,1.08905,1.0908,220160
2009.05.31,0:00,1.09059,1.12064,1.07842,1.11891,293862
2009.06.07,0:00,1.12038,1.12892,1.09404,1.11876,268772
2009.06.14,0:00,1.11953,1.14476,1.11818,1.13481,221175
2009.06.21,0:00,1.13478,1.16362,1.13343,1.15247,246002
2009.06.28,0:00,1.15233,1.16537,1.14391,1.16058,184166
2009.07.05,0:00,1.16198,1.17232,1.15425,1.16376,207146
2009.07.12,0:00,1.16201,1.167,1.11163,1.11332,203965
2009.07.19,0:00,1.1151,1.11528,1.07935,1.08657,212981
2009.07.26,0:00,1.08571,1.09327,1.07492,1.0775,224902
2009.08.02,0:00,1.07698,1.08651,1.06318,1.08107,190674
2009.08.09,0:00,1.08262,1.10745,1.07925,1.09806,208739
2009.08.16,0:00,1.09936,1.11238,1.07623,1.081,214238
2009.08.23,0:00,1.07918,1.10189,1.07184,1.0916,187852
2009.08.30,0:00,1.09167,1.1101,1.0823,1.0885,153319
2009.09.06,0:00,1.0862,1.0878,1.0673,1.0766,76108
2009.09.13,0:00,1.077,1.0925,1.059,1.069,40477
2009.09.20,0:00,1.0701,1.0981,1.0659,1.0909,43671
2009.09.27,0:00,1.0914,1.0991,1.067,1.0796,45603
2009.10.04,0:00,1.0808,1.0822,1.041,1.042,44730
2009.10.11,0:00,1.0426,1.0451,1.0205,1.0368,39891
2009.10.18,0:00,1.0392,1.0582,1.0265,1.0536,42694
2009.10.25,0:00,1.0507,1.08462,1.05,1.0845,82149
2009.11.01,0:00,1.08464,1.08516,1.05935,1.07519,219098
2009.11.08,0:00,1.07322,1.07465,1.04164,1.05161,198745
2009.11.15,0:00,1.05326,1.07305,1.04259,1.07043,216294
2009.11.22,0:00,1.07062,1.07483,1.04491,1.06169,194952
2009.11.29,0:00,1.0601,1.06113,1.04054,1.05783,207049
2009.12.06,0:00,1.05587,1.06701,1.04777,1.05994,228932
2009.12.13,0:00,1.06057,1.07449,1.05523,1.06629,206461
2009.12.20,0:00,1.06781,1.06974,1.04475,1.04963,125866
2009.12.27,0:00,1.048,1.05764,1.03649,1.04698,114089
2010.01.03,0:00,1.04687,1.05165,1.0291,1.02972,188038
2010.01.10,0:00,1.03092,1.0413,1.02237,1.02897,197532
2010.01.17,0:00,1.0297,1.06012,1.02474,1.0577,228581
2010.01.24,0:00,1.05637,1.07044,1.05319,1.0703,224515
2010.01.31,0:00,1.06887,1.07791,1.05452,1.07144,205786
2010.02.07,0:00,1.07019,1.07721,1.04791,1.05024,254039
2010.02.14,0:00,1.05147,1.05319,1.03873,1.03906,219934
2010.02.21,0:00,1.0388,1.06792,1.03693,1.05156,231076
2010.02.28,0:00,1.05191,1.05723,1.02599,1.02878,210988
2010.03.07,0:00,1.02756,1.03203,1.01542,1.01915,151764
2010.03.14,0:00,1.01715,1.02311,1.00608,1.01714,159227
2010.03.21,0:00,1.01631,1.0302,1.01473,1.02646,156406
2010.03.28,0:00,1.0254,1.02715,1.0066,1.01095,135902
2010.04.04,0:00,1.0084,1.01038,0.99766,1.00255,133220
2010.04.11,0:00,1.00451,1.01615,0.99524,1.01273,147974
2010.04.18,0:00,1.01515,1.02146,0.99299,0.99888,166842
2010.04.25,0:00,0.99965,1.01962,0.99703,1.01775,175877
2010.05.02,0:00,1.01613,1.07347,1.01,1.04381,227610
2010.05.09,0:00,1.03161,1.03918,1.01095,1.03549,213906
2010.05.16,0:00,1.03507,1.07481,1.02455,1.05932,261105
2010.05.23,0:00,1.06223,1.08516,1.04435,1.05448,229453
2010.05.30,0:00,1.05184,1.06264,1.03328,1.06264,226231
2010.06.06,0:00,1.0606,1.06781,1.02865,1.03203,255845
2010.06.13,0:00,1.03421,1.03591,1.02062,1.0217,208488
2010.06.20,0:00,1.01959,1.04684,1.0138,1.03518,164203
2010.06.27,0:00,1.03523,1.0673,1.03196,1.06223,194482
2010.07.04,0:00,1.06259,1.06756,1.0295,1.03361,142339
2010.07.11,0:00,1.03223,1.05809,1.02755,1.05806,192799
2010.07.18,0:00,1.05718,1.05852,1.03454,1.03572,161601
2010.07.25,0:00,1.03779,1.03943,1.0255,1.02945,147566
2010.08.01,0:00,1.02853,1.03048,1.01067,1.02718,130434
2010.08.08,0:00,1.02696,1.04934,1.02557,1.0417,150468
2010.08.15,0:00,1.04139,1.05132,1.02469,1.04729,151982
2010.08.22,0:00,1.04927,1.06661,1.04444,1.05065,168216
2010.08.29,0:00,1.0497,1.06716,1.03801,1.03863,144517
2010.09.05,0:00,1.03918,1.0508,1.0286,1.03683,127583
2010.09.12,0:00,1.034,1.03494,1.02154,1.0328,154026
2010.09.19,0:00,1.0328,1.03778,1.019,1.02434,138898
2010.09.26,0:00,1.02421,1.03607,1.01868,1.01953,176238
2010.10.03,0:00,1.0195,1.02717,1.00618,1.0112,176855
2010.10.10,0:00,1.0105,1.0182,0.99793,1.01018,146897
2010.10.17,0:00,1.01175,1.03716,1.01164,1.02573,191763
2010.10.24,0:00,1.0256,1.03385,1.01534,1.01922,233060
2010.10.31,0:00,1.0183,1.02017,0.99907,1.00004,260625
2010.11.07,0:00,1.00031,1.01446,0.9977,1.01214,277552
2010.11.14,0:00,1.01206,1.02598,1.00562,1.0167,283463
2010.11.21,0:00,1.01622,1.02631,1.00758,1.02116,247033
2010.11.28,0:00,1.01857,1.02854,1.00021,1.00377,311465
2010.12.05,0:00,1.00335,1.01396,1.0011,1.00896,260984
2010.12.12,0:00,1.00977,1.01452,1.00005,1.01386,249272
2010.12.19,0:00,1.01231,1.02074,1.00493,1.00816,200465
2010.12.26,0:00,1.00824,1.01095,0.99247,0.99708,165192
2011.01.02,0:00,0.99335,1.00334,0.98879,0.99336,224226
2011.01.09,0:00,0.99298,0.99832,0.98478,0.99083,222654
2011.01.16,0:00,0.98787,1.00295,0.98361,0.99301,252331
2011.01.23,0:00,0.99358,1.00158,0.99106,1.00115,258362
2011.01.30,0:00,1.00065,1.0057,0.98311,0.98713,238122
2011.02.06,0:00,0.98731,0.99869,0.9857,0.98753,164154
2011.02.13,0:00,0.98732,0.9902,0.98154,0.98661,190515
2011.02.20,0:00,0.985,0.99578,0.97724,0.97761,234962
2011.02.27,0:00,0.97824,0.97881,0.96833,0.97327,222637
2011.03.06,0:00,0.97198,0.98005,0.96666,0.97302,216955
2011.03.13,0:00,0.97361,0.99729,0.9709,0.98442,301363
2011.03.20,0:00,0.98438,0.98452,0.97307,0.98025,231759
2011.03.27,0:00,0.98155,0.98217,0.96252,0.963,219096
2011.04.03,0:00,0.96413,0.96922,0.95257,0.95525,199185
2011.04.10,0:00,0.95512,0.96686,0.95421,0.95898,210181
2011.04.17,0:00,0.95883,0.97206,0.94534,0.95416,182757
2011.04.24,0:00,0.95252,0.95751,0.94452,0.94487,207001
2011.05.01,0:00,0.94502,0.97108,0.9444,0.96639,254531
2011.05.08,0:00,0.96657,0.97428,0.95128,0.96819,251678
2011.05.15,0:00,0.96937,0.97929,0.96408,0.9733,149025
2011.05.22,0:00,0.97395,0.98158,0.97357,0.97586,185982
2011.05.29,0:00,0.97754,0.9851,0.96548,0.97763,207878
2011.06.05,0:00,0.97733,0.98197,0.97125,0.97969,173382
2011.06.12,0:00,0.97861,0.98977,0.96694,0.981,250801
2011.06.19,0:00,0.98062,0.98857,0.97006,0.98845,262595
2011.06.26,0:00,0.98767,0.99123,0.95796,0.9583,227978
2011.07.03,0:00,0.95904,0.9694,0.95668,0.96182,203132
2011.07.10,0:00,0.96177,0.97771,0.95198,0.95314,270154
2011.07.17,0:00,0.9541,0.96352,0.9423,0.9478,206442
2011.07.24,0:00,0.94794,0.95897,0.94062,0.95512,203464
2011.07.31,0:00,0.95551,0.9852,0.94913,0.98184,280501
2011.08.07,0:00,0.98174,1.0009,0.97651,0.98694,414459
2011.08.14,0:00,0.98801,0.99375,0.97738,0.98995,297589
2011.08.21,0:00,0.99093,0.99229,0.97909,0.98116,274904
2011.08.28,0:00,0.98184,0.98568,0.97251,0.98512,260144
2011.09.04,0:00,0.98694,0.99787,0.98284,0.99654,310687
2011.09.11,0:00,0.99712,1.00249,0.9779,0.97791,349785
2011.09.18,0:00,0.98083,1.03597,0.98054,1.02762,389527
2011.09.25,0:00,1.02827,1.05019,1.01431,1.04999,409950
2011.10.02,0:00,1.04774,1.0656,1.02351,1.03915,404633
2011.10.09,0:00,1.03798,1.03864,1.00933,1.00966,343098
2011.10.16,0:00,1.00996,1.02631,1.00434,1.00628,377536
2011.10.23,0:00,1.00945,1.02111,0.98912,0.99135,400153
2011.10.30,0:00,0.99208,1.02267,0.99122,1.01855,397621
2011.11.06,0:00,1.01618,1.02652,1.0077,1.01117,344410
2011.11.13,0:00,1.01046,1.03004,1.0087,1.02722,374783
2011.11.20,0:00,1.02762,1.0523,1.02758,1.04655,345133
2011.11.27,0:00,1.04334,1.04338,1.00787,1.01908,321648
2011.12.04,0:00,1.01848,1.0261,1.00508,1.01654,332114
2011.12.11,0:00,1.01998,1.04222,1.01826,1.03818,336132
2011.12.18,0:00,1.03877,1.04147,1.01799,1.01983,276945
2011.12.25,0:00,1.02227,1.02672,1.01254,1.02018,204799
2012.01.01,0:00,1.0201,1.02848,1.00756,1.0283,273017
2012.01.08,0:00,1.0294,1.03178,1.01382,1.023,307945
2012.01.15,0:00,1.02405,1.02522,1.00694,1.01301,286267
2012.01.22,0:00,1.01513,1.01566,0.99807,1.00159,279330
2012.01.29,0:00,1.00141,1.00689,0.99262,0.99329,307565
2012.02.05,0:00,0.99348,1.00378,0.99249,1.0013,303022
2012.02.12,0:00,1.00011,1.00504,0.99375,0.99663,289186
2012.02.19,0:00,0.99308,1.00188,0.99053,0.9993,260836
2012.02.26,0:00,0.9994,1.00487,0.98408,0.98886,271624
2012.03.04,0:00,0.99005,1.00275,0.98716,0.99033,259726
2012.03.11,0:00,0.99043,0.99473,0.98794,0.99144,234313
2012.03.18,0:00,0.99116,1.00331,0.98594,0.99757,247216
2012.03.25,0:00,0.99818,1.0018,0.9899,0.99854,247975
2012.04.01,0:00,0.99568,0.99976,0.98871,0.99685,264439
2012.04.08,0:00,0.99721,1.0051,0.99253,0.99951,267451
2012.04.15,0:00,0.99916,1.00319,0.98648,0.99188,295552
2012.04.22,0:00,0.99247,0.9978,0.97988,0.98029,281073
2012.04.29,0:00,0.98066,0.99623,0.98029,0.99586,259956
2012.05.06,0:00,0.99501,1.00615,0.99224,1.00034,316754
2012.05.13,0:00,1.00156,1.02264,0.99894,1.02203,335607
2012.05.20,0:00,1.02135,1.03108,1.01509,1.0292,335716
2012.05.27,0:00,1.02677,1.04406,1.02063,1.04091,288453
2012.06.03,0:00,1.03909,1.04449,1.02098,1.02595,305872
2012.06.10,0:00,1.02226,1.03242,1.01995,1.0215,295349
2012.06.17,0:00,1.02014,1.02987,1.01585,1.02436,323617
2012.06.24,0:00,1.0254,1.03608,1.0164,1.0164,313886
2012.07.01,0:00,1.01612,1.02066,1.00999,1.01948,280604
2012.07.08,0:00,1.01993,1.02486,1.01287,1.01381,278733
2012.07.15,0:00,1.01355,1.01719,1.00648,1.01254,261255
2012.07.22,0:00,1.01353,1.02303,1.00299,1.00308,307067
2012.07.29,0:00,1.00429,1.00833,0.99789,1.0012,298604
2012.08.05,0:00,1.00119,1.00194,0.9905,0.99088,272819
2012.08.12,0:00,0.99101,0.99404,0.98587,0.98901,229768
2012.08.19,0:00,0.98851,0.99477,0.98415,0.99215,224837
2012.08.26,0:00,0.99166,0.99308,0.98417,0.98609,202524
2012.09.02,0:00,0.98662,0.99183,0.97645,0.97858,239730
2012.09.09,0:00,0.97756,0.97876,0.96319,0.97133,219951
2012.09.16,0:00,0.97018,0.98155,0.96923,0.97622,224192
2012.09.23,0:00,0.97641,0.98589,0.97557,0.98363,237904
2012.09.30,0:00,0.98399,0.98839,0.97343,0.97852,231663
2012.10.07,0:00,0.97809,0.98336,0.97431,0.98003,212098
2012.10.14,0:00,0.97867,0.99382,0.97633,0.9935,201693
2012.10.21,0:00,0.99423,0.99927,0.98879,0.99684,206289
2012.10.28,0:00,0.99934,1.00177,0.99207,0.99571,253636
2012.11.04,0:00,0.9957,1.00327,0.98736,1.00154,407134
2012.11.11,0:00,1.00038,1.00552,0.99843,1.00112,337386
2012.11.18,0:00,1.00109,1.00165,0.99143,0.99271,314131
2012.11.25,0:00,0.99243,0.99602,0.99046,0.99417,319578
2012.12.02,0:00,0.99378,0.99535,0.98754,0.98826,294769
2012.12.09,0:00,0.98711,0.98877,0.98239,0.98544,297705
2012.12.16,0:00,0.98561,0.99525,0.98312,0.99309,306441
2012.12.23,0:00,0.99326,0.997,0.99075,0.99678,194213
2012.12.30,0:00,0.99532,0.99698,0.9836,0.98708,249516
2013.01.06,0:00,0.98613,0.98844,0.98151,0.98472,340294
2013.01.13,0:00,0.98443,0.99461,0.98306,0.99147,382614
2013.01.20,0:00,0.99213,1.00996,0.99026,1.00565,361035
2013.01.27,0:00,1.00664,1.00997,0.99565,0.99633,358305
2013.02.03,0:00,0.99657,1.00348,0.99318,1.00197,339851
2013.02.10,0:00,1.003,1.00875,0.99988,1.00619,308179
2013.02.17,0:00,1.00752,1.02559,1.00568,1.02119,322219
2013.02.24,0:00,1.02199,1.03414,1.02163,1.02657,384029
2013.03.03,0:00,1.0273,1.03366,1.0234,1.02814,83188
2013.03.10,0:00,1.02869,1.02947,1.01805,1.01935,110091
2013.03.17,0:00,1.02256,1.02837,1.01994,1.0232,118172
2013.03.24,0:00,1.02323,1.02323,1.01445,1.0169,105268
2013.03.31,0:00,1.01671,1.02355,1.01037,1.01748,105263
2013.04.07,0:00,1.0167,1.02137,1.00828,1.01313,109941
2013.04.14,0:00,1.01409,1.02928,1.01329,1.02639,158087
2013.04.21,0:00,1.02559,1.02852,1.01572,1.01625,127013
2013.04.28,0:00,1.01662,1.01683,1.00507,1.00737,112561
2013.05.05,0:00,1.00767,1.01518,1.00133,1.00987,112612
2013.05.12,0:00,1.0112,1.0313,1.00815,1.02788,121900
2013.05.19,0:00,1.02749,1.0393,1.02165,1.03151,166184
2013.05.26,0:00,1.03148,1.04203,1.02945,1.03736,165804
2013.06.02,0:00,1.03625,1.03798,1.01666,1.0193,223349
2013.06.09,0:00,1.02185,1.02509,1.01369,1.01675,231072
2013.06.16,0:00,1.01722,1.04883,1.01489,1.04538,179739
2013.06.23,0:00,1.0478,1.05557,1.04237,1.05164,233714
2013.06.30,0:00,1.05217,1.06089,1.04721,1.05805,166189
2013.07.07,0:00,1.05801,1.05851,1.03258,1.03925,187231
2013.07.14,0:00,1.03896,1.04418,1.03553,1.03656,163347
2013.07.21,0:00,1.03659,1.03671,1.02552,1.02746,149900
2013.07.28,0:00,1.02822,1.04022,1.02458,1.0387,157918
2013.08.04,0:00,1.0388,1.04451,1.02751,1.02858,141013
2013.08.11,0:00,1.0294,1.03693,1.0279,1.03346,142672
2013.08.18,0:00,1.03305,1.0568,1.03156,1.04944,159961
2013.08.25,0:00,1.05127,1.05579,1.04719,1.05324,138300
2013.09.01,0:00,1.05284,1.05593,1.03817,1.04042,117143
2013.09.08,0:00,1.04029,1.04182,1.03056,1.03489,109914
2013.09.15,0:00,1.0315,1.03343,1.01822,1.03026,117173
2013.09.22,0:00,1.03059,1.034,1.02693,1.0304,100355
2013.09.29,0:00,1.0316,1.03562,1.0275,1.02917,111008
2013.10.06,0:00,1.02992,1.04192,1.02956,1.03467,108428
2013.10.13,0:00,1.0361,1.0391,1.0277,1.02852,103523
2013.10.20,0:00,1.02887,1.04603,1.02707,1.04444,101043
2013.10.27,0:00,1.04467,1.04963,1.04114,1.04161,100695
2013.11.03,0:00,1.04195,1.0503,1.03977,1.04767,96552
2013.11.10,0:00,1.04845,1.05256,1.04365,1.04366,99693
2013.11.17,0:00,1.04366,1.05683,1.04146,1.05115,109119
2013.11.24,0:00,1.0523,1.06281,1.052,1.06046,104472
2013.12.01,0:00,1.06185,1.07078,1.06136,1.06378,128330
2013.12.08,0:00,1.06458,1.06696,1.05607,1.05832,107846
2013.12.15,0:00,1.05908,1.07369,1.05721,1.06337,114593
2013.12.22,0:00,1.06412,1.07183,1.05812,1.0703,61407
2013.12.29,0:00,1.07068,1.07271,1.05884,1.06297,83226
2014.01.05,0:00,1.06327,1.09457,1.06084,1.08856,128517
2014.01.12,0:00,1.09055,1.09909,1.08422,1.09594,119513
2014.01.19,0:00,1.09661,1.11731,1.09292,1.10862,136019
2014.01.26,0:00,1.10662,1.1224,1.10313,1.11271,130202
2014.02.02,0:00,1.11222,1.11331,1.09674,1.10321,152867
2014.02.09,0:00,1.10396,1.10903,1.09401,1.09775,139447
2014.02.16,0:00,1.09732,1.1195,1.09101,1.11095,139047
2014.02.23,0:00,1.11042,1.11596,1.10403,1.10606,126982
2014.03.02,0:00,1.10795,1.11176,1.0955,1.10868,131840
2014.03.09,0:00,1.1092,1.11534,1.10432,1.11043,190575
2014.03.16,0:00,1.10971,1.12782,1.1025,1.12199,221557
2014.03.23,0:00,1.12261,1.12459,1.10007,1.106,214236
2014.03.30,0:00,1.10561,1.10697,1.09565,1.09799,195861
2014.04.06,0:00,1.09808,1.10094,1.08579,1.09801,168968
2014.04.13,0:00,1.09743,1.10333,1.09421,1.10199,118414
2014.04.20,0:00,1.1023,1.10529,1.10003,1.1039,101350
2014.04.27,0:00,1.10341,1.10392,1.09354,1.09713,133686
2014.05.04,0:00,1.09762,1.09887,1.0814,1.08947,137374
2014.05.11,0:00,1.0899,1.09261,1.08515,1.08602,119623
2014.05.18,0:00,1.08621,1.09414,1.08494,1.08603,134907
2014.05.25,0:00,1.08707,1.08858,1.08219,1.08438,90592
2014.06.01,0:00,1.08424,1.09599,1.08417,1.09316,128885
2014.06.08,0:00,1.09281,1.09405,1.08412,1.08551,118686
2014.06.15,0:00,1.08544,1.08933,1.07514,1.07576,126040
2014.06.22,0:00,1.07543,1.07572,1.06595,1.06618,111643
2014.06.29,0:00,1.06624,1.06962,1.06199,1.0653,113222
2014.07.06,0:00,1.06526,1.07369,1.06303,1.07338,168531
2014.07.13,0:00,1.07317,1.07943,1.0708,1.07318,176361
2014.07.20,0:00,1.07343,1.08211,1.07097,1.08025,173146
2014.07.27,0:00,1.08144,1.09435,1.07942,1.09034,225221
2014.08.03,0:00,1.09181,1.09856,1.09031,1.0971,158593
2014.08.10,0:00,1.09711,1.09771,1.08598,1.08966,130476
2014.08.17,0:00,1.08883,1.09858,1.0875,1.09412,133849
2014.08.24,0:00,1.09667,1.09972,1.08103,1.08785,155594
2014.08.31,0:00,1.08725,1.09423,1.08209,1.0881,172036
2014.09.07,0:00,1.08834,1.10979,1.08824,1.10908,279879
2014.09.14,0:00,1.1087,1.10988,1.0887,1.09621,245929
2014.09.21,0:00,1.09612,1.1169,1.09257,1.11541,256843
2014.09.28,0:00,1.11553,1.12703,1.10716,1.12444,239574
2014.10.05,0:00,1.12542,1.12652,1.10818,1.11986,272388
2014.10.12,0:00,1.12027,1.13853,1.1182,1.1274,313356
2014.10.19,0:00,1.12828,1.12959,1.11837,1.12299,237242
2014.10.26,0:00,1.12399,1.1332,1.11215,1.12642,261620
2014.11.02,0:00,1.1278,1.14661,1.12629,1.13275,369081
2014.11.09,0:00,1.13254,1.14013,1.12639,1.1285,296056
2014.11.16,0:00,1.12924,1.13687,1.11904,1.12314,253271
2014.11.23,0:00,1.12333,1.14435,1.12244,1.1415,210251
2014.11.30,0:00,1.14284,1.14756,1.13127,1.14335,225395
2014.12.07,0:00,1.1434,1.15911,1.13971,1.15767,217975
2014.12.14,0:00,1.15838,1.16732,1.15481,1.16009,216474
2014.12.21,0:00,1.15984,1.16665,1.15777,1.16197,509148
2014.12.28,0:00,1.1614,1.17848,1.15644,1.17826,150347
2015.01.04,0:00,1.17802,1.18891,1.17307,1.18638,359803
2015.01.11,0:00,1.18619,1.20457,1.18027,1.19824,418835
2015.01.18,0:00,1.19787,1.24556,1.19333,1.24168,229889
2015.01.25,0:00,1.24406,1.27974,1.23791,1.27263,210715
2015.02.01,0:00,1.26991,1.27727,1.23518,1.25182,365732
2015.02.08,0:00,1.25378,1.2697,1.24218,1.24426,315025
2015.02.15,0:00,1.24429,1.25644,1.23626,1.253,333651
2015.02.22,0:00,1.25309,1.26634,1.23877,1.25093,338320
2015.03.01,0:00,1.24987,1.26268,1.2407,1.26219,341047
2015.03.08,0:00,1.26175,1.28232,1.25729,1.27796,348679
2015.03.15,0:00,1.27893,1.28345,1.24485,1.2547,320977
2015.03.22,0:00,1.25415,1.26201,1.24101,1.26064,315219
2015.03.29,0:00,1.26064,1.27835,1.24289,1.24832,259170
2015.04.05,0:00,1.24832,1.26668,1.23868,1.25606,248043
2015.04.12,0:00,1.25606,1.26458,1.20873,1.22407,350597
2015.04.19,0:00,1.22407,1.23052,1.21026,1.21776,301532
2015.04.26,0:00,1.21837,1.22046,1.19443,1.21665,368559
2015.05.03,0:00,1.21533,1.21806,1.19423,1.20786,129621
2015.05.10,0:00,1.20842,1.21434,1.19197,1.20152,440951
2015.05.17,0:00,1.20101,1.23215,1.20086,1.2281,521487
2015.05.24,0:00,1.2285,1.25376,1.22747,1.24402,540310
2015.05.31,0:00,1.24378,1.25625,1.23666,1.2428,603067
2015.06.07,0:00,1.24384,1.24724,1.22017,1.23047,786299
2015.06.14,0:00,1.23129,1.23598,1.21275,1.22692,703672
2015.06.21,0:00,1.22589,1.24225,1.22178,1.23133,716447
2015.06.28,0:00,1.23346,1.26329,1.23037,1.25699,684834
2015.07.05,0:00,1.25972,1.27794,1.25625,1.26713,586275
2015.07.12,0:00,1.26997,1.30066,1.2679,1.29721,565067
2015.07.19,0:00,1.29756,1.31024,1.29163,1.30425,711212
2015.07.26,0:00,1.30368,1.30961,1.28609,1.30855,719067
2015.08.02,0:00,1.30868,1.32131,1.30479,1.3134,766014
2015.08.09,0:00,1.31164,1.31819,1.29517,1.30948,563993
2015.08.16,0:00,1.30879,1.31932,1.30239,1.31854,723490
2015.08.23,0:00,1.31789,1.3353,1.31416,1.31986,804388
2015.08.30,0:00,1.32084,1.33266,1.31165,1.32772,716887
2015.09.06,0:00,1.32506,1.33094,1.31541,1.32616,566489
2015.09.13,0:00,1.32467,1.32796,1.30118,1.32217,538432
2015.09.20,0:00,1.3218,1.3416,1.31756,1.333,568453
2015.09.27,0:00,1.33313,1.34568,1.31512,1.31524,558387
2015.10.04,0:00,1.31478,1.3175,1.29007,1.29431,711701
2015.10.11,0:00,1.29543,1.308,1.28314,1.2916,593550
2015.10.18,0:00,1.29041,1.31976,1.28978,1.3166,588222
2015.10.25,0:00,1.31661,1.32794,1.30552,1.30741,660468
2015.11.01,0:00,1.30697,1.33173,1.30377,1.33034,684497
2015.11.08,0:00,1.32935,1.33488,1.32239,1.33243,653734
2015.11.15,0:00,1.32985,1.33703,1.32463,1.33477,680445
2015.11.22,0:00,1.33263,1.34355,1.32796,1.33669,652941
2015.11.29,0:00,1.33668,1.34157,1.32929,1.33601,767595
2015.12.06,0:00,1.33685,1.37576,1.33645,1.37544,714884
2015.12.13,0:00,1.37146,1.4001,1.36728,1.39524,745229
2015.12.20,0:00,1.39328,1.39933,1.38176,1.38449,395137
2015.12.27,0:00,1.38255,1.39396,1.38129,1.38274,346520
2016.01.03,0:00,1.38132,1.41766,1.38132,1.41711,746815
2016.01.10,0:00,1.4164,1.45532,1.40646,1.45357,767904
2016.01.17,0:00,1.45901,1.46895,1.41142,1.41211,926817
2016.01.24,0:00,1.41409,1.43252,1.39476,1.39703,979785
2016.01.31,0:00,1.39681,1.41025,1.36388,1.39139,909896
2016.02.07,0:00,1.38975,1.40159,1.37861,1.38443,978311
2016.02.14,0:00,1.38474,1.39111,1.36531,1.37603,822653
2016.02.21,0:00,1.37745,1.38588,1.35047,1.35112,838608
2016.02.28,0:00,1.35104,1.35869,1.3311,1.3312,774475
2016.03.06,0:00,1.33315,1.34459,1.3167,1.3213,676237
2016.03.13,0:00,1.32275,1.34051,1.29228,1.30029,668296
2016.03.20,0:00,1.30249,1.32957,1.30188,1.32601,566666
2016.03.27,0:00,1.32679,1.32845,1.28571,1.30118,735850
2016.04.03,0:00,1.30222,1.32184,1.29516,1.297,781322
2016.04.10,0:00,1.298,1.30155,1.27442,1.28148,771231
2016.04.17,0:00,1.29459,1.29894,1.25926,1.26715,769581
2016.04.24,0:00,1.26518,1.2717,1.2498,1.25495,743548
2016.05.01,0:00,1.25526,1.29515,1.24606,1.28986,803711
2016.05.08,0:00,1.29436,1.3015,1.27711,1.29354,678297
2016.05.15,0:00,1.29384,1.31618,1.28367,1.31087,659465
2016.05.22,0:00,1.31138,1.31877,1.29104,1.30258,575499
2016.05.29,0:00,1.3025,1.31435,1.2915,1.29358,626503
2016.06.05,0:00,1.29342,1.29819,1.26544,1.27756,650207
2016.06.12,0:00,1.27869,1.30853,1.27497,1.28846,706045
2016.06.19,0:00,1.28901,1.30988,1.26778,1.30007,652556
2016.06.26,0:00,1.3031,1.31194,1.28648,1.29095,719339
2016.07.03,0:00,1.29069,1.30898,1.28312,1.30429,688119
2016.07.10,0:00,1.30413,1.31392,1.28608,1.29725,696247
2016.07.17,0:00,1.29358,1.3185,1.29265,1.31281,574189
2016.07.24,0:00,1.3127,1.32534,1.30013,1.30373,559146
2016.07.31,0:00,1.30238,1.32,1.29956,1.31709,527407
2016.08.07,0:00,1.31749,1.31896,1.29237,1.29552,549736
2016.08.14,0:00,1.2944,1.29749,1.27633,1.28642,574367
2016.08.21,0:00,1.288,1.30113,1.28307,1.29987,553045
2016.08.28,0:00,1.29912,1.31477,1.29788,1.29788,613634
2016.09.04,0:00,1.29842,1.30525,1.2822,1.30377,587391
2016.09.11,0:00,1.30466,1.32476,1.30289,1.32109,723610
2016.09.18,0:00,1.32162,1.32425,1.29998,1.31626,714474
2016.09.25,0:00,1.3155,1.32804,1.30478,1.31237,761212
2016.10.02,0:00,1.31053,1.33128,1.30675,1.32945,708580
2016.10.09,0:00,1.32391,1.33064,1.3103,1.31298,684220
2016.10.16,0:00,1.31138,1.33545,1.30053,1.3322,599231
2016.10.23,0:00,1.33252,1.3433,1.32774,1.33864,654525
2016.10.30,0:00,1.34093,1.3465,1.33528,1.33955,683133
2016.11.06,0:00,1.33402,1.35477,1.32632,1.35395,901005
2016.11.13,0:00,1.35006,1.35883,1.33995,1.34932,850650
2016.11.20,0:00,1.34948,1.35349,1.33775,1.35067,697483
2016.11.27,0:00,1.34938,1.35367,1.32543,1.328,725598
2016.12.04,0:00,1.32837,1.33553,1.3152,1.31705,572596
2016.12.11,0:00,1.31456,1.3417,1.30798,1.33296,763977
2016.12.18,0:00,1.33325,1.35565,1.33169,1.35241,595501
2016.12.25,0:00,1.352,1.3598,1.31757,1.34375,524567
2017.01.01,0:00,1.34205,1.34602,1.31769,1.32346,731302
2017.01.08,0:00,1.32394,1.32939,1.3029,1.3111,796307
2017.01.15,0:00,1.31301,1.33871,1.30181,1.33122,802783
2017.01.22,0:00,1.33139,1.33345,1.30529,1.31496,752559
2017.01.29,0:00,1.31296,1.31687,1.29682,1.30208,789334
2017.02.05,0:00,1.30236,1.32116,1.30066,1.3073,636583
2017.02.12,0:00,1.30808,1.31259,1.30087,1.30824,570478
2017.02.19,0:00,1.30914,1.32093,1.30556,1.30876,464687
2017.02.26,0:00,1.30957,1.34366,1.3083,1.3368,545400
2017.03.05,0:00,1.33681,1.35345,1.33681,1.34689,563354
2017.03.12,0:00,1.34554,1.3495,1.32758,1.33412,531867
2017.03.19,0:00,1.33446,1.34089,1.32632,1.33765,513235
2017.03.26,0:00,1.33537,1.3414,1.32771,1.33152,473798
2017.04.02,0:00,1.33,1.34554,1.32945,1.33939,447677
2017.04.09,0:00,1.33948,1.34259,1.32229,1.33171,411714
2017.04.16,0:00,1.33099,1.3525,1.32617,1.34831,422592
2017.04.23,0:00,1.34565,1.36967,1.34104,1.36387,503787
2017.04.30,0:00,1.36537,1.37933,1.36365,1.36644,470871
2017.05.07,0:00,1.36523,1.37699,1.36431,1.37036,504410
2017.05.14,0:00,1.3695,1.37221,1.35049,1.35049,538415
2017.05.21,0:00,1.35134,1.35402,1.3387,1.34345,454128
2017.05.28,0:00,1.34361,1.35468,1.34271,1.34743,369992
2017.06.04,0:00,1.34824,1.35358,1.34221,1.34621,380383
2017.06.11,0:00,1.3454,1.34701,1.31644,1.32049,421911
2017.06.18,0:00,1.32106,1.3347,1.31908,1.32615,353909
2017.06.25,0:00,1.32585,1.32701,1.29455,1.29623,411908
2017.07.02,0:00,1.29638,1.30141,1.28593,1.28677,340444
2017.07.09,0:00,1.2875,1.2943,1.26437,1.26477,365855
2017.07.16,0:00,1.26438,1.27008,1.25218,1.25392,390706
2017.07.23,0:00,1.25323,1.25761,1.24135,1.24304,445525
2017.07.30,0:00,1.24262,1.26677,1.24215,1.26494,433503
2017.08.06,0:00,1.26541,1.27524,1.2629,1.26724,432016
2017.08.13,0:00,1.26683,1.27777,1.25566,1.25763,389723
2017.08.20,0:00,1.25634,1.26066,1.24652,1.24721,344252
2017.08.27,0:00,1.24752,1.26629,1.23392,1.23908,385468
2017.09.03,0:00,1.24008,1.24259,1.20611,1.21554,412346
2017.09.10,0:00,1.21503,1.22394,1.20821,1.21886,371420
2017.09.17,0:00,1.21872,1.23901,1.21713,1.23372,356692
2017.09.24,0:00,1.23298,1.25325,1.23127,1.24593,401866
2017.10.01,0:00,1.24845,1.25992,1.24486,1.25314,324150
2017.10.08,0:00,1.25294,1.25588,1.24329,1.24628,290656
2017.10.15,0:00,1.24712,1.26302,1.24506,1.26246,326780
2017.10.22,0:00,1.2616,1.29165,1.26135,1.28076,341056
2017.10.29,0:00,1.28163,1.29146,1.27151,1.2762,296204
2017.11.05,0:00,1.27555,1.28195,1.26659,1.26885,268330
2017.11.12,0:00,1.26707,1.28235,1.26707,1.27617,324147
2017.11.19,0:00,1.27639,1.28366,1.26728,1.27034,333619
2017.11.26,0:00,1.27015,1.29095,1.26801,1.26803,367629
2017.12.03,0:00,1.26934,1.288,1.26238,1.28474,368306
2017.12.10,0:00,1.2848,1.28943,1.27138,1.28639,443696
2017.12.17,0:00,1.28659,1.29198,1.26975,1.27262,532993
2017.12.24,0:00,1.27185,1.27277,1.25146,1.25705,309012
2017.12.31,0:00,1.25333,1.25583,1.23551,1.24087,426568
2018.01.07,0:00,1.2409,1.25903,1.23781,1.24586,672893
2018.01.14,0:00,1.2455,1.25246,1.23606,1.24936,782721
2018.01.21,0:00,1.24744,1.24964,1.22819,1.23187,751783
2018.01.28,0:00,1.23095,1.24366,1.22486,1.24268,710737
2018.02.04,0:00,1.24353,1.26869,1.23974,1.25797,1024602
2018.02.11,0:00,1.25803,1.26488,1.24503,1.25568,644105
2018.02.18,0:00,1.25569,1.27592,1.25273,1.26286,571734
2018.02.25,0:00,1.26306,1.29156,1.26148,1.28842,592343
2018.03.04,0:00,1.28735,1.30007,1.28083,1.28106,781020
2018.03.11,0:00,1.28136,1.30985,1.28032,1.30958,603615
2018.03.18,0:00,1.30927,1.31245,1.28237,1.28946,713431
2018.03.25,0:00,1.28828,1.29389,1.28146,1.28948,545648
2018.04.01,0:00,1.2887,1.29434,1.2733,1.27807,417692
2018.04.08,0:00,1.27605,1.28187,1.25442,1.26139,302883
2018.04.15,0:00,1.25938,1.27651,1.25271,1.27633,296985
2018.04.22,0:00,1.27421,1.29004,1.27421,1.28273,316694
2018.04.29,0:00,1.2833,1.29174,1.28028,1.28437,401203
2018.05.06,0:00,1.28441,1.29972,1.27291,1.27937,376253
2018.05.13,0:00,1.27714,1.29243,1.27494,1.28838,371448
2018.05.20,0:00,1.28735,1.29884,1.27423,1.29733,386761
2018.05.27,0:00,1.29633,1.30467,1.28181,1.2951,446783
2018.06.03,0:00,1.294,1.30668,1.28558,1.29253,410858
2018.06.10,0:00,1.29912,1.32072,1.29492,1.32072,384305
2018.06.17,0:00,1.31792,1.33821,1.3159,1.32658,396318
2018.06.24,0:00,1.32664,1.3386,1.31298,1.31342,406402
2018.07.01,0:00,1.31391,1.32249,1.30763,1.30819,360082
2018.07.08,0:00,1.30841,1.32175,1.30638,1.3161,325132
2018.07.15,0:00,1.31517,1.32896,1.31092,1.31446,396232
2018.07.22,0:00,1.31279,1.31904,1.30235,1.3061,291901
2018.07.29,0:00,1.30491,1.30955,1.29671,1.29915,246081
2018.08.05,0:00,1.29917,1.31525,1.29613,1.31409,240665
2018.08.12,0:00,1.31598,1.31737,1.30493,1.30611,303886
2018.08.19,0:00,1.30588,1.31025,1.29859,1.30267,260584
2018.08.26,0:00,1.30127,1.30875,1.28865,1.30389,284138
2018.09.02,0:00,1.30744,1.32254,1.30437,1.31624,279835
2018.09.09,0:00,1.31614,1.31971,1.29751,1.30301,245106
2018.09.16,0:00,1.30362,1.30636,1.28836,1.29119,257415
2018.09.23,0:00,1.29257,1.30812,1.2907,1.29073,233624
2018.09.30,0:00,1.28483,1.29543,1.27814,1.29407,254474
2018.10.07,0:00,1.29419,1.30709,1.29258,1.30245,285099
2018.10.14,0:00,1.30182,1.31314,1.29154,1.30979,300768
2018.10.21,0:00,1.30929,1.31588,1.29682,1.3102,351466
2018.10.28,0:00,1.30953,1.31691,1.30476,1.30997,306564
2018.11.04,0:00,1.30882,1.32323,1.30553,1.32111,298721
2018.11.11,0:00,1.32032,1.32631,1.31261,1.31493,350892
2018.11.18,0:00,1.31525,1.33172,1.31405,1.32301,270584
2018.11.25,0:00,1.32217,1.33589,1.31861,1.32895,309408
2018.12.02,0:00,1.3235,1.34438,1.31592,1.33166,362192
2018.12.09,0:00,1.33187,1.34231,1.32918,1.33842,303192
2018.12.16,0:00,1.33784,1.35999,1.33715,1.3599,395016
2018.12.23,0:00,1.35995,1.36599,1.35639,1.36375,243884
2018.12.30,0:00,1.3637,1.36639,1.33717,1.33719,275973
2019.01.06,0:00,1.33784,1.33888,1.31799,1.3263,285648
2019.01.13,0:00,1.32506,1.3318,1.32252,1.32636,281019
2019.01.20,0:00,1.32591,1.33742,1.32144,1.32178,298185
2019.01.27,0:00,1.32171,1.32851,1.30677,1.30972,311312
2019.02.03,0:00,1.30904,1.33283,1.30845,1.32728,245589
2019.02.10,0:00,1.32666,1.33395,1.31951,1.32457,212964
2019.02.17,0:00,1.32491,1.32804,1.3133,1.31345,230576
2019.02.24,0:00,1.31332,1.33057,1.31118,1.33057,336011
2019.03.03,0:00,1.32751,1.34666,1.32739,1.34166,283332
2019.03.10,0:00,1.34163,1.34391,1.32861,1.33368,266779
2019.03.17,0:00,1.33356,1.34285,1.32497,1.3427,336024
2019.03.24,0:00,1.34238,1.345,1.33407,1.33498,308762
2019.03.31,0:00,1.33453,1.3402,1.32953,1.33768,262111
2019.04.07,0:00,1.33803,1.33951,1.32831,1.33256,244797
2019.04.14,0:00,1.33261,1.34021,1.32736,1.33887,239247
2019.04.21,0:00,1.33874,1.35209,1.33344,1.3454,245737
2019.04.28,0:00,1.3454,1.3489,1.3376,1.34194,244787
2019.05.05,0:00,1.3454,1.35045,1.33795,1.34129,292911
2019.05.12,0:00,1.34181,1.35125,1.33996,1.34644,250417
2019.05.19,0:00,1.34391,1.35017,1.33564,1.344,260260
2019.05.26,0:00,1.34375,1.35639,1.34285,1.35146,257737
2019.06.02,0:00,1.35188,1.35267,1.32613,1.32651,301497
2019.06.09,0:00,1.32398,1.34218,1.32389,1.34085,237452
2019.06.16,0:00,1.34062,1.34316,1.31503,1.32222,272766
2019.06.23,0:00,1.3212,1.32157,1.30587,1.30878,231412
2019.06.30,0:00,1.3081,1.31443,1.30367,1.30746,197791
2019.07.07,0:00,1.30661,1.31438,1.30179,1.30273,204132
2019.07.14,0:00,1.30266,1.31096,1.3016,1.30565,203353
2019.07.21,0:00,1.30594,1.31991,1.30403,1.31639,172449
2019.07.28,0:00,1.31597,1.32659,1.31053,1.31996,247461
2019.08.04,0:00,1.32102,1.33444,1.31773,1.32113,356176
2019.08.11,0:00,1.31961,1.33388,1.31844,1.32707,340359
2019.08.18,0:00,1.32598,1.33455,1.32507,1.32841,278992
2019.08.25,0:00,1.32918,1.33331,1.3225,1.33046,358520
2019.09.01,0:00,1.33131,1.33825,1.3158,1.3164,320891
2019.09.08,0:00,1.31741,1.32853,1.31335,1.32851,221409
2019.09.15,0:00,1.32843,1.33101,1.32097,1.32646,232514
2019.09.22,0:00,1.32612,1.33048,1.32136,1.32357,209463
2019.09.29,0:00,1.32321,1.33476,1.32057,1.3302,242311
2019.10.06,0:00,1.33207,1.33458,1.31708,1.3197,237529
2019.10.13,0:00,1.32004,1.32394,1.31188,1.31244,169487
2019.10.20,0:00,1.31311,1.31382,1.30531,1.3059,142781
2019.10.27,0:00,1.30585,1.32081,1.3042,1.31392,158670
2019.11.03,0:00,1.31354,1.32371,1.31151,1.32255,140397
2019.11.10,0:00,1.32248,1.32704,1.32125,1.32212,107865
2019.11.17,0:00,1.32216,1.33274,1.319,1.32993,123208
2019.11.24,0:00,1.32948,1.33188,1.326,1.32736,107312
2019.12.01,0:00,1.32701,1.33208,1.31583,1.32545,116793
2019.12.08,0:00,1.32509,1.32649,1.31507,1.31716,125747
2019.12.15,0:00,1.31715,1.31862,1.31022,1.3153,115033
2019.12.22,0:00,1.31465,1.31764,1.30642,1.30816,78482
2019.12.29,0:00,1.30742,1.30843,1.29511,1.30002,111876
2020.01.05,0:00,1.29857,1.31044,1.29569,1.30529,137121
2020.01.12,0:00,1.30494,1.30791,1.30314,1.30696,117309
2020.01.19,0:00,1.30589,1.31713,1.30357,1.31469,132142
2020.01.26,0:00,1.31491,1.32528,1.31475,1.32282,150795
2020.02.02,0:00,1.32351,1.33209,1.32317,1.33065,157741
2020.02.09,0:00,1.33023,1.33289,1.32353,1.32513,136543
2020.02.16,0:00,1.32486,1.32782,1.32018,1.32238,130734
2020.02.23,0:00,1.32503,1.34642,1.32425,1.33961,268851
2020.03.01,0:00,1.34345,1.34393,1.33148,1.34222,293479
2020.03.08,0:00,1.35879,1.39948,1.35165,1.38032,574501
2020.03.15,0:00,1.37416,1.46674,1.37278,1.43333,669148
2020.03.22,0:00,1.43495,1.45605,1.3921,1.39998,663447
2020.03.29,0:00,1.40152,1.43489,1.40002,1.42031,521684
2020.04.05,0:00,1.4222,1.4261,1.39306,1.39512,420080
2020.04.12,0:00,1.39245,1.41822,1.38551,1.40084,662601
2020.04.19,0:00,1.40131,1.42648,1.39997,1.40952,764450
2020.04.26,0:00,1.40821,1.41167,1.38498,1.40847,429542
2020.05.03,0:00,1.4082,1.41729,1.39082,1.39296,301339
2020.05.10,0:00,1.39314,1.4141,1.39,1.41109,266611
2020.05.17,0:00,1.41035,1.41131,1.38663,1.40032,234127
2020.05.24,0:00,1.39899,1.40073,1.37142,1.37622,313957
2020.05.31,0:00,1.3773,1.38005,1.33909,1.34254,353516
2020.06.07,0:00,1.34105,1.36665,1.33151,1.35833,461400
2020.06.14,0:00,1.36042,1.36859,1.35046,1.36042,463185
2020.06.21,0:00,1.3612,1.37153,1.34857,1.36888,310647
2020.06.28,0:00,1.36617,1.37047,1.35431,1.35473,223532
2020.07.05,0:00,1.35569,1.36311,1.34907,1.35968,223325
2020.07.12,0:00,1.35791,1.36459,1.35012,1.35828,220770
2020.07.19,0:00,1.357,1.36,1.33508,1.34139,209873
2020.07.26,0:00,1.34196,1.34591,1.3331,1.34154,258463
2020.08.02,0:00,1.34002,1.34509,1.32333,1.33844,230067
2020.08.09,0:00,1.33874,1.33944,1.31916,1.32646,216038
2020.08.16,0:00,1.32309,1.32666,1.3133,1.31899,207586
2020.08.23,0:00,1.31762,1.32392,1.30469,1.3095,227349
2020.08.30,0:00,1.30944,1.3162,1.29939,1.3058,297840
2020.09.06,0:00,1.30502,1.32588,1.30492,1.31818,254270
2020.09.13,0:00,1.31813,1.32466,1.31273,1.32022,218588
2020.09.20,0:00,1.32083,1.34178,1.31709,1.33861,246514
2020.09.27,0:00,1.33813,1.34201,1.32674,1.3305,246807
2020.10.04,0:00,1.32997,1.33405,1.31098,1.31125,204323
2020.10.11,0:00,1.31267,1.32591,1.30991,1.31954,221623
2020.10.18,0:00,1.31886,1.32036,1.30807,1.31246,219344
2020.10.25,0:00,1.31291,1.33896,1.31281,1.33251,290728
2020.11.01,0:00,1.3309,1.337,1.30191,1.30599,343689
2020.11.08,0:00,1.3038,1.31723,1.29281,1.31342,279963
2020.11.15,0:00,1.31303,1.31388,1.3034,1.3094,208107
2020.11.22,0:00,1.3082,1.31125,1.29719,1.29906,216708
2020.11.29,0:00,1.29945,1.30095,1.27723,1.27844,284545
2020.12.06,0:00,1.2775,1.28333,1.27066,1.27634,307445
2020.12.13,0:00,1.27488,1.27982,1.26881,1.27815,265131
2020.12.20,0:00,1.2797,1.29566,1.2785,1.28429,295965
2020.12.27,0:00,1.2843,1.28758,1.27142,1.27368,216043
2021.01.03,0:00,1.27198,1.27976,1.26302,1.26931,539000
2021.01.10,0:00,1.2699,1.28354,1.26248,1.27403,399105
2021.01.17,0:00,1.2726,1.27992,1.25889,1.27328,345344
2021.01.24,0:00,1.27055,1.28813,1.26852,1.27811,402190
2021.01.31,0:00,1.2784,1.28697,1.27605,1.27615,371616
2021.02.07,0:00,1.2756,1.27827,1.26606,1.26903,328871
2021.02.14,0:00,1.2682,1.27461,1.25943,1.26162,375167
2021.02.21,0:00,1.2611,1.27432,1.24677,1.27324,610791
2021.02.28,0:00,1.27262,1.27372,1.2575,1.26499,513251
2021.03.07,0:00,1.2645,1.26999,1.2462,1.24803,531891
2021.03.14,0:00,1.24745,1.25474,1.23648,1.25059,413877
2021.03.21,0:00,1.25258,1.26291,1.24733,1.25698,383388
2021.03.28,0:00,1.2569,1.26472,1.25279,1.2572,300011
2021.04.04,0:00,1.2569,1.26344,1.2502,1.25319,299098
2021.04.11,0:00,1.25281,1.26284,1.24768,1.2506,257368
2021.04.18,0:00,1.2503,1.26541,1.24597,1.24764,223974
2021.04.25,0:00,1.24748,1.24904,1.22661,1.22945,202499
2021.05.02,0:00,1.22833,1.23513,1.21255,1.21275,210145
2021.05.09,0:00,1.21201,1.22026,1.20457,1.21056,263578
2021.05.16,0:00,1.21039,1.21444,1.20128,1.2065,243029
2021.05.23,0:00,1.20656,1.21414,1.2029,1.20775,255848
2021.05.30,0:00,1.20641,1.21326,1.20066,1.20724,219720
2021.06.06,0:00,1.20691,1.21769,1.20571,1.21657,227560
2021.06.13,0:00,1.21541,1.24806,1.21278,1.24685,293256
2021.06.20,0:00,1.24591,1.24867,1.22521,1.22985,286323
2021.06.27,0:00,1.22871,1.24499,1.22822,1.23274,261506
2021.07.04,0:00,1.23091,1.259,1.23021,1.24513,316686
2021.07.11,0:00,1.24411,1.26197,1.24249,1.26175,270081
2021.07.18,0:00,1.26021,1.28068,1.25257,1.25654,309568
2021.07.25,0:00,1.25563,1.26041,1.24223,1.24639,291247
2021.08.01,0:00,1.24741,1.25808,1.24527,1.25547,241289
2021.08.08,0:00,1.25441,1.25889,1.24891,1.25141,203604
2021.08.15,0:00,1.25121,1.29487,1.25111,1.28237,273555
2021.08.22,0:00,1.28091,1.28383,1.25789,1.26141,233704
2021.08.29,0:00,1.26101,1.26534,1.24934,1.25283,262911
2021.09.05,0:00,1.25141,1.27619,1.25118,1.2689,340675
2021.09.12,0:00,1.26801,1.27708,1.26012,1.27694,329574
2021.09.19,0:00,1.27541,1.28958,1.26336,1.26552,362937
2021.09.26,0:00,1.26391,1.27744,1.25936,1.26393,413943
2021.10.03,0:00,1.26444,1.26545,1.24517,1.2474,358405
2021.10.10,0:00,1.24701,1.24984,1.23364,1.23619,248534
2021.10.17,0:00,1.23545,1.24098,1.22878,1.23677,268321
2021.10.24,0:00,1.23641,1.24319,1.23001,1.23826,298035
