date,USDCHF,GBPUSD,EURUSD,USDJPY,USDCAD,NZDUSD,GBPCHF,EURCHF,AUDCHF,EURGBP,GBPCAD,EURJPY,EURCAD,EURAUD,EURNZD,CADJPY,AUDCAD,NZDCAD,AUDNZD,empty,sum
2018.06.04,-24.999999999997247,-63.000000000013046,116.00000000000499,-39.99999999999204,131.99999999999878,-102.99999999999754,7.0000000000014495,-119.00000000000244,63.00000000000195,32.999999999994145,-167.9999999999904,168.99999999999693,205.00000000001074,93.99999999999409,198.99999999999363,-0.999999999990564,-24.999999999997247,-162.0000000000066,156.00000000000057,,468.0000000000101
2018.06.04,34.99999999999615,-83.9999999999952,65.99999999998829,-51.00000000000193,117.99999999999588,-118.00000000000699,-120.00000000000898,-150.00000000000568,114.99999999999844,-7.9999999999968985,-123.99999999999079,128.99999999999068,168.0000000000126,-17.000000000000348,131.99999999999878,76.99999999999818,-70.99999999999883,-182.00000000000438,163.00000000000205,,77.99999999997098
2018.06.04,29.999999999996696,-140.0000000000068,75.00000000000284,-99.99999999999432,182.99999999999983,-92.99999999999864,-140.99999999999113,-157.99999999999147,64.0000000000085,46.999999999997044,-320.00000000000915,192.99999999999784,239.00000000001143,106.00000000000608,227.99999999998377,84.00000000000318,-43.999999999999595,-190.00000000000128,139.00000000000023,,202.00000000001504
2018.06.04,70.0000000000034,-182.99999999999983,66.99999999999484,-131.00000000000023,178.99999999999582,-51.000000000001044,-234.00000000000088,-194.99999999998963,65.99999999999939,12.999999999996348,-377.0000000000051,217.9999999999893,224.000000000002,153.00000000000313,307.99999999999716,103.9999999999992,4.000000000004,-125.00000000000844,151.9999999999966,,261.9999999999761
2018.06.04,61.999999999995396,-184.00000000000637,78.00000000000028,-108.00000000000409,224.99999999998633,-31.000000000003247,-238.99999999998923,-194.99999999998963,72.0000000000054,21.00000000000435,-456.9999999999963,206.99999999999363,291.00000000001904,150.99999999999002,379.99999999998033,61.99999999999761,-52.99999999999194,-139.00000000000023,208.99999999999253,,351.99999999998397
2018.06.04,78.99999999999574,-205.99999999999508,116.99999999998934,-182.99999999999272,158.99999999999804,-40.00000000000669,-282.9999999999888,-255.99999999998957,125.00000000000844,36.999999999998145,-394.9999999999898,339.9999999999892,267.0000000000172,123.99999999999079,418.9999999999916,162.9999999999967,-52.99999999999194,-101.00000000000664,251.99999999998556,,564.9999999999994
2018.06.04,54.999999999993946,-346.0000000000019,211.99999999998997,-173.00000000000182,70.99999999999883,-143.00000000000423,-390.0000000000015,-323.99999999999096,257.0000000000072,16.0000000000049,-459.99999999999375,421.99999999999704,287.000000000015,-59.000000000009045,301.99999999998005,213.00000000000807,-182.99999999999983,-177.00000000000495,306.9999999999906,,-113.0000000000224
2018.06.04,120.99999999999334,-347.0000000000084,201.99999999999108,-304.9999999999926,63.99999999999739,-143.9999999999997,-479.99999999999153,-390.9999999999858,297.9999999999983,7.9999999999968985,-451.0000000000014,570.999999999998,267.0000000000172,-58.000000000002494,292.9999999999877,320.0000000000074,-168.99999999999693,-167.00000000000603,297.9999999999983,,-69.99999999999932
2018.06.04,100.00000000000009,-336.00000000000296,211.00000000000563,-218.9999999999941,92.00000000000318,-136.99999999999824,-439.99999999999596,-374.999999999992,292.00000000000335,21.00000000000435,-478.0000000000006,477.9999999999802,309.0000000000037,-95.00000000000064,265.99999999998846,234.99999999999943,-197.99999999999818,-179.00000000000693,290.9999999999968,,-162.00000000000438
2018.06.04,46.999999999997044,-422.00000000001125,337.99999999999386,-182.00000000000216,-49.99999999999449,-280.9999999999979,-452.99999999999227,-436.9999999999985,409.99999999999926,58.99999999999794,-398.00000000000944,570.999999999998,310.0000000000103,-218.99999999999142,153.9999999999875,299.0000000000066,-300.0000000000003,-270.0000000000036,322.00000000000006,,-502.00000000001063
2018.06.04,48.99999999999905,-387.000000000004,313.00000000000773,-221.00000000000364,-5.000000000010552,-297.00000000000284,-421.99999999998903,-414.00000000000324,421.0000000000047,65.00000000000395,-411.0000000000058,587.9999999999939,326.0000000000041,-266.999999999995,78.99999999998464,299.0000000000066,-342.9999999999933,-323.0000000000066,309.99999999998806,,-640.000000000021
2018.06.04,43.999999999999595,-378.999999999996,313.99999999999204,-203.00000000000296,4.999999999988347,-295.0000000000008,-405.9999999999952,-411.0000000000058,428.00000000000614,70.0000000000034,-414.00000000000324,569.9999999999932,339.0000000000004,-292.00000000000335,90.99999999999665,280.00000000000114,-368.00000000000165,-325.00000000000864,334.9999999999964,,-617.0000000000405
2018.06.04,-7.9999999999968985,-445.0000000000065,398.9999999999938,-197.00000000000273,-73.00000000001194,-297.9999999999983,-402.9999999999978,-434.9999999999854,525.0000000000088,92.00000000000318,-391.000000000008,656.9999999999823,357.00000000000733,-456.9999999999963,200.99999999998454,326.9999999999982,-485.99999999999756,-276.00000000000955,523.9999999999911,,-387.00000000004184
2018.06.04,-56.0000000000005,-417.0000000000007,394.9999999999898,-188.99999999999295,-66.99999999999484,-304.9999999999997,-313.99999999999204,-377.0000000000051,465.9999999999998,105.99999999999498,-368.9999999999971,640.9999999999911,361.0000000000113,-415.99999999999415,177.99999999998929,316.0000000000025,-461.0000000000003,-289.0000000000059,478.999999999985,,-318.0000000000193
2018.06.04,-67.00000000000594,-407.0000000000018,384.9999999999909,-182.00000000000216,-59.000000000009045,-319.0000000000026,-287.9999999999994,-351.99999999999676,463.0000000000023,104.99999999999955,-364.9999999999931,625.0,360.0000000000048,-439.99999999999596,131.99999999999878,305.9999999999974,-473.99999999999665,-313.00000000000773,465.99999999998863,,-424.0000000000289
2018.06.04,-6.0000000000060005,-390.0000000000015,361.9999999999957,-201.99999999999818,-14.000000000002899,-299.00000000000483,-350.9999999999902,-401.99999999999125,495.000000000001,99.00000000000463,-404.0000000000044,623.9999999999952,381.0000000000091,-441.0000000000025,148.99999999999915,292.0000000000016,-488.999999999995,-319.0000000000026,475.99999999998755,,-439.0000000000053
2018.06.04,4.999999999999449,-367.0000000000062,395.99999999999636,-246.9999999999999,-46.999999999997044,-330.0000000000081,-343.00000000000443,-444.9999999999843,577.0000000000052,138.00000000000477,-330.9999999999924,715.0000000000034,382.0000000000157,-547.0000000000086,122.99999999998423,349.00000000000375,-559.9999999999939,-334.00000000000097,534.9999999999966,,-330.99999999998636
2018.06.04,-29.999999999996696,-348.9999999999993,353.99999999998766,-206.00000000000307,-9.999999999998899,-301.0000000000068,-280.9999999999979,-367.0000000000062,479.0000000000072,119.99999999999788,-357.99999999999164,616.9999999999902,378.00000000001165,-459.0000000000094,130.99999999999224,290.9999999999968,-500.00000000000045,-322.00000000000006,480.99999999999807,,-332.00000000002854
2018.06.04,-18.0000000000069,-417.0000000000007,364.9999999999931,-275.99999999999625,-119.00000000000244,-351.0000000000013,-367.0000000000062,-391.9999999999924,678.0000000000008,85.00000000000173,-299.99999999998914,711.9999999999891,261.0000000000001,-828.0000000000065,30.999999999981043,418.00000000000637,-663.999999999998,-311.00000000000574,675.9999999999877,,-817.0000000000457
2018.06.04,-21.00000000000435,-280.0000000000136,282.0000000000045,-234.99999999999943,-97.00000000001374,-373.00000000000114,-228.00000000000597,-302.9999999999866,677.0000000000053,109.99999999999899,-154.0000000000097,572.0000000000027,178.00000000001148,-946.0000000000024,-143.00000000000423,371.9999999999999,-685.9999999999977,-355.0000000000053,644.0000000000001,,-986.000000000021
2018.06.04,-184.00000000000637,-424.00000000000216,567.9999999999907,-161.00000000000136,-229.00000000001253,-423.0000000000067,-147.99999999999258,-395.99999999999636,587.0000000000042,232.99999999999432,-160.00000000000458,802.9999999999973,397.0000000000029,-635.0000000000077,149.9999999999835,400.99999999999625,-624.9999999999977,-326.0000000000041,615.9999999999943,,43.99999999993133
2018.06.04,-68.00000000000139,-256.99999999999613,409.99999999999926,-162.9999999999967,-184.00000000000637,-392.00000000000347,-141.99999999999767,-380.00000000000256,612.0000000000015,222.99999999999542,-5.000000000010552,628.9999999999907,243.00000000001543,-713.0000000000081,-5.000000000010552,373.00000000000466,-574.9999999999922,-319.0000000000026,570.9999999999882,,-142.00000000003308
2018.06.04,-138.00000000000477,-239.00000000001143,489.0000000000061,-97.99999999999898,-205.00000000001074,-424.00000000000216,-34.000000000000696,-373.99999999998545,594.0000000000057,285.00000000000193,39.999999999995595,638.0000000000052,321.0000000000157,-680.9999999999983,32.999999999994145,337.0000000000033,-605.9999999999955,-346.0000000000019,571.9999999999948,,164.00000000001245
2018.06.04,-292.00000000000335,-341.00000000001353,543.0000000000045,-111.0000000000042,-191.00000000000784,-539.0000000000006,75.00000000000284,-245.99999999999068,553.999999999999,266.999999999995,-103.99999999999298,715.9999999999798,406.00000000001745,-767.9999999999909,-167.00000000000603,338.0000000000081,-717.9999999999964,-507.0000000000019,505.99999999998425,,-579.0000000000173
2018.06.04,-331.999999999999,-633.0000000000168,730.0000000000084,-209.00000000000318,-297.0000000000139,-548.9999999999995,-158.99999999999804,-380.9999999999869,592.9999999999991,217.0000000000005,-337.0000000000095,1037.0000000000061,523.0000000000068,-665.0000000000044,78.99999999998464,484.00000000000887,-727.9999999999953,-441.0000000000025,590.999999999986,,-477.000000000029
2018.06.04,-351.99999999999676,-556.0000000000009,740.9999999999917,-194.99999999999318,-249.00000000001032,-621.0000000000049,-52.99999999999194,-367.99999999999056,606.0000000000065,273.9999999999965,-304.9999999999997,1030.0000000000011,595.0000000000122,-713.9999999999924,-74.0000000000185,441.0000000000025,-805.0000000000001,-568.0000000000018,525.999999999982,,-647.0000000000091
2018.06.04,-401.00000000000693,-456.9999999999963,736.0000000000033,-153.99999999999636,-282.0000000000045,-670.9999999999993,107.00000000001265,-306.9999999999906,665.9999999999999,336.9999999999984,-129.00000000000134,977.0000000000039,550.000000000006,-909.0000000000042,-201.00000000000674,432.00000000000216,-901.9999999999917,-609.9999999999994,580.999999999987,,-636.9999999999839
2018.06.04,-326.9999999999995,-539.0000000000006,661.0000000000005,-87.0000000000033,-175.99999999999838,-653.0000000000035,-70.99999999999883,-320.9999999999935,655.0000000000056,226.99999999999943,-381.99999999999346,816.0000000000025,577.0000000000052,-875.0000000000035,-267.0000000000172,308.9999999999975,-897.9999999999987,-664.000000000009,514.9999999999987,,-1500.0000000000105
2018.06.04,-417.0000000000007,-514.0000000000144,740.9999999999917,-102.00000000000387,-211.00000000000563,-682.0000000000048,73.00000000001194,-293.99999999999426,622.0000000000003,302.0000000000023,-302.0000000000023,923.0000000000018,639.0000000000118,-839.9999999999964,-224.000000000002,344.0000000000083,-917.9999999999966,-677.0000000000053,517.9999999999962,,-1019.0000000000019
2018.06.04,-465.9999999999998,-548.0000000000151,817.000000000001,-30.9999999999917,-279.00000000000705,-709.9999999999995,104.99999999999955,-312.00000000000114,629.0000000000018,338.00000000000495,-255.99999999998957,921.999999999997,661.0000000000005,-828.9999999999909,-175.00000000001404,334.0000000000032,-922.0000000000006,-662.000000000007,540.9999999999915,,-843.0000000000172
2018.06.04,-385.000000000002,-483.99999999999557,723.0000000000069,-6.000000000000227,-303.0000000000088,-702.9999999999981,60.99999999999994,-312.9999999999855,685.0000000000023,307.99999999999716,-139.00000000000023,789.999999999992,508.00000000001955,-951.9999999999973,-296.0000000000074,331.00000000000307,-900.9999999999962,-637.0000000000098,548.9999999999995,,-1163.9999999999804
2018.06.04,-295.0000000000008,-470.00000000001484,601.9999999999915,-90.00000000000341,-150.00000000000568,-679.0000000000074,-43.999999999999595,-299.99999999998914,714.999999999999,227.99999999999488,-324.9999999999975,752.9999999999859,531.9999999999991,-1024.0000000000027,-406.00000000001745,293.99999999999693,-964.9999999999936,-714.0000000000035,527.9999999999951,,-1810.0000000000737
2018.06.04,-255.00000000000523,-297.0000000000139,564.000000000009,-135.99999999999568,-80.99999999999774,-657.0000000000076,69.9999999999923,-302.9999999999866,709.9999999999995,312.9999999999966,-194.0000000000053,763.9999999999816,562.0000000000181,-1005.9999999999958,-412.00000000001234,284.9999999999966,-970.9999999999997,-734.0000000000014,512.0000000000014,,-1266.0000000000261
2018.06.04,-263.0000000000021,-290.00000000001245,612.9999999999969,-153.99999999999636,-310.0000000000103,-663.0000000000025,83.00000000001084,-353.0000000000033,711.000000000006,353.0000000000033,110.00000000001009,840.9999999999798,356.00000000000074,-953.9999999999882,-359.0000000000204,442.99999999999784,-806.999999999991,-585.0000000000022,504.9999999999999,,-723.0000000000233
2018.06.04,-182.99999999999983,-202.9999999999976,568.9999999999973,-84.00000000000318,-63.99999999999739,-622.0000000000003,70.99999999999883,-400.9999999999847,738.0000000000053,375.9999999999986,-103.00000000000864,711.9999999999891,596.0000000000188,-920.9999999999941,-376.00000000002075,222.99999999999898,-919.9999999999986,-715.0000000000101,469.99999999999267,,-837.0000000000159
2018.06.04,-26.999999999999247,4.999999999988347,417.0000000000007,-218.9999999999941,-134.00000000001188,-575.9999999999987,66.00000000001049,-431.99999999998795,813.0000000000082,402.00000000000233,268.0000000000016,704.9999999999841,311.0000000000168,-1048.9999999999889,-429.00000000001273,384.00000000000034,-836.9999999999989,-591.0000000000082,530.9999999999926,,-391.9999999999952
2018.06.04,59.99999999999339,229.99999999999687,341.99999999999784,-250.0,-26.999999999999247,-546.000000000002,171.99999999999437,-455.0000000000054,866.0000000000001,492.0000000000035,414.00000000000324,657.999999999987,341.00000000001353,-1116.9999999999902,-465.0000000000043,338.0000000000081,-900.9999999999962,-628.0000000000064,557.9999999999918,,81.99999999998602
2018.06.04,48.99999999999905,180.0000000000024,394.9999999999898,-242.00000000000443,-170.00000000000347,-565.9999999999999,136.00000000000279,-500.9999999999959,894.0000000000059,500.9999999999959,539.0000000000006,706.9999999999936,240.00000000001796,-1120.9999999999943,-436.00000000001415,426.00000000000193,-839.0000000000009,-552.0000000000081,580.0000000000027,,219.99999999999193
2018.06.04,97.9999999999981,244.9999999999841,312.00000000000114,-302.99999999999727,-42.999999999993044,-553.0000000000035,136.00000000000279,-472.9999999999901,908.0000000000088,480.0000000000027,456.9999999999963,681.999999999988,282.0000000000045,-1184.9999999999916,-529.0000000000017,388.9999999999958,-903.9999999999937,-626.9999999999998,561.9999999999958,,-65.99999999999295
2018.06.04,88.99999999999464,193.99999999998306,299.99999999998914,-268.0000000000007,29.999999999996696,-558.9999999999984,95.00000000000064,-451.99999999998573,897.0000000000033,436.00000000000307,292.00000000000335,631.0000000000002,352.000000000019,-1192.9999999999995,-551.0000000000126,314.00000000000716,-954.9999999999948,-681.0000000000093,551.9999999999969,,-477.000000000004
2018.06.04,56.99999999999594,92.99999999998754,387.99999999998835,-275.99999999999625,-103.99999999999298,-614.0000000000034,41.000000000002146,-496.99999999999187,936.999999999999,436.00000000000307,341.99999999999784,736.9999999999948,308.0000000000194,-1211.999999999991,-564.000000000009,409.9999999999966,-937.9999999999944,-661.0000000000005,557.9999999999918,,-559.000000000003
2018.06.04,34.99999999999615,29.999999999996696,434.000000000001,-286.9999999999919,-60.99999999999994,-634.0000000000013,5.999999999994898,-516.0000000000053,914.9999999999991,426.9999999999996,202.9999999999976,804.000000000002,418.0000000000073,-1140.0000000000077,-548.9999999999995,390.00000000000057,-961.9999999999961,-718.0000000000075,517.9999999999962,,-687.0000000000183
2018.06.04,36.999999999998145,122.99999999998423,401.00000000000693,-292.0000000000016,-103.99999999999298,-631.0000000000038,95.00000000000064,-490.999999999997,913.0000000000083,466.9999999999952,380.00000000000256,770.9999999999866,325.0000000000197,-1174.9999999999927,-583.0000000000002,421.99999999999704,-925.9999999999935,-683.0000000000002,520.9999999999936,,-429.999999999989
2018.06.04,49.99999999999449,161.99999999999548,429.99999999999704,-314.9999999999977,-114.0000000000141,-592.9999999999991,113.99999999999189,-531.9999999999991,953.0000000000039,514.0000000000033,442.9999999999934,826.9999999999982,351.0000000000124,-1192.9999999999995,-455.0000000000054,445.0000000000074,-954.9999999999948,-631.0000000000038,614.9999999999877,,115.99999999997146
2018.06.04,12.000000000000899,187.99999999998818,409.99999999999926,-319.9999999999932,-80.00000000001339,-565.9999999999999,194.0000000000053,-466.9999999999952,895.0000000000014,514.0000000000033,432.0000000000102,812.9999999999882,365.0000000000153,-1167.0000000000068,-408.00000000000836,426.00000000000193,-944.9999999999958,-615.00000000001,621.9999999999892,,302.9999999999807
2018.06.04,46.999999999997044,191.99999999999218,408.9999999999927,-408.9999999999918,-70.0000000000145,-523.0000000000068,147.00000000000824,-509.00000000000387,900.0000000000008,515.9999999999942,424.00000000000216,915.9999999999968,375.9999999999986,-1123.0000000000073,-310.0000000000103,490.0000000000091,-925.9999999999935,-568.0000000000018,653.999999999999,,632.9999999999611
2018.06.04,37.99999999999359,200.99999999998454,394.00000000000546,-391.00000000000534,-87.00000000001484,-545.0000000000066,171.00000000001003,-485.0000000000021,897.0000000000033,512.0000000000014,459.99999999999375,879.9999999999955,337.0000000000095,-1144.999999999996,-381.0000000000091,487.99999999999955,-913.9999999999926,-581.0000000000093,622.9999999999958,,471.9999999999566
2018.06.04,-46.999999999997044,182.99999999999983,424.00000000000216,-391.9999999999959,-104.99999999999955,-478.0000000000006,253.99999999999866,-421.99999999998903,758.0000000000031,522.9999999999957,468.00000000000176,901.9999999999868,356.00000000000074,-1164.9999999999939,-474.0000000000189,489.0000000000043,-824.999999999998,-519.0000000000028,473.99999999999665,,403.99999999999426
2018.06.05,0.0,180.99999999998673,424.00000000000216,-367.00000000000443,-116.00000000000499,-536.9999999999986,198.00000000000927,-468.9999999999861,873.0000000000016,512.9999999999968,466.00000000001086,883.9999999999861,362.00000000001785,-1149.0,-358.00000000001387,474.00000000000375,-883.9999999999959,-563.0000000000024,597.0000000000031,,529.0000000000116
2018.06.05,-4.000000000004,178.99999999999582,404.9999999999887,-382.000000000005,-120.00000000000898,-523.0000000000068,197.00000000000273,-446.9999999999974,845.0000000000068,497.000000000003,458.00000000000284,888.9999999999816,329.00000000000153,-1140.999999999992,-369.0000000000193,492.00000000000443,-888.9999999999953,-542.0000000000091,628.9999999999907,,502.9999999999403
2018.06.05,-1.0000000000065512,178.99999999999582,415.99999999999415,-429.00000000000205,-90.99999999999665,-529.0000000000017,207.00000000000162,-461.0000000000003,878.000000000001,510.99999999999477,436.9999999999985,948.9999999999839,373.00000000000114,-1146.0000000000025,-336.00000000000296,509.00000000000034,-918.999999999992,-563.0000000000024,653.999999999999,,637.9999999999632
2018.06.05,10.999999999994348,174.99999999999181,436.9999999999985,-477.99999999999443,-141.00000000001333,-573.0000000000013,198.00000000000927,-489.99999999999045,911.0000000000063,527.9999999999951,503.99999999999335,1032.999999999987,331.999999999999,-1168.9999999999977,-407.0000000000018,582.9999999999984,-918.999999999992,-578.0000000000007,626.9999999999998,,583.9999999999814
2018.06.05,29.999999999996696,168.99999999999693,431.99999999998795,-498.00000000000466,-141.00000000001333,-574.0000000000078,151.00000000001222,-510.99999999999477,911.0000000000063,515.9999999999942,486.00000000000864,1044.9999999999875,318.00000000001825,-1154.999999999995,-409.0000000000149,600.9999999999991,-911.9999999999906,-583.0000000000002,619.9999999999983,,495.99999999998477
2018.06.05,27.999999999994696,165.9999999999995,446.9999999999974,-543.9999999999969,-168.99999999999693,-561.0000000000003,151.9999999999966,-519.9999999999872,917.0000000000011,526.0000000000042,522.0000000000002,1120.999999999981,309.0000000000037,-1139.0000000000011,-355.0000000000164,656.0000000000059,-889.9999999999908,-547.0000000000086,642.9999999999936,,761.9999999999794
2018.06.05,3.999999999992898,167.9999999999904,428.00000000000614,-447.9999999999933,-127.00000000001043,-561.0000000000003,181.9999999999933,-478.0000000000006,814.9999999999991,514.9999999999987,469.0000000000083,984.9999999999852,335.00000000001864,-991.0000000000085,-391.000000000008,555.0000000000068,-810.9999999999951,-580.0000000000027,515.9999999999832,,584.9999999999637
2018.06.05,19.999999999997797,187.00000000000384,381.99999999999346,-462.99999999999386,-97.9999999999981,-572.0000000000058,181.9999999999933,-451.99999999998573,803.0000000000092,492.999999999999,452.00000000000796,951.9999999999982,311.0000000000168,-1005.9999999999958,-478.0000000000006,548.0000000000018,-803.9999999999936,-612.0000000000015,469.99999999999267,,315.00000000003917
2018.06.05,19.999999999997797,197.99999999998707,383.0,-447.9999999999933,-120.00000000000898,-600.0000000000006,188.9999999999947,-452.99999999999227,835.000000000008,499.000000000005,499.9999999999893,933.9999999999975,279.00000000000705,-1086.9999999999936,-557.0000000000075,549.0000000000066,-822.0000000000005,-633.0000000000058,458.9999999999872,,124.99999999997777
2018.06.05,22.999999999995246,180.0000000000024,387.000000000004,-462.0000000000033,-100.99999999999554,-602.999999999998,173.00000000000094,-456.9999999999963,822.0000000000005,490.999999999997,445.99999999999085,953.000000000003,313.00000000000773,-1031.000000000004,-543.0000000000045,549.0000000000066,-823.9999999999914,-651.0000000000016,444.9999999999843,,109.9999999999975
2018.06.05,29.000000000001247,241.99999999998667,367.0000000000062,-415.9999999999968,-110.00000000001009,-572.0000000000058,222.00000000001108,-446.9999999999974,769.0000000000085,515.9999999999942,541.9999999999981,879.9999999999955,273.0000000000121,-934.9999999999969,-501.0000000000181,519.0000000000055,-737.9999999999942,-602.0000000000025,404.9999999999887,,442.9999999999861
2018.06.05,58.000000000002494,248.00000000000378,347.0000000000084,-463.99999999999864,-93.99999999999409,-578.0000000000007,195.9999999999962,-458.00000000000284,772.000000000006,509.00000000000387,533.99999999999,911.0000000000014,267.0000000000172,-927.9999999999955,-544.0000000000111,546.999999999997,-729.9999999999973,-622.0000000000003,370.999999999988,,342.00000000001404
2018.06.05,66.99999999999484,188.9999999999947,390.0000000000015,-432.00000000000216,-103.00000000000864,-563.0000000000024,120.99999999999334,-512.0000000000014,812.0000000000016,500.00000000000045,466.00000000001086,918.9999999999827,307.00000000001285,-936.0000000000035,-436.00000000001415,528.0000000000058,-761.999999999996,-595.0000000000011,445.99999999999085,,405.99999999996004
2018.06.05,88.99999999999464,217.99999999998488,351.99999999999676,-454.9999999999983,-69.00000000000794,-529.0000000000017,120.99999999999334,-502.00000000000244,804.0000000000047,492.0000000000035,455.0000000000054,906.0000000000059,301.0000000000179,-934.9999999999969,-413.00000000001893,522.0000000000056,-756.9999999999966,-578.0000000000007,462.9999999999912,,484.99999999998073
2018.06.05,85.00000000000173,238.99999999998923,347.0000000000084,-453.00000000000296,-75.00000000000284,-472.00000000000574,146.00000000000168,-495.000000000001,786.0000000000089,500.00000000000045,493.99999999999443,901.9999999999868,293.0000000000099,-973.0000000000016,-423.0000000000178,524.0000000000009,-756.0000000000011,-487.0000000000041,458.9999999999872,,640.9999999999527
2018.06.05,107.00000000000153,241.00000000000233,313.00000000000773,-530.0000000000011,-56.99999999999594,-484.00000000000665,117.99999999999588,-482.999999999989,827.0,475.99999999999864,469.0000000000083,950.9999999999934,268.0000000000016,-1007.0000000000024,-359.0000000000204,573.9999999999981,-778.0000000000009,-526.0000000000042,546.000000000002,,665.9999999999887
2018.06.05,117.00000000000044,278.00000000000045,296.0000000000074,-522.9999999999961,-38.0000000000047,-453.99999999999886,144.99999999999514,-478.999999999985,753.9999999999991,488.999999999995,492.0000000000035,924.999999999983,270.00000000001467,-869.999999999993,-312.00000000000114,555.0000000000068,-690.9999999999972,-500.00000000000045,479.99999999999153,,934.0000000000207
2018.06.05,43.999999999999595,178.99999999999582,356.00000000000074,-438.99999999999295,-53.999999999998494,-545.0000000000066,140.99999999999113,-453.99999999999886,752.0000000000082,466.9999999999952,384.9999999999909,894.0000000000055,328.00000000001717,-890.9999999999974,-447.0000000000196,502.00000000000955,-742.9999999999936,-608.0000000000085,407.99999999998613,,274.99999999998397
2018.06.05,31.999999999998696,139.9999999999846,361.9999999999957,-427.99999999999727,-83.00000000001084,-545.0000000000066,120.00000000000898,-443.99999999999994,702.0000000000026,446.9999999999974,373.00000000000114,883.9999999999861,297.9999999999983,-804.9999999999891,-438.00000000000506,510.0000000000051,-671.9999999999948,-585.0000000000022,353.99999999998766,,221.99999999996072
2018.06.05,-53.00000000000304,48.99999999998794,485.0000000000021,-371.9999999999999,-190.00000000000128,-651.999999999997,144.0000000000108,-472.9999999999901,729.0000000000018,483.0000000000001,397.0000000000029,955.9999999999889,334.00000000001205,-829.9999999999974,-513.0000000000078,539.0000000000015,-712.0000000000015,-651.0000000000016,322.00000000000006,,-7.999999999991644
2018.06.05,-24.000000000001798,160.99999999998892,341.99999999999784,-397.99999999999613,-119.00000000000244,-631.9999999999992,215.99999999999397,-358.9999999999982,747.0000000000088,446.00000000000193,446.9999999999974,829.9999999999841,234.00000000000088,-1014.9999999999882,-672.0000000000059,512.0000000000005,-761.999999999996,-674.000000000008,347.9999999999928,,-372.0000000000287
2018.06.05,-79.00000000000685,102.00000000000209,397.0000000000029,-402.000000000001,-185.99999999999727,-631.9999999999992,228.00000000000597,-350.9999999999902,728.0000000000064,448.000000000004,459.99999999999375,894.0000000000055,226.99999999999943,-975.9999999999991,-589.0000000000173,558.0000000000069,-735.9999999999923,-626.9999999999998,374.999999999992,,-160.99999999998403
2018.06.05,-146.00000000000168,-14.000000000002899,567.0000000000064,-396.99999999999136,-248.00000000000378,-675.0000000000034,197.00000000000273,-439.99999999999596,658.0000000000031,485.99999999999756,388.9999999999949,1074.9999999999886,373.00000000000114,-717.9999999999964,-450.00000000001705,596.0000000000036,-661.9999999999959,-638.0000000000052,283.99999999999534,,236.99999999997965
2018.06.05,-195.00000000000074,-421.0000000000047,492.9999999999879,-325.9999999999934,-133.00000000000534,-633.0000000000058,-131.99999999999878,-310.9999999999946,558.9999999999984,178.00000000000037,-285.00000000000193,912.9999999999825,411.0000000000058,-689.9999999999907,-458.00000000000284,466.0000000000082,-669.9999999999928,-667.0000000000065,258.99999999998704,,-1642.000000000028
2018.06.05,-133.00000000000534,-350.00000000000585,383.0,-385.9999999999957,-26.999999999999247,-611.000000000006,-147.99999999999258,-273.9999999999965,552.0000000000081,143.00000000000423,-331.999999999999,861.9999999999948,392.9999999999989,-737.9999999999942,-563.0000000000024,444.0000000000026,-685.9999999999977,-711.000000000006,224.99999999998633,,-1957.0000000000055
2018.06.05,-246.99999999999721,-483.99999999999557,469.99999999999267,-337.99999999999386,79.00000000000685,-612.0000000000015,-117.99999999999588,-224.000000000002,491.0000000000081,121.99999999999989,-646.9999999999976,900.0000000000057,629.0000000000128,-680.9999999999983,-442.00000000000904,335.9999999999985,-807.9999999999976,-787.0000000000043,263.99999999999756,,-2096.999999999971
2018.06.05,-207.99999999999707,-546.000000000002,378.999999999996,-313.0000000000024,347.9999999999928,-531.0000000000036,-235.00000000000742,-180.0000000000024,463.0000000000023,9.999999999998899,-1090.9999999999975,771.9999999999914,829.0000000000131,-672.0000000000059,-381.0000000000091,141.00000000000534,-929.9999999999975,-873.0000000000016,295.99999999998516,,-2722.0000000000423
2018.06.05,-219.99999999999798,-263.00000000001324,228.00000000000597,-385.9999999999957,401.00000000000693,-470.00000000000375,60.99999999999994,-17.999999999984695,403.0000000000089,83.9999999999952,-792.9999999999993,694.9999999999932,692.0000000000038,-763.0000000000026,-448.000000000004,164.00000000000148,-900.9999999999962,-833.0000000000059,316.99999999998954,,-2049.9999999999986
2018.06.05,-201.00000000000674,-253.00000000001432,262.999999999991,-364.0000000000043,401.99999999999125,-445.0000000000065,43.999999999999595,-73.99999999999629,379.0000000000071,114.99999999999844,-781.9999999999939,703.000000000003,739.0000000000008,-639.9999999999961,-338.0000000000161,146.0000000000008,-850.9999999999907,-798.0000000000098,302.0000000000023,,-1653.0000000000405
2018.06.05,-180.0000000000024,-256.00000000001177,269.00000000000813,-332.9999999999984,446.9999999999974,-434.000000000001,12.999999999996348,-103.99999999999298,414.00000000000324,119.00000000000244,-846.9999999999977,674.0000000000066,799.0000000000164,-668.0000000000019,-304.00000000001535,91.99999999999875,-909.9999999999997,-816.0000000000056,342.9999999999822,,-1682.000000000015
2018.06.05,-97.00000000000264,-202.9999999999976,106.00000000000608,-262.00000000000045,543.999999999989,-399.0000000000049,-45.99999999999049,-41.000000000002146,428.00000000000614,31.999999999998696,-906.9999999999911,411.9999999999919,701.0000000000183,-784.9999999999912,-454.00000000002103,-24.999999999991473,-922.0000000000006,-836.0000000000034,330.9999999999924,,-2422.999999999995
2018.06.05,-73.00000000000084,-404.0000000000044,107.99999999999699,-253.0000000000001,473.99999999999665,-390.0000000000015,-275.9999999999874,-70.99999999999883,465.0000000000043,-99.00000000000463,-1073.9999999999973,404.9999999999869,619.9999999999983,-818.0000000000076,-426.9999999999996,13.00000000000523,-889.9999999999908,-776.00000000001,368.9999999999971,,-3097.0000000000173
2018.06.05,-85.00000000000173,-287.000000000015,177.99999999998929,-280.00000000000114,533.0000000000057,-404.99999999999983,-143.00000000000423,-124.99999999999733,439.0000000000005,29.999999999996696,-1002.9999999999983,510.9999999999957,784.0000000000069,-695.0000000000011,-360.0000000000048,-3.9999999999906777,-913.9999999999926,-836.0000000000034,324.9999999999975,,-2337.000000000018
2018.06.05,-9.00000000000345,-236.99999999999832,112.000000000001,-370.00000000000455,912.0000000000017,-313.00000000000773,-197.99999999998707,-153.00000000000313,372.0000000000057,12.000000000000899,-1424.000000000003,543.9999999999827,1134.0000000000127,-588.9999999999951,-261.0000000000001,-188.99999999999295,-1066.0000000000002,-975.0000000000036,312.00000000000114,,-2385.9999999999936
2018.06.05,76.99999999999375,-38.0000000000047,-5.999999999994898,-423.9999999999924,1018.9999999999922,-302.9999999999977,-117.99999999999588,-133.00000000000534,447.0000000000085,54.999999999993946,-1329.0000000000025,478.999999999985,1109.0000000000043,-707.9999999999975,-384.00000000000654,-207.9999999999984,-1135.9999999999925,-1046.0000000000025,319.0000000000026,,-2328.0000000000105
2018.06.05,0.0,-80.99999999999774,119.00000000000244,-399.0000000000009,653.999999999999,-343.00000000000443,-52.99999999999194,-167.00000000000603,418.0000000000073,121.00000000000443,-896.000000000008,586.9999999999891,848.0000000000043,-591.9999999999925,-302.0000000000023,8.000000000009777,-895.0000000000014,-843.0000000000049,288.99999999998374,,-1527.00000000001
2018.06.05,-165.9999999999995,-246.99999999999721,221.00000000000452,-278.99999999999636,689.9999999999907,-362.00000000000676,2.999999999997449,-75.99999999998718,347.0000000000084,88.99999999999464,-1157.000000000008,560.0000000000023,1023.0000000000183,-570.9999999999882,-205.00000000001074,-106.99999999999932,-989.9999999999909,-892.9999999999993,340.9999999999913,,-1778.999999999976
2018.06.05,-190.99999999999673,-266.999999999995,164.99999999999292,-212.99999999999386,685.9999999999866,-392.9999999999989,15.999999999993797,9.999999999998899,297.9999999999983,34.000000000000696,-1183.0000000000007,421.99999999999704,944.0000000000115,-587.9999999999885,-356.00000000000074,-155.00000000000114,-948.9999999999999,-931.0000000000041,251.99999999998556,,-2399.000000000014
2018.06.05,-353.99999999999875,-534.0000000000123,639.9999999999961,-81.00000000000307,512.0000000000014,-541.9999999999981,-28.999999999990145,-268.9999999999859,323.0000000000066,214.00000000000307,-1293.9999999999952,786.0000000000014,1357.0000000000082,-268.0000000000016,-33.00000000001635,-144.99999999999602,-1012.9999999999973,-1002.0000000000028,236.99999999999832,,-1494.9999999999825
2018.06.05,-375.9999999999986,-492.0000000000035,597.0000000000031,-152.00000000000102,529.999999999986,-519.9999999999983,41.000000000002146,-197.99999999998707,265.0000000000041,209.00000000000364,-1262.9999999999918,823.9999999999839,1320.00000000001,-242.00000000000887,-46.0000000000127,-100.99999999999909,-974.9999999999925,-987.0000000000045,211.99999999998997,,-1354.0000000000152
2018.06.05,-404.99999999999983,-587.0000000000042,692.9999999999881,-236.0000000000042,324.9999999999975,-568.0000000000018,-11.00000000000545,-259.9999999999936,282.0000000000045,219.99999999999798,-1117.9999999999968,1027.9999999999916,1211.0000000000066,-195.9999999999962,-23.00000000001745,96.00000000000364,-868.9999999999975,-907.0000000000023,193.99999999998306,,-1131.0000000000464
2018.06.05,-456.00000000000085,-719.000000000003,743.9999999999891,-180.99999999999739,293.99999999999426,-601.000000000007,-73.99999999999629,-249.99999999999466,272.00000000000557,170.00000000000347,-1242.999999999994,1016.9999999999959,1234.0000000000018,-187.99999999998818,-26.999999999999247,73.0000000000075,-881.9999999999939,-925.0000000000091,182.99999999999983,,-1558.9999999999861
2018.06.05,-412.9999999999967,-649.0000000000107,648.0000000000041,-257.000000000005,303.9999999999932,-575.0000000000033,-62.000000000006494,-205.99999999999508,246.00000000000176,146.00000000000168,-1167.9999999999914,1003.9999999999907,1127.0000000000114,-194.0000000000053,-102.00000000000209,126.00000000000477,-814.9999999999991,-899.0000000000053,139.00000000000023,,-1600.0000000000125
2018.06.05,-329.00000000000153,-604.0000000000045,584.9999999999911,-334.0000000000032,326.0000000000041,-534.0000000000011,-129.00000000000134,-241.00000000000233,280.00000000000244,126.99999999999933,-1133.9999999999907,1021.9999999999914,1070.0000000000155,-214.00000000000307,-101.00000000001774,171.00000000000648,-790.9999999999973,-864.0000000000092,151.9999999999966,,-1542.0000000000252
2018.06.05,-319.99999999999807,-550.000000000006,553.0000000000035,-301.9999999999925,367.0000000000062,-489.0000000000061,-90.99999999999665,-221.00000000000452,243.00000000000432,139.00000000000023,-1116.9999999999902,947.0000000000027,1075.0000000000036,-165.9999999999995,-28.000000000005798,118.99999999999977,-761.0000000000006,-830.0000000000085,160.99999999998892,,-1270.9999999999993
2018.06.05,-322.00000000000006,-575.0000000000144,581.9999999999936,-305.9999999999974,361.9999999999957,-517.0000000000008,-113.00000000000753,-246.99999999999721,260.00000000000466,144.99999999999514,-1149.0,985.99999999999,1105.0000000000005,-167.00000000000603,-54.0000000000207,126.00000000000477,-785.9999999999978,-865.0000000000047,146.99999999998602,,-1388.0000000000764
2018.06.05,-311.00000000000574,-604.0000000000045,594.0000000000057,-365.99999999999966,323.99999999999096,-502.00000000000244,-154.99999999999403,-272.00000000000557,286.00000000000847,131.99999999999878,-1133.0000000000061,1068.9999999999884,1077.0000000000168,-184.99999999999073,-3.0000000000196536,198.99999999999807,-775.9999999999989,-820.0000000000097,192.99999999999872,,-1253.0000000000314
2018.06.05,-351.99999999999676,-536.0000000000032,612.9999999999969,-352.99999999999443,262.999999999991,-453.0000000000034,-25.999999999992696,-261.9999999999845,221.99999999999997,93.99999999999409,-960.9999999999897,1110.99999999999,1028.0000000000066,-217.0000000000005,5.999999999994898,195.0000000000074,-752.9999999999926,-729.0000000000018,193.99999999998306,,-915.9999999999958
2018.06.06,-348.00000000000387,-678.0000000000008,594.99999999999,-393.99999999999125,290.9999999999968,-509.00000000000387,-164.00000000000858,-248.99999999998812,265.0000000000041,73.99999999999629,-1187.999999999989,1100.999999999999,1029.0000000000132,-251.00000000000122,-35.00000000000725,237.99999999999955,-748.9999999999997,-795.0000000000013,197.99999999998707,,-1569.0000000000089
2018.06.06,-350.00000000000585,-680.0000000000139,611.9999999999903,-414.0000000000015,297.9999999999983,-518.0000000000074,-182.99999999999983,-262.999999999991,282.99999999999994,95.00000000000064,-1198.0000000000102,1141.999999999996,1055.000000000006,-285.00000000000193,-71.00000000002105,240.99999999999966,-812.999999999997,-814.0000000000036,205.99999999999508,,-1657.0000000000678
2018.06.06,-336.9999999999984,-666.9999999999953,619.9999999999983,-438.0000000000024,279.99999999999136,-511.0000000000059,-185.99999999999727,-263.99999999999756,296.0000000000074,109.00000000000354,-1157.000000000008,1182.9999999999927,1060.0000000000164,-209.9999999999991,7.999999999985796,280.00000000000114,-783.9999999999958,-796.0000000000078,222.99999999999542,,-1291.000000000015
2018.06.06,-362.00000000000676,-696.0000000000077,649.999999999995,-405.9999999999917,268.0000000000016,-526.9999999999997,-181.9999999999933,-266.999999999995,292.9999999999988,109.99999999999899,-1177.9999999999902,1179.000000000002,1084.0000000000182,-217.0000000000005,6.999999999979245,263.9999999999958,-802.9999999999982,-811.0000000000061,229.99999999999687,,-1364.0000000000027
2018.06.06,-373.99999999999653,-739.0000000000008,679.9999999999917,-439.9999999999977,48.000000000003595,-558.9999999999984,-205.99999999999508,-282.9999999999888,357.00000000000733,107.99999999999699,-934.9999999999969,1251.0000000000048,863.0000000000138,-316.99999999998954,-21.00000000000435,433.9999999999975,-722.9999999999959,-697.0000000000032,275.9999999999874,,-1276.999999999964
2018.06.06,-367.0000000000062,-741.9999999999982,707.9999999999975,-465.999999999994,11.999999999989797,-539.0000000000006,-215.99999999999397,-319.0000000000026,340.00000000000693,127.99999999999478,-890.9999999999974,1311.9999999999834,857.0000000000189,-232.00000000000998,64.99999999998174,477.00000000000387,-666.9999999999953,-643.0000000000047,276.9999999999939,,-906.0000000000325
2018.06.06,-375.9999999999986,-784.0000000000069,702.9999999999869,-492.999999999995,21.999999999988695,-583.0000000000002,-245.0000000000063,-302.0000000000023,424.00000000000216,97.00000000000264,-960.9999999999897,1337.9999999999939,861.0000000000007,-424.00000000000216,-46.0000000000127,493.0000000000092,-791.9999999999927,-708.0000000000086,337.99999999999386,,-1438.0000000000368
2018.06.06,-402.00000000000233,-761.999999999996,692.9999999999881,-403.99999999999636,34.99999999998504,-578.0000000000007,-188.9999999999947,-263.99999999999756,413.0000000000078,102.00000000000209,-948.9999999999999,1221.0000000000036,866.0000000000113,-462.9999999999912,-51.000000000001044,415.00000000000625,-814.9999999999991,-714.0000000000035,363.0000000000022,,-1482.999999999976
2018.06.06,-417.0000000000007,-790.0000000000018,709.9999999999884,-465.0000000000034,42.999999999993044,-595.0000000000011,-195.9999999999962,-263.99999999999756,402.00000000000233,97.9999999999981,-998.9999999999943,1311.000000000007,887.9999999999999,-476.0000000000098,-100.0000000000112,454.9999999999983,-823.9999999999914,-731.0000000000039,298.9999999999826,,-1651.0000000000414
2018.06.06,-404.99999999999983,-768.0000000000131,713.0000000000081,-445.99999999999795,-9.000000000014552,-617.0000000000009,-188.9999999999947,-278.9999999999848,631.0000000000038,114.99999999999844,-897.9999999999987,1293.9999999999827,841.0000000000028,-878.000000000001,-113.00000000000753,478.00000000000864,-1071.9999999999952,-731.9999999999993,618.9999999999918,,-1715.0000000000118
2018.06.06,-394.00000000000546,-748.0000000000153,669.0000000000085,-468.9999999999941,24.999999999986144,-607.0000000000019,-184.99999999999073,-248.00000000000378,606.0000000000065,95.99999999999609,-919.0000000000032,1269.9999999999818,823.0000000000182,-865.999999999989,-151.00000000001222,469.99999999999886,-1052.9999999999927,-744.0000000000002,585.9999999999976,,-1839.000000000015
2018.06.06,-412.00000000000125,-750.0000000000063,675.0000000000034,-409.9999999999966,34.000000000000696,-663.999999999998,-160.99999999998892,-232.99999999999432,589.0000000000061,100.00000000000009,-930.999999999993,1209.9999999999795,843.0000000000159,-856.9999999999967,-280.0000000000136,420.0000000000017,-1056.9999999999968,-822.0000000000005,495.000000000001,,-2210.9999999999777
2018.06.06,-351.0000000000013,-740.0000000000073,666.9999999999953,-447.9999999999933,26.999999999999247,-648.9999999999995,-235.00000000000742,-296.9999999999917,653.0000000000035,99.00000000000463,-909.9999999999886,1245.0000000000045,821.000000000005,-906.0000000000068,-251.00000000000122,456.00000000000307,-1076.9999999999945,-797.0000000000033,548.9999999999995,,-2143.99999999998
2018.06.06,-351.99999999999676,-771.0000000000106,709.9999999999884,-438.0000000000024,-55.000000000005045,-692.9999999999992,-265.0000000000041,-339.99999999998477,692.0000000000038,110.99999999999443,-841.0000000000028,1281.9999999999823,781.0000000000094,-926.999999999989,-290.00000000001245,501.0000000000048,-1064.9999999999936,-798.0000000000098,534.9999999999966,,-2223.000000000031
2018.06.06,-287.9999999999994,-709.0000000000041,629.9999999999973,-515.0000000000006,-19.999999999997797,-670.9999999999993,-292.9999999999877,-336.9999999999873,746.0000000000023,90.99999999999665,-808.9999999999931,1283.9999999999918,718.0000000000186,-1038.99999999999,-356.00000000000074,537.9999999999967,-1095.999999999997,-795.0000000000013,571.9999999999948,,-2348.99999999996
2018.06.06,-275.000000000003,-677.0000000000165,600.0000000000006,-516.0000000000053,-22.999999999995246,-658.9999999999985,-273.9999999999965,-322.00000000000006,726.0000000000044,87.99999999999919,-766.0,1251.9999999999811,678.0000000000008,-1025.9999999999936,-370.00000000000364,540.0000000000063,-1056.0000000000014,-777.0000000000055,551.9999999999969,,-2305.00000000003
2018.06.06,-317.0000000000006,-768.9999999999975,676.9999999999943,-510.0000000000051,-95.00000000000064,-690.0000000000017,-309.99999999998806,-347.9999999999928,775.0000000000034,87.00000000000374,-785.9999999999978,1328.000000000003,692.0000000000038,-1082.9999999999895,-333.0000000000055,582.0000000000078,-1102.9999999999984,-764.0000000000091,617.9999999999852,,-2348.9999999999854
2018.06.06,-324.00000000000205,-760.0000000000051,669.9999999999928,-465.0000000000034,-86.0000000000083,-719.9999999999984,-289.9999999999903,-330.9999999999924,757.0000000000076,88.99999999999464,-787.9999999999887,1272.9999999999961,697.0000000000143,-1069.0000000000089,-415.0000000000098,540.9999999999968,-1100.9999999999964,-816.0000000000056,554.9999999999944,,-2583.0000000000123
2018.06.06,-375.0000000000031,-885.0000000000025,851.0000000000017,-536.9999999999919,-144.0000000000108,-848.9999999999998,-344.99999999999534,-448.000000000004,780.9999999999984,143.00000000000423,-866.9999999999956,1551.9999999999925,860.0000000000163,-961.9999999999961,-460.000000000016,635.9999999999957,-1137.9999999999945,-936.0000000000035,449.9999999999948,,-2673.0000000000095
2018.06.06,-268.99999999999704,-710.999999999995,669.0000000000085,-599.0000000000038,-48.000000000003595,-780.000000000003,-316.0000000000052,-394.00000000000546,702.0000000000026,124.00000000000189,-778.9999999999964,1423.0000000000018,738.0000000000164,-872.9999999999905,-558.0000000000141,620.0000000000045,-998.9999999999943,-916.0000000000057,322.9999999999844,,-2642.9999999999936
2018.06.06,-375.9999999999986,-853.0000000000149,1051.0000000000018,-710.9999999999985,39.999999999995595,-670.9999999999993,-312.00000000000114,-644.0000000000001,607.0000000000019,310.9999999999946,-1075.0000000000036,1977.0000000000039,1335.0000000000196,-347.9999999999928,243.99999999999977,647.9999999999961,-1050.999999999991,-836.0000000000034,472.9999999999901,,-190.9999999999999
2018.06.06,-324.9999999999975,-890.000000000013,1052.0000000000084,-652.9999999999916,75.99999999998718,-626.0000000000043,-417.0000000000007,-706.999999999991,586.0000000000088,290.9999999999968,-1171.9999999999952,1908.9999999999918,1379.000000000019,-218.99999999999142,348.9999999999993,579.9999999999983,-998.9999999999943,-807.0000000000022,451.99999999998573,,-140.9999999999862
2018.06.06,-274.00000000000756,-848.0000000000043,1001.0000000000074,-617.0000000000044,66.99999999999484,-619.0000000000028,-446.9999999999974,-712.9999999999859,660.000000000005,277.000000000005,-1107.999999999998,1807.9999999999927,1305.0000000000007,-364.00000000000875,293.99999999999426,557.0000000000022,-1037.9999999999945,-791.0000000000084,517.9999999999962,,-332.00000000001376
2018.06.06,-221.99999999999997,-771.0000000000106,869.0000000000086,-637.0000000000005,65.00000000000395,-587.9999999999997,-439.99999999999596,-649.999999999995,678.0000000000008,229.99999999999687,-1001.9999999999918,1691.0000000000025,1130.0000000000089,-487.99999999999955,181.9999999999933,576.9999999999982,-1007.9999999999978,-747.0000000000088,530.9999999999926,,-599.9999999999937
2018.06.06,-168.00000000000148,-930.0000000000086,1021.0000000000052,-703.000000000003,48.000000000003595,-597.9999999999985,-666.9999999999953,-861.999999999985,726.0000000000044,241.00000000000233,-1184.0000000000073,1936.000000000007,1309.0000000000045,-300.99999999999574,373.99999999998545,638.0000000000052,-1001.9999999999918,-748.0000000000042,525.999999999982,,-343.999999999991
2018.06.06,-102.99999999999754,-958.9999999999987,1153.9999999999884,-736.9999999999948,-137.00000000000932,-680.9999999999983,-783.0000000000003,-1066.9999999999957,845.0000000000068,319.99999999999807,-977.0000000000057,2122.9999999999905,1262.0000000000075,-275.000000000003,364.9999999999931,786.0000000000014,-954.9999999999948,-726.0000000000044,499.9999999999893,,-45.000000000027626
2018.06.06,-113.00000000000753,-964.0000000000093,1083.9999999999961,-721.0000000000036,-209.00000000001472,-658.9999999999985,-777.9999999999898,-987.9999999999889,802.0000000000027,263.99999999999756,-885.0000000000025,2024.000000000001,1086.000000000009,-286.99999999999284,314.99999999999864,820.999999999998,-847.9999999999932,-648.0000000000041,476.9999999999941,,-227.00000000000762
2018.06.06,12.999999999996348,-844.0000000000003,1120.9999999999943,-751.9999999999953,-194.0000000000053,-635.0000000000077,-824.9999999999868,-1170.9999999999886,908.0000000000088,370.9999999999991,-744.9999999999957,2102.99999999998,1147.000000000009,-263.99999999999756,427.99999999998397,838.0000000000081,-873.999999999997,-625.0000000000089,532.9999999999835,,532.9999999999803
2018.06.06,-24.999999999997247,-907.0000000000133,1187.999999999989,-763.0000000000052,-320.00000000000915,-682.0000000000048,-835.000000000008,-1190.9999999999866,908.0000000000088,382.00000000000455,-661.0000000000005,2187.999999999988,1089.0000000000066,-228.99999999999034,412.9999999999967,927.9999999999973,-814.9999999999991,-598.0000000000097,498.9999999999828,,568.9999999999498
2018.06.06,31.000000000003247,-877.0000000000166,1153.9999999999884,-789.0000000000015,-479.0000000000072,-707.000000000002,-880.9999999999984,-1221.9999999999898,980.0000000000031,373.99999999999653,-408.00000000000836,2180.000000000007,856.0000000000123,-341.99999999999784,301.99999999998005,1052.9999999999973,-734.9999999999968,-521.0000000000048,505.99999999998425,,474.999999999949
2018.06.06,-2.000000000002,-900.9999999999962,1114.9999999999993,-706.0000000000031,-714.0000000000147,-729.0000000000018,-862.0000000000072,-1147.9999999999934,1002.9999999999983,326.9999999999995,-129.00000000000134,2042.0000000000016,521.0000000000159,-496.00000000000756,166.99999999998383,1117.0000000000045,-579.9999999999916,-367.0000000000062,533.99999999999,,191.99999999996788
2018.06.06,-68.00000000000139,-841.0000000000028,1103.9999999999939,-668.9999999999969,-497.99999999999847,-728.0000000000064,-713.9999999999924,-1061.000000000001,943.000000000005,361.0000000000002,-337.0000000000095,1985.99999999999,772.0000000000172,-483.99999999999557,184.99999999999073,972.999999999999,-771.9999999999949,-533.0000000000057,530.9999999999926,,149.99999999998386
2018.06.06,-97.9999999999981,-948.0000000000155,1173.0000000000018,-608.9999999999947,-615.9999999999943,-770.000000000004,-780.000000000003,-1095.0000000000016,984.000000000007,341.0000000000024,-316.99999999998954,1990.9999999999854,720.0000000000095,-520.9999999999936,186.99999999998164,1004.0000000000049,-761.0000000000006,-502.00000000000244,556.0000000000009,,-61.00000000000409
2018.06.06,-361.0000000000002,-1032.0000000000107,1333.0000000000064,-566.0000000000025,-716.0000000000056,-748.9999999999997,-507.9999999999973,-937.9999999999944,841.0000000000028,407.0000000000018,-289.9999999999903,2115.9999999999854,809.9999999999997,-434.000000000001,461.99999999998465,1036.0000000000014,-744.9999999999957,-399.0000000000049,673.9999999999968,,940.9999999999762
2018.06.06,-253.0000000000032,-956.0000000000013,1228.0000000000068,-527.000000000001,-588.0000000000107,-700.0000000000006,-580.0000000000027,-968.9999999999976,884.000000000007,378.999999999996,-364.9999999999931,1957.9999999999984,821.000000000005,-486.999999999993,425.99999999999307,923.0000000000018,-806.999999999991,-432.0000000000102,688.9999999999841,,643.9999999999873
2018.06.06,-251.00000000000122,-954.0000000000103,1255.0000000000061,-615.9999999999997,-327.00000000001063,-612.0000000000015,-580.999999999987,-994.000000000006,851.0000000000017,397.0000000000029,-713.9999999999924,2088.9999999999986,1167.0000000000068,-384.00000000000654,675.9999999999877,817.9999999999978,-962.9999999999916,-501.000000000007,777.9999999999898,,1133.9999999999775
2018.06.06,-224.000000000002,-853.9999999999992,1113.0000000000084,-643.9999999999912,-263.99999999999756,-653.999999999999,-517.9999999999962,-887.9999999999999,896.000000000008,356.9999999999962,-669.9999999999928,1966.9999999999845,1059.00000000001,-617.0000000000009,374.999999999992,798.0000000000018,-1044.0000000000005,-602.0000000000025,750.9999999999906,,337.00000000000966
2018.06.06,-351.0000000000013,-958.9999999999987,1218.9999999999923,-584.0000000000032,-320.00000000000915,-705.0000000000001,-449.9999999999948,-844.9999999999847,864.0000000000092,368.9999999999971,-727.9999999999953,2013.0000000000052,1130.0000000000089,-617.0000000000009,404.9999999999887,789.0000000000015,-1088.0,-626.0000000000043,766.9999999999843,,282.99999999999477
2018.06.06,-285.9999999999974,-865.0000000000047,1255.0000000000061,-635.9999999999957,-225.99999999999287,-682.0000000000048,-446.9999999999974,-953.0000000000039,864.0000000000092,456.00000000000085,-736.0000000000033,2114.0000000000045,1286.0000000000093,-458.00000000000284,504.9999999999999,768.0000000000007,-1089.999999999991,-665.9999999999999,722.0000000000005,,925.0000000000381
2018.06.06,-190.99999999999673,-785.0000000000134,1211.999999999991,-700.9999999999934,-80.00000000001339,-622.0000000000003,-487.99999999999955,-1019.9999999999986,889.0000000000065,476.9999999999941,-828.0000000000065,2141.999999999996,1405.0000000000118,-425.0000000000087,591.9999999999925,719.9999999999989,-1147.9999999999934,-689.0000000000063,753.9999999999881,,1213.9999999999484
2018.06.06,-177.00000000000495,-765.0000000000157,1184.9999999999916,-712.0000000000033,-53.00000000001415,-590.0000000000016,-493.99999999999443,-1010.9999999999841,900.0000000000008,470.9999999999992,-841.0000000000028,2123.9999999999955,1402.0000000000143,-455.99999999998977,623.9999999999801,709.0000000000032,-1164.9999999999939,-670.000000000004,800.9999999999851,,1281.999999999961
2018.06.06,-121.00000000000443,-723.0000000000069,1095.0000000000016,-753.0000000000001,39.999999999995595,-577.0000000000052,-526.0000000000042,-990.000000000002,906.0000000000068,431.0000000000036,-905.0000000000002,2074.9999999999886,1392.0000000000155,-499.9999999999893,526.9999999999886,680.9999999999974,-1184.9999999999916,-717.000000000001,763.0000000000026,,912.9999999999955
2018.06.06,-158.0000000000026,-734.9999999999968,1097.999999999999,-722.999999999999,82.00000000000429,-577.0000000000052,-492.0000000000035,-949.9999999999842,889.0000000000065,426.00000000000415,-980.0000000000031,2043.0000000000064,1445.0000000000073,-517.9999999999962,531.9999999999991,629.0000000000049,-1232.9999999999952,-745.0000000000068,780.9999999999873,,814.0000000000261
2018.06.06,-197.00000000000273,-777.0000000000055,1126.999999999989,-766.0000000000053,62.99999999999084,-585.0000000000022,-479.0000000000072,-934.9999999999969,866.0000000000001,417.99999999999613,-1008.9999999999932,2126.0000000000045,1460.0000000000168,-495.000000000001,551.9999999999969,676.0000000000019,-1229.9999999999977,-745.0000000000068,781.9999999999939,,851.9999999999711
2018.06.06,-187.00000000000384,-819.0000000000142,1190.0000000000023,-778.9999999999964,112.99999999998533,-607.9999999999974,-533.99999999999,-1002.9999999999983,887.0000000000044,436.9999999999985,-1129.0000000000023,2211.999999999989,1602.9999999999989,-441.0000000000025,616.9999999999786,653.9999999999964,-1283.9999999999964,-805.0000000000001,757.999999999992,,881.9999999999446
2018.06.06,-158.99999999999804,-773.0000000000015,1154.999999999995,-787.9999999999967,192.99999999999872,-587.9999999999997,-524.9999999999977,-1004.9999999999892,904.0000000000048,441.99999999999795,-1174.0000000000084,2181.999999999988,1649.0000000000116,-468.00000000000176,611.9999999999903,609.0000000000089,-1331.9999999999998,-833.0000000000059,775.9999999999989,,876.9999999999959
2018.06.06,-148.0000000000037,-765.0000000000157,1168.9999999999977,-777.000000000001,129.99999999998568,-609.000000000004,-533.0000000000057,-1031.9999999999884,919.0000000000032,458.00000000000284,-1080.9999999999986,2181.999999999988,1594.0000000000066,-469.99999999999267,587.9999999999885,640.0000000000006,-1297.999999999999,-815.0000000000101,759.999999999983,,911.9999999999369
2018.06.06,-197.00000000000273,-799.0000000000164,1180.9999999999877,-757.000000000005,25.999999999992696,-582.0000000000048,-493.99999999999443,-984.9999999999915,902.0000000000028,422.9999999999956,-970.0000000000042,2171.9999999999973,1486.0000000000095,-506.0000000000064,625.9999999999932,689.9999999999977,-1249.9999999999955,-699.0000000000052,797.9999999999876,,1064.9999999999382
2018.06.07,-129.9999999999968,-790.0000000000018,1174.0000000000084,-727.9999999999944,51.000000000001044,-607.9999999999974,-577.0000000000052,-1045.9999999999914,925.0000000000091,443.99999999999994,-1024.0000000000027,2131.0,1509.0000000000048,-506.0000000000064,563.9999999999867,644.0000000000055,-1263.9999999999984,-767.0000000000066,795.9999999999967,,798.0000000000113
2018.06.07,-200.00000000000017,-818.0000000000076,1210.0,-719.9999999999989,28.000000000005798,-611.000000000006,-523.0000000000068,-1018.9999999999922,922.0000000000006,446.00000000000193,-1019.9999999999986,2165.999999999997,1526.0000000000052,-509.99999999998823,592.9999999999991,653.9999999999964,-1275.9999999999993,-764.0000000000091,801.9999999999916,,885.9999999999905
2018.06.07,-192.99999999999872,-852.0000000000083,1258.0000000000036,-728.9999999999992,22.999999999995246,-617.0000000000009,-564.000000000009,-1069.9999999999932,916.0000000000057,465.0000000000043,-1042.9999999999939,2228.999999999985,1575.9999999999995,-425.0000000000087,658.9999999999874,677.9999999999973,-1259.9999999999945,-755.0000000000057,800.9999999999851,,1096.999999999951
2018.06.07,-196.00000000000728,-870.9999999999995,1262.0000000000075,-740.9999999999997,12.999999999996348,-628.0000000000064,-574.9999999999922,-1063.9999999999982,908.0000000000088,458.9999999999983,-1055.9999999999902,2242.999999999995,1581.0000000000102,-412.9999999999967,638.9999999999895,692.0000000000073,-1249.9999999999955,-761.0000000000006,783.9999999999848,,1026.0000000000114
2018.06.07,-201.00000000000674,-866.9999999999956,1262.9999999999918,-700.9999999999934,43.999999999999595,-631.0000000000038,-564.9999999999933,-1061.000000000001,886.000000000009,460.00000000000483,-1093.999999999995,2204.0000000000077,1614.0000000000043,-367.99999999999056,635.9999999999922,641.0000000000053,-1246.9999999999982,-785.0000000000024,749.999999999984,,978.0000000000189
2018.06.07,-190.00000000000128,-875.0000000000035,1258.999999999988,-713.9999999999986,66.99999999999484,-636.0000000000032,-587.9999999999885,-1069.9999999999932,865.0000000000047,451.9999999999969,-1133.0000000000061,2210.9999999999845,1634.000000000002,-309.99999999998806,613.9999999999812,635.9999999999957,-1222.9999999999964,-808.0000000000088,693.9999999999947,,884.999999999955
2018.06.07,-219.00000000000253,-975.0000000000148,1357.9999999999925,-715.999999999994,14.999999999987246,-680.0000000000028,-644.0000000000001,-1130.9999999999932,872.0000000000061,461.0000000000003,-1191.9999999999932,2319.999999999993,1699.0000000000061,-241.00000000000233,657.9999999999808,671.0000000000065,-1222.000000000001,-827.0,675.9999999999877,,882.9999999999563
2018.06.07,-221.99999999999997,-991.0000000000085,1363.9999999999875,-731.9999999999993,-35.00000000000725,-716.0000000000056,-655.9999999999899,-1133.9999999999907,890.0000000000019,453.99999999999886,-1150.999999999991,2346.0000000000036,1651.0000000000025,-283.99999999999534,573.9999999999857,716.9999999999987,-1215.9999999999948,-842.0000000000094,649.999999999995,,666.9999999999822
2018.06.07,-261.0000000000001,-1046.999999999998,1427.0000000000005,-668.9999999999969,-19.00000000001345,-702.0000000000026,-658.9999999999874,-1151.9999999999975,838.0000000000055,465.0000000000043,-1242.999999999994,2341.9999999999845,1748.0000000000161,-181.00000000000892,691.9999999999815,656.0000000000059,-1211.999999999991,-828.0000000000065,639.9999999999961,,834.9999999999978
2018.06.07,-238.0000000000049,-961.0000000000118,1326.000000000005,-548.0000000000018,96.99999999999153,-640.0000000000073,-604.0000000000045,-1082.0000000000052,663.0000000000025,446.00000000000193,-1283.9999999999964,2087.9999999999936,1753.0000000000045,112.000000000001,703.9999999999935,490.0000000000091,-1028.9999999999911,-833.0000000000059,453.99999999999886,,913.9999999999727
2018.06.07,-231.99999999999886,-963.0000000000027,1358.999999999999,-608.9999999999947,89.99999999999008,-668.0000000000019,-614.0000000000034,-1117.9999999999968,758.9999999999985,468.9999999999972,-1273.9999999999973,2193.999999999988,1789.0000000000184,-34.000000000000696,680.9999999999983,540.9999999999968,-1144.0000000000007,-861.0000000000007,540.9999999999915,,905.9999999999806
2018.06.07,-219.99999999999798,-930.0000000000086,1336.0000000000039,-503.0000000000001,39.999999999995595,-614.0000000000034,-594.99999999999,-1109.9999999999889,692.0000000000038,475.0000000000032,-1170.9999999999886,2048.000000000002,1699.0000000000061,92.00000000000318,775.9999999999989,489.0000000000043,-1010.9999999999952,-763.0000000000026,515.9999999999832,,1246.0000000000282
2018.06.07,-219.00000000000253,-958.0000000000144,1353.000000000004,-531.9999999999965,51.99999999998539,-692.9999999999992,-626.9999999999998,-1126.0000000000048,736.0000000000033,468.9999999999972,-1222.9999999999964,2096.0000000000036,1739.0000000000016,25.00000000000835,615.9999999999943,504.0000000000049,-1076.9999999999945,-870.9999999999995,458.9999999999872,,722.9999999999823
2018.06.07,-172.00000000000549,-920.0000000000097,1310.9999999999955,-533.0000000000013,80.99999999999774,-651.999999999997,-652.9999999999925,-1141.9999999999986,730.0000000000084,460.00000000000483,-1211.999999999991,2051.9999999999927,1719.0000000000039,52.99999999999194,661.0000000000005,486.0000000000042,-1041.9999999999984,-835.000000000008,464.9999999999821,,856.9999999999798
2018.06.07,-261.0000000000001,-951.000000000013,1360.99999999999,-546.999999999997,69.9999999999923,-660.000000000005,-561.9999999999958,-1083.9999999999961,705.0000000000001,478.9999999999961,-1236.9999999999993,2121.9999999999854,1768.000000000014,38.0000000000047,706.999999999991,507.000000000005,-1083.9999999999961,-838.0000000000055,506.9999999999908,,1039.9999999999618
2018.06.07,-329.999999999997,-992.0000000000151,1384.9999999999918,-480.99999999999454,7.0000000000014495,-713.0000000000081,-513.0000000000078,-1027.0000000000002,684.0000000000068,470.00000000000375,-1204.000000000005,2073.0000000000073,1728.0000000000184,-1.0000000000065512,616.9999999999786,495.00000000000455,-1081.999999999994,-862.0000000000072,475.99999999998755,,729.999999999965
2018.06.07,-345.0000000000064,-1041.000000000003,1462.0000000000077,-521.9999999999914,8.999999999992347,-740.0000000000073,-539.0000000000006,-1088.0,687.0000000000043,493.99999999999443,-1276.0000000000105,2205.999999999989,1835.0000000000089,66.99999999999484,657.9999999999808,525.9999999999962,-1106.9999999999914,-905.0000000000002,454.9999999999832,,835.9999999999411
2018.06.07,-390.0000000000015,-1053.000000000015,1496.9999999999927,-516.9999999999959,2.999999999997449,-735.0000000000078,-499.9999999999893,-1068.0000000000023,668.0000000000019,512.9999999999968,-1279.9999999999923,2240.9999999999854,1866.000000000012,89.99999999999008,722.0000000000005,527.000000000001,-1113.9999999999927,-890.0000000000019,480.99999999999807,,1060.999999999977
2018.06.07,-373.00000000000114,-995.0000000000125,1472.0000000000066,-602.0000000000039,79.00000000000685,-729.9999999999973,-452.99999999999227,-1062.9999999999918,635.0000000000077,532.9999999999945,-1302.0000000000032,2311.9999999999836,1923.000000000008,157.00000000000713,699.9999999999895,543.0000000000064,-1105.999999999996,-937.00000000001,417.99999999998505,,1210.9999999999873
2018.06.07,-353.0000000000033,-1102.000000000003,1550.9999999999914,-617.0000000000044,139.00000000000023,-751.0000000000017,-591.0000000000082,-1164.9999999999939,596.0000000000076,522.0000000000002,-1524.9999999999986,2414.999999999992,2094.000000000018,363.0000000000022,756.9999999999854,513.9999999999958,-1088.9999999999955,-1007.0000000000024,313.99999999999204,,1064.999999999974
2018.06.07,-529.9999999999972,-1310.9999999999955,1686.999999999994,-569.9999999999932,60.99999999999994,-785.0000000000024,-553.9999999999878,-1092.000000000004,519.0000000000028,485.99999999999756,-1690.999999999998,2508.9999999999864,2178.000000000013,418.0000000000073,875.999999999988,528.0000000000058,-1107.999999999998,-996.000000000008,350.9999999999902,,976.0000000000011
2018.06.07,-529.0000000000017,-1361.0000000000123,1722.0000000000014,-469.99999999999886,87.99999999999919,-779.0000000000075,-607.0000000000019,-1123.9999999999916,528.0000000000063,478.9999999999961,-1793.0000000000002,2429.000000000002,2254.0000000000005,446.9999999999974,937.9999999999944,433.9999999999975,-1136.999999999999,-1008.0000000000089,366.999999999984,,877.9999999999561
2018.06.07,-584.0000000000067,-1303.0000000000098,1712.0000000000025,-513.0000000000052,137.9999999999937,-772.000000000006,-476.9999999999941,-1048.9999999999889,470.00000000000375,509.9999999999993,-1784.999999999992,2469.999999999999,2301.0000000000196,470.9999999999992,939.9999999999853,433.00000000000693,-1154.999999999995,-1034.0000000000016,353.0000000000033,,1126.0000000000132
2018.06.07,-567.0000000000064,-1269.000000000009,1655.0000000000064,-521.0000000000008,198.99999999999363,-723.0000000000069,-459.99999999999375,-1012.9999999999973,453.99999999999886,493.99999999999443,-1814.0000000000045,2417.000000000002,2307.0000000000146,456.9999999999963,977.99999999999,400.0000000000057,-1162.9999999999918,-1014.0000000000038,385.99999999999744,,1202.9999999999845
2018.06.07,-634.9999999999967,-1356.0000000000016,1688.0000000000007,-524.9999999999915,95.00000000000064,-755.0000000000057,-459.99999999999375,-966.0000000000002,419.00000000000273,458.00000000000284,-1794.0000000000066,2459.000000000003,2226.000000000017,469.0000000000083,949.9999999999842,472.0000000000084,-1105.999999999996,-981.0000000000097,363.9999999999866,,1022.0000000000128
2018.06.07,-651.999999999997,-1211.0000000000066,1638.0000000000061,-498.00000000000466,143.99999999998857,-753.0000000000036,-296.0000000000074,-896.9999999999923,422.00000000000017,515.9999999999942,-1675.0000000000043,2370.999999999981,2212.999999999998,365.99999999999966,881.9999999999828,418.99999999999693,-1166.0000000000005,-1014.9999999999992,390.0000000000015,,1197.9999999999327
2018.06.07,-712.0000000000015,-1113.0000000000084,1716.0000000000064,-543.9999999999969,86.99999999999264,-712.0000000000015,-116.99999999998934,-903.9999999999937,348.00000000000387,639.9999999999961,-1466.9999999999961,2513.0000000000055,2243.0000000000173,522.0000000000002,1090.9999999999975,493.0000000000092,-1084.9999999999916,-922.0000000000006,414.9999999999876,,2492.0000000000355
2018.06.07,-668.9999999999974,-1168.0000000000134,1697.9999999999995,-554.9999999999926,170.99999999998784,-714.0000000000035,-229.99999999999687,-936.9999999999878,394.00000000000546,590.0000000000016,-1654.0,2503.999999999991,2322.000000000002,470.9999999999992,1056.9999999999968,445.99999999999795,-1168.9999999999977,-983.0000000000006,429.99999999999704,,2003.999999999988
2018.06.07,-592.0000000000036,-804.0000000000047,1618.9999999999927,-617.0000000000044,181.9999999999933,-660.000000000005,22.999999999995246,-947.9999999999933,422.00000000000017,768.000000000002,-1201.0000000000077,2489.999999999981,2239.000000000013,432.9999999999945,1073.9999999999973,486.0000000000042,-1137.9999999999945,-923.0000000000072,468.00000000000176,,3320.9999999999554
2018.06.07,-641.0000000000027,-651.0000000000016,1741.999999999999,-596.0000000000036,119.00000000000244,-705.0000000000001,241.00000000000233,-1011.9999999999907,436.9999999999985,959.9999999999942,-913.9999999999926,2600.999999999999,2319.0000000000045,485.0000000000021,1146.9999999999868,512.0000000000005,-1156.9999999999968,-934.0000000000015,476.9999999999941,,4429.9999999999945
2018.06.07,-719.000000000003,-1034.0000000000016,1775.9999999999998,-587.9999999999939,-38.0000000000047,-768.9999999999975,-28.000000000005798,-960.0000000000053,372.0000000000057,724.0000000000024,-1175.9999999999993,2627.999999999986,2167.0000000000077,523.0000000000068,989.9999999999798,591.9999999999987,-1001.9999999999918,-889.0000000000065,357.99999999999164,,2926.999999999969
2018.06.07,-692.9999999999992,-872.0000000000061,1784.0000000000077,-566.9999999999931,53.999999999998494,-778.0000000000009,93.99999999999409,-990.000000000002,340.00000000000693,844.9999999999958,-1116.000000000006,2614.0000000000045,2298.0,655.9999999999899,1024.999999999987,531.9999999999965,-1032.999999999995,-984.000000000007,278.9999999999848,,3487.999999999956
2018.06.07,-687.9999999999998,-690.0000000000128,1699.0000000000061,-575.9999999999934,136.00000000000279,-772.000000000006,266.0000000000107,-914.9999999999991,322.00000000000006,902.9999999999983,-991.9999999999928,2528.9999999999964,2284.0000000000196,594.99999999999,923.9999999999915,483.0000000000041,-1067.9999999999911,-1035.0000000000082,258.99999999998704,,3664.0000000000045
2018.06.07,-614.0000000000034,-548.9999999999995,1567.9999999999916,-599.0000000000038,194.99999999998963,-690.0000000000017,303.0000000000088,-870.9999999999995,364.00000000000875,895.9999999999968,-886.9999999999934,2413.9999999999873,2188.0000000000123,453.99999999999886,947.9999999999933,463.99999999999864,-1092.9999999999995,-967.0000000000067,371.99999999999454,,3895.999999999973
2018.06.07,-650.0000000000061,-575.9999999999987,1601.000000000008,-528.9999999999964,390.9999999999858,-663.0000000000025,326.0000000000041,-865.0000000000047,309.0000000000037,904.0000000000048,-1181.0000000000098,2367.999999999995,2456.0000000000136,551.9999999999969,1041.9999999999873,283.00000000000125,-1203.9999999999939,-1074.0000000000082,363.0000000000022,,3852.9999999999823
2018.06.07,-555.0000000000055,-859.0000000000098,1730.9999999999936,-567.9999999999978,312.9999999999855,-712.0000000000015,-79.00000000000685,-1103.9999999999939,385.000000000002,817.9999999999965,-1442.00000000001,2555.999999999983,2538.000000000018,714.999999999999,1106.9999999999914,362.99999999999955,-1149.0,-1082.0000000000052,290.9999999999968,,3266.999999999935
2018.06.07,-599.0000000000051,-985.0000000000136,1692.0000000000045,-560.0000000000023,336.9999999999873,-670.000000000004,-144.99999999999514,-1011.9999999999907,301.0000000000068,705.0000000000001,-1642.00000000001,2502.999999999986,2515.0000000000005,773.0000000000015,1153.9999999999884,340.0000000000034,-1097.999999999999,-1043.000000000005,279.99999999999136,,2845.9999999999454
2018.06.07,-565.9999999999999,-938.0000000000166,1588.999999999996,-495.9999999999951,489.0000000000061,-575.0000000000033,-143.99999999998857,-951.9999999999973,236.99999999999832,656.000000000001,-1783.0000000000014,2316.0000000000027,2561.000000000013,815.0000000000101,1239.9999999999966,192.99999999999784,-1100.000000000001,-1028.0000000000066,302.0000000000023,,2816.000000000015
2018.06.07,-656.000000000001,-975.0000000000148,1608.9999999999939,-477.99999999999443,394.00000000000546,-565.0000000000044,-58.000000000002494,-861.999999999985,170.00000000000347,646.9999999999976,-1707.9999999999984,2317.0000000000073,2473.000000000014,838.9999999999898,1291.999999999982,239.00000000000432,-1029.9999999999975,-947.000000000009,319.999999999987,,3020.9999999999777
2018.06.07,-611.000000000006,-801.0000000000073,1526.9999999999895,-353.9999999999992,353.99999999998766,-524.9999999999977,51.000000000001044,-838.0000000000055,164.00000000000858,697.9999999999986,-1428.000000000007,2079.0000000000077,2320.000000000011,811.0000000000061,1264.9999999999827,170.0000000000017,-947.9999999999933,-867.0000000000067,322.9999999999844,,3389.9999999999573
2018.06.07,-755.0000000000057,-853.0000000000149,1593.0,-155.9999999999917,465.99999999998863,-563.9999999999978,194.0000000000053,-729.0000000000018,50.0000000000056,714.999999999999,-1642.00000000001,1915.9999999999968,2538.000000000018,902.0000000000028,1266.999999999996,-54.000000000002046,-1025.9999999999936,-997.0000000000034,258.99999999998704,,3123.999999999979
2018.06.07,-790.0000000000018,-904.0000000000159,1543.0000000000055,-204.9999999999983,458.9999999999872,-541.9999999999981,191.99999999999218,-641.999999999987,-41.9999999999976,644.0000000000001,-1702.0000000000034,1919.9999999999875,2465.000000000006,981.0000000000097,1246.9999999999982,-12.999999999991019,-931.9999999999995,-965.0000000000048,191.99999999999218,,2905.9999999999804
2018.06.07,-802.0000000000027,-947.000000000009,1570.0000000000048,-298.9999999999924,339.0000000000004,-592.0000000000036,165.9999999999995,-656.9999999999965,-4.999999999999449,636.9999999999986,-1591.9999999999934,2061.9999999999836,2354.000000000012,913.9999999999926,1169.9999999999823,137.00000000000045,-901.9999999999917,-943.000000000005,188.9999999999947,,2798.999999999974
2018.06.07,-768.000000000002,-933.000000000006,1519.999999999988,-301.00000000000193,380.9999999999869,-568.0000000000018,130.0000000000079,-645.999999999991,-4.999999999999449,607.0000000000019,-1629.9999999999982,2006.0000000000002,2341.9999999999995,903.0000000000093,1120.9999999999943,109.00000000000887,-898.9999999999942,-955.0000000000058,163.00000000000205,,2576.999999999998
2018.06.07,-741.9999999999982,-921.0000000000163,1496.0000000000084,-292.0000000000016,400.00000000000034,-561.0000000000003,107.00000000001265,-653.999999999999,13.00000000000745,595.9999999999966,-1644.000000000001,1972.9999999999848,2331.0000000000164,879.9999999999919,1145.9999999999804,93.00000000000352,-910.9999999999951,-943.000000000005,190.00000000000128,,2556.999999999987
2018.06.07,-755.0000000000057,-880.0000000000141,1428.9999999999914,-274.0000000000009,443.99999999999994,-533.0000000000057,168.0000000000126,-573.0000000000013,-7.0000000000014495,575.9999999999987,-1654.0,1879.9999999999955,2306.000000000008,818.0000000000076,1118.9999999999811,48.00000000000182,-934.0000000000015,-941.000000000003,219.99999999999798,,2456.999999999962
2018.06.07,-743.0000000000048,-892.0000000000039,1444.000000000001,-313.0000000000024,351.99999999999676,-573.0000000000013,140.99999999999113,-595.9999999999966,36.0000000000027,578.0000000000007,-1540.9999999999923,1937.9999999999882,2207.000000000003,763.0000000000026,1038.99999999999,138.9999999999958,-907.9999999999977,-926.0000000000045,204.99999999998852,,2349.9999999999573
2018.06.07,-763.9999999999981,-904.0000000000159,1424.9999999999875,-269.999999999996,306.9999999999906,-507.0000000000019,180.0000000000024,-553.0000000000035,-15.999999999993797,546.000000000002,-1475.000000000004,1872.9999999999905,2131.0000000000164,683.9999999999957,1045.9999999999914,131.00000000000023,-849.9999999999952,-804.0000000000047,205.99999999999508,,2385.9999999999586
2018.06.08,-753.0000000000036,-819.9999999999985,1418.0000000000082,-260.0000000000051,314.99999999999864,-536.0000000000032,239.00000000001143,-548.9999999999995,60.00000000000449,560.0000000000049,-1414.9999999999884,1852.0000000000039,2140.0000000000086,618.9999999999918,1073.9999999999973,97.99999999999898,-930.999999999993,-862.0000000000072,324.9999999999975,,2574.0000000000273
2018.06.08,-802.9999999999982,-836.9999999999989,1418.9999999999925,-280.00000000000114,341.99999999999784,-536.0000000000032,283.99999999999534,-486.999999999993,-5.999999999994898,558.9999999999984,-1462.0000000000077,1875.0,2172.000000000018,683.9999999999957,1061.000000000001,103.00000000000864,-928.9999999999909,-883.0000000000005,271.99999999998334,,2548.0000000000023
2018.06.08,-785.9999999999978,-892.0000000000039,1428.000000000007,-245.9999999999951,312.9999999999855,-534.0000000000011,200.00000000000017,-536.0000000000032,24.000000000001798,563.9999999999978,-1493.9999999999952,1842.9999999999893,2150.0000000000073,679.0000000000074,1095.999999999986,111.0000000000042,-917.9999999999966,-857.0000000000077,303.9999999999932,,2448.999999999979
2018.06.08,-768.000000000002,-895.0000000000014,1417.0000000000016,-269.999999999996,336.9999999999873,-507.9999999999973,168.99999999999693,-546.9999999999864,28.000000000005798,553.999999999999,-1530.9999999999934,1858.9999999999804,2161.0000000000127,696.999999999992,1147.9999999999934,111.0000000000042,-913.9999999999926,-834.0000000000014,324.9999999999975,,2539.0
2018.06.08,-758.9999999999985,-883.0000000000116,1401.999999999992,-197.00000000000273,346.9999999999862,-492.0000000000035,171.99999999999437,-539.999999999985,1.0000000000065512,551.9999999999969,-1524.9999999999986,1757.000000000005,2157.000000000009,751.9999999999972,1168.9999999999977,49.000000000006594,-875.999999999999,-819.0000000000031,302.0000000000023,,2568.999999999992
2018.06.08,-707.000000000002,-844.0000000000003,1375.9999999999995,-296.99999999999704,419.9999999999982,-441.99999999999795,146.00000000000168,-574.9999999999922,-7.0000000000014495,561.9999999999958,-1564.999999999994,1843.999999999994,2205.0000000000127,821.000000000005,1247.9999999999825,79.00000000000773,-864.9999999999935,-805.0000000000001,305.9999999999841,,2900.000000000003
2018.06.08,-702.0000000000026,-835.000000000008,1410.0000000000002,-316.99999999999307,418.9999999999916,-455.0000000000054,141.99999999999767,-617.9999999999852,9.999999999998899,588.9999999999951,-1560.000000000006,1907.999999999987,2248.0000000000055,835.000000000008,1267.9999999999802,97.99999999999898,-883.0000000000005,-824.0000000000025,305.9999999999841,,3038.999999999944
2018.06.08,-748.0000000000042,-873.0000000000126,1503.9999999999943,-378.0000000000001,350.00000000000585,-526.0000000000042,165.9999999999995,-652.9999999999925,55.000000000005045,632.9999999999947,-1519.0000000000036,2084.9999999999795,2289.0000000000077,801.0000000000073,1233.9999999999795,189.00000000000716,-934.0000000000015,-865.0000000000047,309.0000000000037,,3118.9999999999613
2018.06.08,-701.0000000000072,-849.9999999999952,1492.9999999999889,-393.99999999999125,356.9999999999851,-504.9999999999999,127.99999999999478,-700.999999999996,60.00000000000449,643.0000000000047,-1492.9999999999889,2088.9999999999986,2286.0000000000105,842.9999999999937,1266.999999999996,195.0000000000074,-905.0000000000002,-845.0000000000068,303.9999999999932,,3270.999999999992
2018.06.08,-731.0000000000039,-877.0000000000166,1465.9999999999895,-319.0000000000026,404.9999999999887,-497.99999999999847,139.00000000000023,-634.0000000000013,-7.9999999999968985,604.0000000000045,-1598.0000000000105,1971.0000000000036,2307.0000000000146,893.0000000000105,1244.0000000000007,106.99999999999932,-883.0000000000005,-872.0000000000061,251.00000000000122,,2966.999999999976
2018.06.08,-718.0000000000075,-846.0000000000134,1441.9999999999877,-375.0,429.99999999999704,-475.99999999999864,147.99999999999258,-629.9999999999973,-13.999999999991797,607.0000000000019,-1591.000000000009,2007.000000000005,2302.000000000004,906.9999999999911,1262.9999999999918,132.000000000005,-875.999999999999,-861.0000000000007,254.999999999983,,3105.9999999999413
2018.06.08,-734.0000000000014,-877.0000000000166,1442.9999999999943,-361.0000000000042,407.99999999998613,-516.0000000000053,141.99999999999767,-607.9999999999864,-12.000000000000899,585.9999999999976,-1600.0000000000014,1995.0000000000045,2280.0000000000155,878.000000000001,1166.0000000000005,135.99999999999568,-875.999999999999,-899.0000000000053,214.00000000000307,,2764.999999999975
2018.06.08,-702.0000000000026,-802.0000000000139,1383.000000000001,-334.0000000000032,485.99999999998647,-450.00000000000597,173.00000000000094,-588.9999999999951,-86.99999999999264,590.999999999997,-1608.9999999999939,1897.9999999999961,2296.000000000009,1001.9999999999918,1242.999999999994,64.00000000000716,-806.999999999991,-863.0000000000026,173.99999999998528,,3066.999999999968
2018.06.08,-748.9999999999997,-836.0000000000146,1432.9999999999955,-280.00000000000114,417.0000000000007,-468.00000000000176,201.99999999999108,-583.9999999999845,-93.99999999999409,605.9999999999955,-1561.9999999999968,1890.9999999999911,2276.0000000000114,1005.0000000000115,1268.9999999999868,67.99999999999784,-793.9999999999947,-842.0000000000094,190.00000000000128,,3147.9999999999864
2018.06.08,-736.9999999999987,-866.0000000000113,1432.9999999999955,-281.9999999999965,448.9999999999883,-484.00000000000665,158.99999999999804,-594.0000000000057,-78.99999999999574,587.0000000000042,-1642.00000000001,1890.9999999999911,2313.0000000000095,1001.0000000000074,1225.9999999999939,49.99999999999716,-824.999999999998,-887.0000000000044,165.9999999999995,,2878.999999999957
2018.06.08,-750.0000000000063,-927.9999999999955,1503.9999999999943,-233.0000000000041,404.9999999999887,-523.0000000000068,113.00000000000753,-648.9999999999885,-80.99999999999774,597.9999999999985,-1663.9999999999989,1909.9999999999966,2354.000000000012,1070.9999999999998,1244.999999999985,40.99999999999682,-800.9999999999961,-901.0000000000074,123.99999999999079,,2834.9999999999673
2018.06.08,-697.9999999999986,-887.0000000000156,1483.9999999999964,-275.99999999999625,462.0000000000068,-514.0000000000033,86.99999999999264,-693.9999999999947,-46.00000000000159,610.9999999999949,-1685.0000000000032,1937.9999999999882,2392.0000000000164,1051.0000000000018,1233.9999999999795,37.9999999999967,-840.9999999999917,-929.000000000002,133.99999999998968,,2860.999999999956
2018.06.08,-702.9999999999981,-924.0000000000136,1499.9999999999902,-239.00000000000432,465.0000000000043,-551.0000000000015,51.000000000001044,-702.0000000000026,-62.99999999999084,595.9999999999966,-1740.9999999999925,1912.9999999999825,2421.0000000000064,1106.000000000007,1163.9999999999873,7.000000000005002,-823.9999999999914,-980.0000000000031,52.99999999999194,,2548.9999999999736
2018.06.08,-641.9999999999982,-870.0000000000152,1234.0000000000018,-209.99999999999375,556.9999999999853,-492.999999999999,25.00000000000835,-514.9999999999987,-191.99999999999218,436.9999999999985,-1790.0000000000027,1586.999999999989,2181.000000000011,1123.0000000000073,923.9999999999915,-75.00000000000284,-662.9999999999914,-973.0000000000016,-113.00000000000753,,1531.9999999999895
2018.06.08,-704.0000000000047,-841.0000000000028,1222.9999999999964,-76.99999999999818,625.9999999999932,-423.0000000000067,137.9999999999937,-428.00000000000614,-300.99999999999574,448.9999999999994,-1845.999999999992,1419.9999999999875,2251.000000000003,1235.0000000000084,1076.9999999999945,-221.9999999999942,-634.0000000000013,-930.0000000000086,-95.00000000000064,,1917.9999999999652
2018.06.08,-743.0000000000048,-809.0000000000152,1208.9999999999934,42.00000000000159,663.999999999998,-413.0000000000078,219.99999999999798,-370.999999999988,-339.99999999999585,460.00000000000483,-1859.999999999995,1263.9999999999816,2279.0000000000086,1234.0000000000018,1085.999999999987,-338.99999999999864,-651.0000000000016,-942.0000000000095,-90.00000000001229,,1899.9999999999463
2018.06.08,-634.9999999999967,-995.0000000000125,1249.9999999999955,7.999999999995566,629.9999999999973,-479.0000000000072,-106.99999999999044,-536.0000000000032,-157.99999999999147,368.9999999999971,-2052.0000000000095,1349.9999999999943,2287.000000000017,1083.0000000000118,980.9999999999875,-289.99999999999204,-754.9999999999945,-1006.0000000000069,-49.00000000001015,,895.9999999999811
2018.06.08,-668.0000000000019,-724.0000000000135,1085.999999999987,64.00000000000716,733.0000000000059,-374.0000000000077,201.00000000000674,-340.9999999999913,-336.9999999999984,419.9999999999982,-1841.0000000000036,1102.9999999999802,2199.0000000000177,1188.0000000000114,997.9999999999878,-399.9999999999915,-626.9999999999998,-941.000000000003,-114.99999999999844,,1623.9999999999932
2018.06.08,-575.0000000000033,-727.0000000000109,1086.9999999999936,100.99999999999909,800.0000000000007,-373.00000000000114,76.99999999999375,-444.9999999999843,-349.99999999999477,419.9999999999982,-1932.0000000000005,1061.000000000007,2278.0000000000023,1357.9999999999925,1004.9999999999892,-471.00000000000364,-571.9999999999948,-983.0000000000006,-226.00000000001506,,1532.9999999999673
2018.06.08,-507.0000000000019,-738.0000000000164,1113.9999999999927,100.99999999999909,817.9999999999854,-440.00000000000705,-25.00000000000835,-551.9999999999969,-325.99999999999295,432.9999999999945,-1971.999999999996,1090.0000000000034,2334.999999999998,1453.9999999999998,883.9999999999959,-483.99999999999466,-546.9999999999975,-1087.0000000000045,-370.00000000000364,,1180.999999999949
2018.06.08,-514.9999999999987,-829.0000000000131,1095.0000000000016,108.00000000000409,773.0000000000015,-443.0000000000045,-103.99999999999298,-522.9999999999845,-295.99999999999625,358.9999999999982,-2031.000000000005,1057.9999999999927,2256.0000000000136,1349.0000000000002,850.9999999999795,-459.0000000000032,-563.9999999999978,-1059.00000000001,-319.0000000000026,,706.9999999999824
2018.06.08,-506.0000000000064,-809.9999999999997,968.9999999999976,135.99999999999568,740.9999999999917,-475.0000000000032,-96.00000000000719,-412.9999999999967,-275.99999999999847,278.9999999999959,-1960.9999999999905,890.9999999999911,2054.0000000000005,1157.9999999999923,588.9999999999951,-459.99999999999375,-554.9999999999944,-1078.0000000000011,-353.0000000000033,,-166.00000000003445
2018.06.08,-380.00000000000256,-575.9999999999987,808.9999999999931,165.00000000000625,775.9999999999989,-373.00000000000114,-32.999999999994145,-400.9999999999847,-273.9999999999965,314.0000000000032,-1703.9999999999943,680.0000000000068,1886.00000000001,1147.000000000009,612.9999999999969,-501.99999999999534,-456.9999999999963,-968.0000000000022,-326.0000000000041,,396.0000000000538
2018.06.08,-317.0000000000006,-652.0000000000082,818.0000000000076,91.99999999999875,665.0000000000044,-443.0000000000045,-198.99999999999363,-489.0000000000061,-95.99999999999609,271.9999999999945,-1655.999999999991,778.9999999999964,1770.000000000005,896.000000000008,459.99999999999375,-375.99999999999056,-539.0000000000006,-982.0000000000051,-252.0000000000078,,-248.99999999999574
2018.06.08,-379.0000000000071,-621.0000000000049,922.0000000000006,6.000000000000227,510.99999999999477,-483.0000000000001,-83.9999999999952,-516.0000000000053,-42.999999999993044,366.9999999999951,-1408.9999999999936,991.9999999999902,1723.000000000008,815.0000000000101,509.99999999998823,-209.99999999999375,-561.0000000000003,-927.0,-167.00000000000603,,445.9999999999876
2018.06.08,-297.00000000000284,-734.9999999999968,988.9999999999955,-60.000000000002274,380.00000000000256,-531.0000000000036,-304.9999999999997,-679.9999999999917,50.0000000000056,343.00000000000443,-1357.9999999999925,1145.9999999999866,1638.0000000000061,835.9999999999923,487.99999999999955,-137.00000000000045,-496.99999999999187,-887.9999999999999,-195.9999999999962,,186.00000000001484
2018.06.08,41.9999999999976,-300.00000000001137,909.9999999999886,-75.00000000000284,641.0000000000027,-475.99999999999864,-326.0000000000041,-997.0000000000034,304.00000000000426,570.9999999999993,-1164.9999999999939,1072.0000000000027,1862.0000000000082,842.0000000000094,505.99999999998425,-234.99999999999943,-631.9999999999992,-1009.9999999999998,-187.00000000000384,,1346.9999999999804
2018.06.08,-113.00000000000753,-575.0000000000144,1129.0000000000023,-117.00000000000443,434.9999999999854,-497.99999999999847,-364.9999999999931,-1004.9999999999892,185.00000000000182,551.0000000000015,-1191.0000000000086,1376.0000000000048,1852.000000000009,1001.0000000000074,692.9999999999881,-30.000000000001137,-524.9999999999977,-892.0000000000039,-175.99999999999838,,1734.9999999999836
2018.06.08,-55.000000000005045,-480.00000000001376,1021.0000000000052,-76.99999999999818,482.999999999989,-485.0000000000021,-375.9999999999986,-994.9999999999903,212.00000000000108,532.9999999999945,-1188.9999999999957,1199.9999999999886,1817.000000000002,916.99999999999,641.999999999987,-129.99999999999545,-554.9999999999944,-911.0000000000063,-157.00000000000713,,1414.9999999999502
2018.06.08,-124.00000000000189,-575.0000000000144,1112.0000000000018,-30.000000000001137,353.0000000000033,-467.0000000000063,-375.9999999999986,-1004.9999999999892,155.00000000000514,546.000000000002,-1130.9999999999932,1241.9999999999902,1785.0000000000143,1032.999999999995,814.999999999988,-78.99999999999352,-461.99999999999574,-795.0000000000013,-119.00000000000244,,1878.000000000002
2018.06.08,-257.0000000000072,-679.0000000000074,1096.9999999999925,70.00000000000739,269.9999999999925,-572.0000000000058,-302.0000000000023,-828.9999999999909,191.00000000000784,461.99999999999574,-1160.9999999999898,1108.9999999999804,1667.0000000000184,761.999999999996,546.9999999999864,-105.00000000000398,-559.9999999999939,-870.0000000000041,-102.00000000000209,,737.99999999997
2018.06.08,-190.00000000000128,-707.0000000000132,1072.0000000000064,-33.999999999991815,187.99999999998818,-553.0000000000035,-421.0000000000047,-885.9999999999868,208.00000000000819,422.9999999999956,-1083.9999999999961,1203.000000000003,1539.0000000000014,767.9999999999909,557.9999999999918,31.999999999996476,-468.9999999999972,-787.9999999999998,-104.00000000001519,,754.9999999999723
2018.06.08,-192.00000000000327,-729.0000000000018,1178.9999999999968,-21.99999999999136,163.00000000000205,-602.0000000000025,-441.99999999998687,-988.9999999999955,236.99999999999832,487.99999999999955,-1085.0000000000027,1305.9999999999832,1651.0000000000025,869.0000000000086,591.9999999999925,34.99999999999659,-478.9999999999961,-836.0000000000034,-151.00000000001222,,992.9999999999845
2018.06.08,-109.00000000000354,-700.999999999996,1149.0,-99.99999999999432,181.9999999999933,-629.0000000000018,-522.0000000000002,-1052.9999999999927,304.00000000000426,483.99999999999557,-1069.0000000000089,1366.9999999999902,1629.9999999999982,821.000000000005,478.0000000000006,85.99999999999852,-495.9999999999964,-881.0000000000095,-188.00000000001037,,752.9999999999719
2018.06.08,-219.00000000000253,-778.000000000012,1174.0000000000084,-75.00000000000284,156.00000000000057,-607.9999999999974,-452.00000000000796,-951.9999999999973,231.99999999999886,451.0000000000014,-1140.0000000000077,1362.9999999999995,1636.0000000000152,827.0,566.9999999999842,81.00000000000307,-495.9999999999964,-839.0000000000009,-139.00000000000023,,788.9999999999866
2018.06.08,-246.99999999999721,-811.0000000000061,1194.9999999999905,-48.99999999999238,11.999999999989797,-660.000000000005,-443.99999999999994,-940.9999999999918,230.000000000008,446.00000000000193,-987.0000000000045,1356.9999999999993,1490.0000000000136,808.9999999999931,471.9999999999835,156.0000000000059,-410.9999999999947,-804.0000000000047,-188.00000000001037,,624.9999999999789
2018.06.08,-279.00000000000705,-775.9999999999989,1112.0000000000018,-3.0000000000001137,82.00000000000429,-631.9999999999992,-367.99999999999056,-821.9999999999894,169.00000000000804,407.99999999999727,-1031.9999999999884,1207.9999999999984,1463.0000000000143,777.9999999999898,422.9999999999956,75.00000000000284,-414.9999999999987,-818.0000000000076,-199.00000000001583,,374.0000000000166
2018.06.08,-282.99999999999994,-814.0000000000036,1109.0000000000043,-21.000000000000796,28.000000000005798,-628.0000000000064,-400.00000000000034,-812.999999999997,168.00000000000148,380.999999999998,-1008.9999999999932,1227.9999999999802,1396.0000000000196,770.000000000004,427.99999999998397,123.00000000000466,-376.99999999999403,-774.000000000008,-189.00000000001694,,322.99999999998147
2018.06.08,-285.00000000000193,-795.0000000000124,1143.9999999999895,-49.99999999999716,-48.000000000003595,-633.0000000000058,-377.0000000000051,-844.9999999999847,175.00000000000293,417.0000000000007,-883.9999999999959,1301.9999999999925,1356.0000000000016,802.9999999999982,459.99999999999375,195.0000000000074,-329.999999999997,-730.0000000000084,-187.00000000000384,,687.9999999999707
2018.06.08,-246.00000000000176,-784.0000000000069,1131.9999999999998,-25.99999999999625,-59.000000000009045,-633.0000000000058,-419.9999999999982,-878.000000000001,184.00000000000637,415.99999999999415,-855.9999999999901,1257.9999999999814,1321.0000000000166,825.9999999999934,441.99999999998687,183.00000000000693,-293.99999999999426,-719.000000000003,-217.0000000000005,,629.9999999999786
2018.06.08,-268.0000000000016,-727.9999999999953,1107.999999999998,-28.999999999996362,-56.000000000011596,-563.0000000000024,-333.9999999999899,-827.0,146.00000000000168,434.9999999999965,-784.0000000000069,1235.99999999999,1297.0000000000148,841.0000000000028,577.9999999999897,185.00000000000227,-270.99999999999903,-628.0000000000064,-137.00000000000932,,1200.999999999977
2018.06.08,-287.9999999999994,-746.0000000000023,1151.9999999999975,-64.99999999999773,-148.00000000001478,-562.0000000000069,-319.0000000000026,-844.9999999999847,147.00000000000824,453.0000000000034,-682.0000000000048,1324.9999999999886,1246.0000000000139,844.0000000000003,637.9999999999831,268.0000000000007,-221.99999999999997,-563.0000000000024,-107.99999999999699,,1524.9999999999834
2018.06.08,-273.000000000001,-747.0000000000088,1139.0000000000011,-123.00000000000466,-147.00000000000824,-592.0000000000036,-323.99999999999096,-794.0000000000058,143.00000000000423,424.00000000000216,-724.9999999999978,1349.9999999999943,1210.0,811.9999999999905,621.9999999999892,295.0000000000017,-225.99999999999287,-521.0000000000048,-124.00000000001299,,1398.999999999952
